﻿<?xml version="1.0" encoding="utf-8"?>
<Flow Name="f8">
  <Paragraph>
    <Words Block="0" Page="41" />
  </Paragraph>
  <Paragraph>
    <Words Start="0" End="123" Block="1" Page="41" />
  </Paragraph>
  <Paragraph>
    <Words Start="124" End="179" Block="1" Page="41" />
  </Paragraph>
  <Paragraph>
    <Words Start="180" End="180" Block="1" Page="41" />
    <Words Start="0" End="142" Block="0" Page="42" />
  </Paragraph>
  <Paragraph>
    <Words Start="143" End="343" Block="0" Page="42" />
  </Paragraph>
  <Paragraph>
    <Words Start="344" End="344" Block="0" Page="42" />
  </Paragraph>
  <Paragraph>
    <Words Start="345" End="345" Block="0" Page="42" />
  </Paragraph>
  <Paragraph>
    <Words Start="346" End="355" Block="0" Page="42" />
    <Words Block="0" Page="43" />
    <Words Start="0" End="72" Block="0" Page="44" />
  </Paragraph>
  <Paragraph>
    <Words Start="73" End="83" Block="0" Page="44" />
  </Paragraph>
  <Paragraph>
    <Words Start="84" End="92" Block="0" Page="44" />
  </Paragraph>
  <Paragraph>
    <Words Start="93" End="111" Block="0" Page="44" />
  </Paragraph>
  <Paragraph>
    <Words Start="112" End="123" Block="0" Page="44" />
  </Paragraph>
  <Paragraph>
    <Words Start="124" End="294" Block="0" Page="44" />
  </Paragraph>
  <Paragraph>
    <Words Start="295" End="336" Block="0" Page="44" />
    <Words Start="0" End="121" Block="0" Page="45" />
  </Paragraph>
  <Paragraph>
    <Words Start="122" End="131" Block="0" Page="45" />
  </Paragraph>
  <Paragraph>
    <Words Start="132" End="136" Block="0" Page="45" />
  </Paragraph>
  <Paragraph>
    <Words Start="137" End="138" Block="0" Page="45" />
  </Paragraph>
  <Paragraph>
    <Words Start="139" End="150" Block="0" Page="45" />
  </Paragraph>
  <Paragraph>
    <Words Block="1" Page="45" />
    <Words Start="0" End="11" Block="0" Page="46" />
  </Paragraph>
  <Paragraph>
    <Words Start="12" End="274" Block="0" Page="46" />
  </Paragraph>
  <Paragraph>
    <Words Start="275" End="355" Block="0" Page="46" />
    <Words Start="0" End="177" Block="0" Page="47" />
  </Paragraph>
  <Paragraph>
    <Words Start="178" End="199" Block="0" Page="47" />
  </Paragraph>
  <Paragraph>
    <Words Start="200" End="350" Block="0" Page="47" />
    <Words Start="0" End="177" Block="0" Page="48" />
  </Paragraph>
  <Paragraph>
    <Words Start="178" End="190" Block="0" Page="48" />
  </Paragraph>
  <Paragraph>
    <Words Start="191" End="197" Block="0" Page="48" />
  </Paragraph>
  <Paragraph>
    <Words Start="198" End="211" Block="0" Page="48" />
  </Paragraph>
  <Paragraph>
    <Words Start="212" End="216" Block="0" Page="48" />
  </Paragraph>
  <Paragraph>
    <Words Start="217" End="225" Block="0" Page="48" />
  </Paragraph>
  <Paragraph>
    <Words Start="226" End="301" Block="0" Page="48" />
  </Paragraph>
  <Paragraph>
    <Words Start="302" End="311" Block="0" Page="48" />
  </Paragraph>
  <Paragraph>
    <Words Start="312" End="320" Block="0" Page="48" />
  </Paragraph>
  <Paragraph>
    <Words Start="0" End="12" Block="0" Page="49" />
  </Paragraph>
  <Paragraph>
    <Words Start="13" End="19" Block="0" Page="49" />
  </Paragraph>
  <Paragraph>
    <Words Start="20" End="24" Block="0" Page="49" />
  </Paragraph>
  <Paragraph>
    <Words Start="25" End="31" Block="0" Page="49" />
  </Paragraph>
  <Paragraph>
    <Words Start="32" End="58" Block="0" Page="49" />
  </Paragraph>
  <Paragraph>
    <Words Start="59" End="116" Block="0" Page="49" />
  </Paragraph>
  <Paragraph>
    <Words Start="117" End="211" Block="0" Page="49" />
  </Paragraph>
  <Paragraph>
    <Words Start="212" End="224" Block="0" Page="49" />
  </Paragraph>
  <Paragraph>
    <Words Start="225" End="228" Block="0" Page="49" />
  </Paragraph>
  <Paragraph>
    <Words Start="229" End="229" Block="0" Page="49" />
  </Paragraph>
  <Paragraph>
    <Words Block="1" Page="49" />
    <Words Start="0" End="21" Block="0" Page="50" />
  </Paragraph>
  <Paragraph>
    <Words Start="22" End="32" Block="0" Page="50" />
  </Paragraph>
  <Paragraph>
    <Words Start="33" End="41" Block="0" Page="50" />
  </Paragraph>
  <Paragraph>
    <Words Start="42" End="70" Block="0" Page="50" />
  </Paragraph>
  <Paragraph>
    <Words Start="71" End="298" Block="0" Page="50" />
  </Paragraph>
  <Paragraph>
    <Words Start="299" End="362" Block="0" Page="50" />
    <Words Start="0" End="149" Block="0" Page="51" />
  </Paragraph>
  <Paragraph>
    <Words Start="150" End="302" Block="0" Page="51" />
  </Paragraph>
  <Paragraph>
    <Words Start="303" End="356" Block="0" Page="51" />
  </Paragraph>
  <Paragraph>
    <Words Block="0" Page="52" />
  </Paragraph>
  <Paragraph>
    <Words Start="0" End="130" Block="1" Page="52" />
  </Paragraph>
  <Paragraph>
    <Words Start="131" End="255" Block="1" Page="52" />
    <Words Block="0" Page="53" />
    <Words Block="1" Page="53" />
    <Words Block="2" Page="53" />
    <Words Block="3" Page="53" />
  </Paragraph>
  <Paragraph>
    <Words Start="0" End="12" Block="4" Page="53" />
  </Paragraph>
  <Paragraph>
    <Words Start="13" End="21" Block="4" Page="53" />
  </Paragraph>
  <Paragraph>
    <Words Start="22" End="32" Block="4" Page="53" />
  </Paragraph>
  <Paragraph>
    <Words Start="33" End="205" Block="4" Page="53" />
  </Paragraph>
  <Paragraph>
    <Words Start="206" End="335" Block="4" Page="53" />
  </Paragraph>
  <Paragraph>
    <Words Start="336" End="336" Block="4" Page="53" />
    <Words Start="0" End="20" Block="0" Page="54" />
  </Paragraph>
  <Paragraph>
    <Words Start="21" End="51" Block="0" Page="54" />
  </Paragraph>
  <Paragraph>
    <Words Start="52" End="57" Block="0" Page="54" />
  </Paragraph>
  <Paragraph>
    <Words Start="58" End="69" Block="0" Page="54" />
  </Paragraph>
  <Paragraph>
    <Words Start="70" End="77" Block="0" Page="54" />
  </Paragraph>
  <Paragraph>
    <Words Start="78" End="86" Block="0" Page="54" />
  </Paragraph>
  <Paragraph>
    <Words Start="87" End="282" Block="0" Page="54" />
  </Paragraph>
  <Paragraph>
    <Words Start="283" End="289" Block="0" Page="54" />
  </Paragraph>
  <Paragraph>
    <Words Start="290" End="292" Block="0" Page="54" />
  </Paragraph>
  <Paragraph>
    <Words Start="293" End="335" Block="0" Page="54" />
    <Words Start="0" End="169" Block="0" Page="55" />
  </Paragraph>
  <Paragraph>
    <Words Start="170" End="180" Block="0" Page="55" />
  </Paragraph>
  <Paragraph>
    <Words Start="181" End="184" Block="0" Page="55" />
  </Paragraph>
  <Paragraph>
    <Words Start="185" End="187" Block="0" Page="55" />
  </Paragraph>
  <Paragraph>
    <Words Start="188" End="193" Block="0" Page="55" />
  </Paragraph>
  <Paragraph>
    <Words Start="194" End="198" Block="0" Page="55" />
  </Paragraph>
  <Paragraph>
    <Words Start="199" End="203" Block="0" Page="55" />
  </Paragraph>
  <Paragraph>
    <Words Start="204" End="220" Block="0" Page="55" />
  </Paragraph>
  <Paragraph>
    <Words Start="221" End="240" Block="0" Page="55" />
  </Paragraph>
  <Paragraph>
    <Words Start="241" End="254" Block="0" Page="55" />
  </Paragraph>
  <Paragraph>
    <Words Start="255" End="264" Block="0" Page="55" />
  </Paragraph>
  <Paragraph>
    <Words Start="265" End="272" Block="0" Page="55" />
  </Paragraph>
  <Paragraph>
    <Words Start="273" End="278" Block="0" Page="55" />
  </Paragraph>
  <Paragraph>
    <Words Start="279" End="279" Block="0" Page="55" />
  </Paragraph>
  <Paragraph>
    <Words Start="280" End="282" Block="0" Page="55" />
  </Paragraph>
  <Paragraph>
    <Words Start="0" End="26" Block="0" Page="56" />
  </Paragraph>
  <Paragraph>
    <Words Start="27" End="32" Block="0" Page="56" />
  </Paragraph>
  <Paragraph>
    <Words Start="33" End="39" Block="0" Page="56" />
  </Paragraph>
  <Paragraph>
    <Words Start="40" End="48" Block="0" Page="56" />
  </Paragraph>
  <Paragraph>
    <Words Start="49" End="56" Block="0" Page="56" />
  </Paragraph>
  <Paragraph>
    <Words Start="57" End="70" Block="0" Page="56" />
  </Paragraph>
  <Paragraph>
    <Words Start="71" End="169" Block="0" Page="56" />
  </Paragraph>
  <Paragraph>
    <Words Start="170" End="176" Block="0" Page="56" />
  </Paragraph>
  <Paragraph>
    <Words Start="177" End="189" Block="0" Page="56" />
  </Paragraph>
  <Paragraph>
    <Words Start="190" End="255" Block="0" Page="56" />
  </Paragraph>
  <Paragraph>
    <Words Start="256" End="270" Block="0" Page="56" />
  </Paragraph>
  <Paragraph>
    <Words Start="271" End="275" Block="0" Page="56" />
  </Paragraph>
  <Paragraph>
    <Words Start="276" End="289" Block="0" Page="56" />
  </Paragraph>
  <Paragraph>
    <Words Start="290" End="301" Block="0" Page="56" />
  </Paragraph>
  <Paragraph>
    <Words Start="0" End="23" Block="0" Page="57" />
  </Paragraph>
  <Paragraph>
    <Words Start="24" End="30" Block="0" Page="57" />
  </Paragraph>
  <Paragraph>
    <Words Start="31" End="62" Block="0" Page="57" />
  </Paragraph>
  <Paragraph>
    <Words Start="63" End="68" Block="0" Page="57" />
  </Paragraph>
  <Paragraph>
    <Words Start="69" End="77" Block="0" Page="57" />
  </Paragraph>
  <Paragraph>
    <Words Start="78" End="82" Block="0" Page="57" />
  </Paragraph>
  <Paragraph>
    <Words Start="83" End="87" Block="0" Page="57" />
  </Paragraph>
  <Paragraph>
    <Words Start="88" End="92" Block="0" Page="57" />
  </Paragraph>
  <Paragraph>
    <Words Start="93" End="114" Block="0" Page="57" />
  </Paragraph>
  <Paragraph>
    <Words Start="115" End="121" Block="0" Page="57" />
  </Paragraph>
  <Paragraph>
    <Words Start="122" End="134" Block="0" Page="57" />
  </Paragraph>
  <Paragraph>
    <Words Start="135" End="310" Block="0" Page="57" />
    <Words Start="0" End="42" Block="0" Page="58" />
  </Paragraph>
  <Paragraph>
    <Words Start="43" End="53" Block="0" Page="58" />
  </Paragraph>
  <Paragraph>
    <Words Start="54" End="72" Block="0" Page="58" />
  </Paragraph>
  <Paragraph>
    <Words Start="73" End="142" Block="0" Page="58" />
  </Paragraph>
  <Paragraph>
    <Words Start="143" End="151" Block="0" Page="58" />
  </Paragraph>
  <Paragraph>
    <Words Start="152" End="158" Block="0" Page="58" />
  </Paragraph>
  <Paragraph>
    <Words Start="159" End="165" Block="0" Page="58" />
  </Paragraph>
  <Paragraph>
    <Words Start="166" End="173" Block="0" Page="58" />
  </Paragraph>
  <Paragraph>
    <Words Start="174" End="183" Block="0" Page="58" />
  </Paragraph>
  <Paragraph>
    <Words Start="184" End="190" Block="0" Page="58" />
  </Paragraph>
  <Paragraph>
    <Words Start="191" End="196" Block="0" Page="58" />
  </Paragraph>
  <Paragraph>
    <Words Start="197" End="272" Block="0" Page="58" />
  </Paragraph>
  <Paragraph>
    <Words Start="273" End="281" Block="0" Page="58" />
  </Paragraph>
  <Paragraph>
    <Words Start="282" End="287" Block="0" Page="58" />
  </Paragraph>
  <Paragraph>
    <Words Start="288" End="291" Block="0" Page="58" />
  </Paragraph>
  <Paragraph>
    <Words Start="292" End="306" Block="0" Page="58" />
  </Paragraph>
  <Paragraph>
    <Words Start="307" End="310" Block="0" Page="58" />
  </Paragraph>
  <Paragraph>
    <Words Start="0" End="32" Block="0" Page="59" />
  </Paragraph>
  <Paragraph>
    <Words Start="33" End="41" Block="0" Page="59" />
  </Paragraph>
  <Paragraph>
    <Words Start="42" End="50" Block="0" Page="59" />
  </Paragraph>
  <Paragraph>
    <Words Start="51" End="61" Block="0" Page="59" />
  </Paragraph>
  <Paragraph>
    <Words Start="62" End="72" Block="0" Page="59" />
  </Paragraph>
  <Paragraph>
    <Words Start="73" End="76" Block="0" Page="59" />
  </Paragraph>
  <Paragraph>
    <Words Start="77" End="79" Block="0" Page="59" />
  </Paragraph>
  <Paragraph>
    <Words Start="80" End="89" Block="0" Page="59" />
  </Paragraph>
  <Paragraph>
    <Words Start="90" End="99" Block="0" Page="59" />
  </Paragraph>
  <Paragraph>
    <Words Start="100" End="274" Block="0" Page="59" />
  </Paragraph>
  <Paragraph>
    <Words Start="275" End="301" Block="0" Page="59" />
  </Paragraph>
  <Paragraph>
    <Words Block="1" Page="59" />
    <Words Start="0" End="216" Block="0" Page="60" />
  </Paragraph>
  <Paragraph>
    <Words Start="217" End="346" Block="0" Page="60" />
  </Paragraph>
  <Paragraph>
    <Words Start="347" End="347" Block="0" Page="60" />
    <Words Start="0" End="228" Block="0" Page="61" />
  </Paragraph>
  <Paragraph>
    <Words Start="229" End="241" Block="0" Page="61" />
  </Paragraph>
  <Paragraph>
    <Words Start="242" End="342" Block="0" Page="61" />
    <Words Start="0" End="86" Block="0" Page="62" />
  </Paragraph>
  <Paragraph>
    <Words Start="87" End="357" Block="0" Page="62" />
  </Paragraph>
  <Paragraph>
    <Words Start="358" End="358" Block="0" Page="62" />
  </Paragraph>
  <Paragraph>
    <Words Start="0" End="32" Block="0" Page="63" />
  </Paragraph>
  <Paragraph>
    <Words Start="33" End="139" Block="0" Page="63" />
  </Paragraph>
  <Paragraph>
    <Words Start="140" End="308" Block="0" Page="63" />
  </Paragraph>
  <Paragraph>
    <Words Start="309" End="351" Block="0" Page="63" />
    <Words Start="0" End="146" Block="0" Page="64" />
  </Paragraph>
  <Paragraph>
    <Words Start="147" End="152" Block="0" Page="64" />
  </Paragraph>
  <Paragraph>
    <Words Start="153" End="189" Block="0" Page="64" />
  </Paragraph>
  <Paragraph>
    <Words Start="190" End="195" Block="0" Page="64" />
  </Paragraph>
  <Paragraph>
    <Words Start="196" End="206" Block="0" Page="64" />
  </Paragraph>
  <Paragraph>
    <Words Start="207" End="211" Block="0" Page="64" />
  </Paragraph>
  <Paragraph>
    <Words Start="212" End="226" Block="0" Page="64" />
  </Paragraph>
  <Paragraph>
    <Words Start="227" End="349" Block="0" Page="64" />
    <Words Block="0" Page="65" />
  </Paragraph>
  <Paragraph>
    <Words Start="0" End="151" Block="1" Page="65" />
  </Paragraph>
  <Paragraph>
    <Words Start="152" End="160" Block="1" Page="65" />
  </Paragraph>
  <Paragraph>
    <Words Start="161" End="223" Block="1" Page="65" />
  </Paragraph>
  <Paragraph>
    <Words Start="224" End="233" Block="1" Page="65" />
  </Paragraph>
  <Paragraph>
    <Words Start="234" End="249" Block="1" Page="65" />
  </Paragraph>
  <Paragraph>
    <Words Start="250" End="257" Block="1" Page="65" />
  </Paragraph>
  <Paragraph>
    <Words Start="258" End="262" Block="1" Page="65" />
  </Paragraph>
  <Paragraph>
    <Words Start="263" End="272" Block="1" Page="65" />
  </Paragraph>
  <Paragraph>
    <Words Start="273" End="326" Block="1" Page="65" />
  </Paragraph>
  <Paragraph>
    <Words Start="0" End="3" Block="0" Page="66" />
  </Paragraph>
  <Paragraph>
    <Words Start="4" End="16" Block="0" Page="66" />
  </Paragraph>
  <Paragraph>
    <Words Start="17" End="22" Block="0" Page="66" />
  </Paragraph>
  <Paragraph>
    <Words Start="23" End="26" Block="0" Page="66" />
  </Paragraph>
  <Paragraph>
    <Words Start="27" End="29" Block="0" Page="66" />
  </Paragraph>
  <Paragraph>
    <Words Start="30" End="32" Block="0" Page="66" />
  </Paragraph>
  <Paragraph>
    <Words Start="33" End="36" Block="0" Page="66" />
  </Paragraph>
  <Paragraph>
    <Words Start="37" End="43" Block="0" Page="66" />
  </Paragraph>
  <Paragraph>
    <Words Start="44" End="48" Block="0" Page="66" />
  </Paragraph>
  <Paragraph>
    <Words Start="49" End="55" Block="0" Page="66" />
  </Paragraph>
  <Paragraph>
    <Words Start="56" End="110" Block="0" Page="66" />
  </Paragraph>
  <Paragraph>
    <Words Start="111" End="116" Block="0" Page="66" />
  </Paragraph>
  <Paragraph>
    <Words Start="117" End="119" Block="0" Page="66" />
  </Paragraph>
  <Paragraph>
    <Words Start="120" End="154" Block="0" Page="66" />
  </Paragraph>
  <Paragraph>
    <Words Start="155" End="162" Block="0" Page="66" />
  </Paragraph>
  <Paragraph>
    <Words Start="163" End="179" Block="0" Page="66" />
  </Paragraph>
  <Paragraph>
    <Words Start="180" End="183" Block="0" Page="66" />
  </Paragraph>
  <Paragraph>
    <Words Start="184" End="187" Block="0" Page="66" />
  </Paragraph>
  <Paragraph>
    <Words Start="188" End="220" Block="0" Page="66" />
  </Paragraph>
  <Paragraph>
    <Words Start="221" End="270" Block="0" Page="66" />
    <Words Start="0" End="40" Block="0" Page="67" />
  </Paragraph>
  <Paragraph>
    <Words Start="41" End="43" Block="0" Page="67" />
  </Paragraph>
  <Paragraph>
    <Words Start="44" End="45" Block="0" Page="67" />
  </Paragraph>
  <Paragraph>
    <Words Start="46" End="88" Block="0" Page="67" />
  </Paragraph>
  <Paragraph>
    <Words Start="89" End="95" Block="0" Page="67" />
  </Paragraph>
  <Paragraph>
    <Words Start="96" End="109" Block="0" Page="67" />
  </Paragraph>
  <Paragraph>
    <Words Start="110" End="113" Block="0" Page="67" />
  </Paragraph>
  <Paragraph>
    <Words Start="114" End="137" Block="0" Page="67" />
  </Paragraph>
  <Paragraph>
    <Words Start="138" End="151" Block="0" Page="67" />
  </Paragraph>
  <Paragraph>
    <Words Start="152" End="161" Block="0" Page="67" />
  </Paragraph>
  <Paragraph>
    <Words Start="162" End="168" Block="0" Page="67" />
  </Paragraph>
  <Paragraph>
    <Words Start="169" End="174" Block="0" Page="67" />
  </Paragraph>
  <Paragraph>
    <Words Start="175" End="178" Block="0" Page="67" />
  </Paragraph>
  <Paragraph>
    <Words Start="179" End="184" Block="0" Page="67" />
  </Paragraph>
  <Paragraph>
    <Words Start="185" End="187" Block="0" Page="67" />
  </Paragraph>
  <Paragraph>
    <Words Start="188" End="194" Block="0" Page="67" />
  </Paragraph>
  <Paragraph>
    <Words Start="195" End="197" Block="0" Page="67" />
  </Paragraph>
  <Paragraph>
    <Words Start="198" End="223" Block="0" Page="67" />
  </Paragraph>
  <Paragraph>
    <Words Start="224" End="233" Block="0" Page="67" />
  </Paragraph>
  <Paragraph>
    <Words Start="234" End="269" Block="0" Page="67" />
  </Paragraph>
  <Paragraph>
    <Words Start="270" End="278" Block="0" Page="67" />
  </Paragraph>
  <Paragraph>
    <Words Start="279" End="284" Block="0" Page="67" />
  </Paragraph>
  <Paragraph>
    <Words Start="0" End="5" Block="0" Page="68" />
  </Paragraph>
  <Paragraph>
    <Words Start="6" End="56" Block="0" Page="68" />
  </Paragraph>
  <Paragraph>
    <Words Start="57" End="141" Block="0" Page="68" />
  </Paragraph>
  <Paragraph>
    <Words Start="142" End="149" Block="0" Page="68" />
  </Paragraph>
  <Paragraph>
    <Words Start="150" End="157" Block="0" Page="68" />
  </Paragraph>
  <Paragraph>
    <Words Start="158" End="166" Block="0" Page="68" />
  </Paragraph>
  <Paragraph>
    <Words Start="167" End="180" Block="0" Page="68" />
  </Paragraph>
  <Paragraph>
    <Words Start="181" End="193" Block="0" Page="68" />
  </Paragraph>
  <Paragraph>
    <Words Start="194" End="203" Block="0" Page="68" />
  </Paragraph>
  <Paragraph>
    <Words Start="204" End="209" Block="0" Page="68" />
  </Paragraph>
  <Paragraph>
    <Words Start="210" End="215" Block="0" Page="68" />
  </Paragraph>
  <Paragraph>
    <Words Start="216" End="228" Block="0" Page="68" />
  </Paragraph>
  <Paragraph>
    <Words Start="229" End="235" Block="0" Page="68" />
  </Paragraph>
  <Paragraph>
    <Words Start="236" End="249" Block="0" Page="68" />
  </Paragraph>
  <Paragraph>
    <Words Start="0" End="50" Block="1" Page="68" />
  </Paragraph>
  <Paragraph>
    <Words Start="51" End="51" Block="1" Page="68" />
    <Words Start="0" End="258" Block="0" Page="69" />
  </Paragraph>
  <Paragraph>
    <Words Start="259" End="269" Block="0" Page="69" />
  </Paragraph>
  <Paragraph>
    <Words Start="270" End="277" Block="0" Page="69" />
  </Paragraph>
  <Paragraph>
    <Words Start="278" End="329" Block="0" Page="69" />
  </Paragraph>
  <Paragraph>
    <Words Start="330" End="339" Block="0" Page="69" />
  </Paragraph>
  <Paragraph>
    <Words Start="340" End="350" Block="0" Page="69" />
  </Paragraph>
  <Paragraph>
    <Words Start="0" End="8" Block="0" Page="70" />
  </Paragraph>
  <Paragraph>
    <Words Start="9" End="142" Block="0" Page="70" />
  </Paragraph>
  <Paragraph>
    <Words Start="143" End="191" Block="0" Page="70" />
  </Paragraph>
  <Paragraph>
    <Words Start="192" End="210" Block="0" Page="70" />
  </Paragraph>
  <Paragraph>
    <Words Start="211" End="218" Block="0" Page="70" />
  </Paragraph>
  <Paragraph>
    <Words Start="219" End="241" Block="0" Page="70" />
  </Paragraph>
  <Paragraph>
    <Words Start="242" End="249" Block="0" Page="70" />
  </Paragraph>
  <Paragraph>
    <Words Start="250" End="254" Block="0" Page="70" />
  </Paragraph>
  <Paragraph>
    <Words Start="255" End="261" Block="0" Page="70" />
  </Paragraph>
  <Paragraph>
    <Words Start="262" End="270" Block="0" Page="70" />
  </Paragraph>
  <Paragraph>
    <Words Start="271" End="283" Block="0" Page="70" />
  </Paragraph>
  <Paragraph>
    <Words Start="284" End="334" Block="0" Page="70" />
    <Words Start="0" End="50" Block="0" Page="71" />
  </Paragraph>
  <Paragraph>
    <Words Start="51" End="59" Block="0" Page="71" />
  </Paragraph>
  <Paragraph>
    <Words Start="60" End="229" Block="0" Page="71" />
  </Paragraph>
  <Paragraph>
    <Words Start="230" End="234" Block="0" Page="71" />
  </Paragraph>
  <Paragraph>
    <Words Start="235" End="240" Block="0" Page="71" />
  </Paragraph>
  <Paragraph>
    <Words Start="241" End="248" Block="0" Page="71" />
  </Paragraph>
  <Paragraph>
    <Words Start="249" End="293" Block="0" Page="71" />
  </Paragraph>
  <Paragraph>
    <Words Start="294" End="353" Block="0" Page="71" />
  </Paragraph>
  <Paragraph>
    <Words Start="0" End="6" Block="0" Page="72" />
  </Paragraph>
  <Paragraph>
    <Words Start="7" End="18" Block="0" Page="72" />
  </Paragraph>
  <Paragraph>
    <Words Start="19" End="68" Block="0" Page="72" />
  </Paragraph>
  <Paragraph>
    <Words Start="69" End="76" Block="0" Page="72" />
  </Paragraph>
  <Paragraph>
    <Words Start="77" End="83" Block="0" Page="72" />
  </Paragraph>
  <Paragraph>
    <Words Start="84" End="159" Block="0" Page="72" />
  </Paragraph>
  <Paragraph>
    <Words Start="160" End="166" Block="0" Page="72" />
  </Paragraph>
  <Paragraph>
    <Words Start="167" End="170" Block="0" Page="72" />
  </Paragraph>
  <Paragraph>
    <Words Start="171" End="187" Block="0" Page="72" />
  </Paragraph>
  <Paragraph>
    <Words Start="188" End="354" Block="0" Page="72" />
    <Words Start="0" End="18" Block="0" Page="73" />
  </Paragraph>
  <Paragraph>
    <Words Start="19" End="33" Block="0" Page="73" />
  </Paragraph>
  <Paragraph>
    <Words Start="34" End="38" Block="0" Page="73" />
  </Paragraph>
  <Paragraph>
    <Words Start="39" End="74" Block="0" Page="73" />
  </Paragraph>
  <Paragraph>
    <Words Start="75" End="93" Block="0" Page="73" />
  </Paragraph>
  <Paragraph>
    <Words Start="94" End="138" Block="0" Page="73" />
  </Paragraph>
  <Paragraph>
    <Words Start="139" End="147" Block="0" Page="73" />
  </Paragraph>
  <Paragraph>
    <Words Start="148" End="151" Block="0" Page="73" />
  </Paragraph>
  <Paragraph>
    <Words Start="152" End="157" Block="0" Page="73" />
  </Paragraph>
  <Paragraph>
    <Words Start="158" End="163" Block="0" Page="73" />
  </Paragraph>
  <Paragraph>
    <Words Start="164" End="177" Block="0" Page="73" />
  </Paragraph>
  <Paragraph>
    <Words Start="178" End="191" Block="0" Page="73" />
  </Paragraph>
  <Paragraph>
    <Words Start="192" End="199" Block="0" Page="73" />
  </Paragraph>
  <Paragraph>
    <Words Start="200" End="204" Block="0" Page="73" />
  </Paragraph>
  <Paragraph>
    <Words Start="205" End="231" Block="0" Page="73" />
  </Paragraph>
  <Paragraph>
    <Words Start="232" End="243" Block="0" Page="73" />
  </Paragraph>
  <Paragraph>
    <Words Start="244" End="259" Block="0" Page="73" />
  </Paragraph>
  <Paragraph>
    <Words Start="260" End="264" Block="0" Page="73" />
  </Paragraph>
  <Paragraph>
    <Words Start="265" End="273" Block="0" Page="73" />
  </Paragraph>
  <Paragraph>
    <Words Start="0" End="35" Block="0" Page="74" />
  </Paragraph>
  <Paragraph>
    <Words Start="36" End="42" Block="0" Page="74" />
  </Paragraph>
  <Paragraph>
    <Words Start="43" End="321" Block="0" Page="74" />
  </Paragraph>
  <Paragraph>
    <Words Start="0" End="31" Block="1" Page="74" />
  </Paragraph>
  <Paragraph>
    <Words Start="32" End="32" Block="1" Page="74" />
    <Words Start="0" End="99" Block="0" Page="75" />
  </Paragraph>
  <Paragraph>
    <Words Start="100" End="225" Block="0" Page="75" />
  </Paragraph>
  <Paragraph>
    <Words Start="226" End="365" Block="0" Page="75" />
  </Paragraph>
  <Paragraph>
    <Words Start="0" End="220" Block="0" Page="76" />
  </Paragraph>
  <Paragraph>
    <Words Start="221" End="369" Block="0" Page="76" />
    <Words Start="0" End="70" Block="0" Page="77" />
  </Paragraph>
  <Paragraph>
    <Words Start="71" End="85" Block="0" Page="77" />
  </Paragraph>
</Flow>