﻿<?xml version="1.0" encoding="utf-8"?>
<Flow Name="f11">
  <Paragraph>
    <Words Block="0" Page="145" />
  </Paragraph>
  <Paragraph>
    <Words Block="1" Page="145" />
  </Paragraph>
  <Paragraph>
    <Words Block="2" Page="145" />
  </Paragraph>
  <Paragraph>
    <Words Block="3" Page="145" />
    <Words Start="0" End="85" Block="0" Page="146" />
  </Paragraph>
  <Paragraph>
    <Words Start="86" End="361" Block="0" Page="146" />
    <Words Start="0" End="15" Block="0" Page="147" />
  </Paragraph>
  <Paragraph>
    <Words Start="16" End="394" Block="0" Page="147" />
    <Words Block="0" Page="148" />
  </Paragraph>
  <Paragraph>
    <Words Block="1" Page="148" />
    <Words Start="0" End="115" Block="0" Page="149" />
  </Paragraph>
  <Paragraph>
    <Words Start="116" End="376" Block="0" Page="149" />
    <Words Start="0" End="114" Block="0" Page="150" />
  </Paragraph>
  <Paragraph>
    <Words Start="115" End="329" Block="0" Page="150" />
  </Paragraph>
  <Paragraph>
    <Words Start="330" End="375" Block="0" Page="150" />
    <Words Start="0" End="113" Block="0" Page="151" />
  </Paragraph>
  <Paragraph>
    <Words Start="114" End="155" Block="0" Page="151" />
  </Paragraph>
  <Paragraph>
    <Words Start="156" End="161" Block="0" Page="151" />
  </Paragraph>
  <Paragraph>
    <Words Start="162" End="373" Block="0" Page="151" />
  </Paragraph>
  <Paragraph>
    <Words Start="374" End="374" Block="0" Page="151" />
    <Words Start="0" End="82" Block="0" Page="152" />
  </Paragraph>
  <Paragraph>
    <Words Start="83" End="268" Block="0" Page="152" />
  </Paragraph>
  <Paragraph>
    <Words Start="269" End="282" Block="0" Page="152" />
  </Paragraph>
  <Paragraph>
    <Words Start="283" End="283" Block="0" Page="152" />
  </Paragraph>
  <Paragraph>
    <Words Block="1" Page="152" />
    <Words Start="0" End="143" Block="0" Page="153" />
  </Paragraph>
  <Paragraph>
    <Words Start="144" End="151" Block="0" Page="153" />
  </Paragraph>
  <Paragraph>
    <Words Start="152" End="157" Block="0" Page="153" />
  </Paragraph>
  <Paragraph>
    <Words Start="158" End="181" Block="0" Page="153" />
  </Paragraph>
  <Paragraph>
    <Words Start="182" End="189" Block="0" Page="153" />
  </Paragraph>
  <Paragraph>
    <Words Start="190" End="194" Block="0" Page="153" />
  </Paragraph>
  <Paragraph>
    <Words Start="195" End="202" Block="0" Page="153" />
  </Paragraph>
  <Paragraph>
    <Words Start="203" End="257" Block="0" Page="153" />
  </Paragraph>
  <Paragraph>
    <Words Start="258" End="387" Block="0" Page="153" />
  </Paragraph>
  <Paragraph>
    <Words Start="0" End="79" Block="0" Page="154" />
  </Paragraph>
  <Paragraph>
    <Words Start="80" End="343" Block="0" Page="154" />
  </Paragraph>
  <Paragraph>
    <Words Start="344" End="354" Block="0" Page="154" />
  </Paragraph>
  <Paragraph>
    <Words Start="355" End="376" Block="0" Page="154" />
    <Words Start="0" End="54" Block="0" Page="155" />
  </Paragraph>
  <Paragraph>
    <Words Start="55" End="328" Block="0" Page="155" />
  </Paragraph>
  <Paragraph>
    <Words Start="329" End="371" Block="0" Page="155" />
    <Words Start="0" End="129" Block="0" Page="156" />
  </Paragraph>
  <Paragraph>
    <Words Start="130" End="132" Block="0" Page="156" />
  </Paragraph>
  <Paragraph>
    <Words Start="133" End="137" Block="0" Page="156" />
  </Paragraph>
  <Paragraph>
    <Words Start="138" End="142" Block="0" Page="156" />
  </Paragraph>
  <Paragraph>
    <Words Start="143" End="151" Block="0" Page="156" />
  </Paragraph>
  <Paragraph>
    <Words Start="152" End="159" Block="0" Page="156" />
  </Paragraph>
  <Paragraph>
    <Words Start="160" End="166" Block="0" Page="156" />
  </Paragraph>
  <Paragraph>
    <Words Start="167" End="171" Block="0" Page="156" />
  </Paragraph>
  <Paragraph>
    <Words Start="172" End="193" Block="0" Page="156" />
  </Paragraph>
  <Paragraph>
    <Words Start="194" End="203" Block="0" Page="156" />
  </Paragraph>
  <Paragraph>
    <Words Start="204" End="208" Block="0" Page="156" />
  </Paragraph>
  <Paragraph>
    <Words Start="209" End="289" Block="0" Page="156" />
  </Paragraph>
  <Paragraph>
    <Words Start="290" End="292" Block="0" Page="156" />
  </Paragraph>
  <Paragraph>
    <Words Start="293" End="299" Block="0" Page="156" />
  </Paragraph>
  <Paragraph>
    <Words Start="300" End="308" Block="0" Page="156" />
  </Paragraph>
  <Paragraph>
    <Words Start="309" End="315" Block="0" Page="156" />
  </Paragraph>
  <Paragraph>
    <Words Start="316" End="316" Block="0" Page="156" />
  </Paragraph>
  <Paragraph>
    <Words Start="0" End="6" Block="0" Page="157" />
  </Paragraph>
  <Paragraph>
    <Words Start="7" End="64" Block="0" Page="157" />
  </Paragraph>
  <Paragraph>
    <Words Start="0" End="233" Block="1" Page="157" />
  </Paragraph>
  <Paragraph>
    <Words Start="234" End="278" Block="1" Page="157" />
    <Words Start="0" End="49" Block="0" Page="158" />
  </Paragraph>
  <Paragraph>
    <Words Start="50" End="155" Block="0" Page="158" />
  </Paragraph>
  <Paragraph>
    <Words Start="156" End="165" Block="0" Page="158" />
  </Paragraph>
  <Paragraph>
    <Words Start="166" End="171" Block="0" Page="158" />
  </Paragraph>
  <Paragraph>
    <Words Start="172" End="182" Block="0" Page="158" />
  </Paragraph>
  <Paragraph>
    <Words Start="183" End="203" Block="0" Page="158" />
  </Paragraph>
  <Paragraph>
    <Words Start="204" End="264" Block="0" Page="158" />
  </Paragraph>
  <Paragraph>
    <Words Start="265" End="272" Block="0" Page="158" />
  </Paragraph>
  <Paragraph>
    <Words Start="273" End="276" Block="0" Page="158" />
  </Paragraph>
  <Paragraph>
    <Words Start="277" End="284" Block="0" Page="158" />
  </Paragraph>
  <Paragraph>
    <Words Start="285" End="297" Block="0" Page="158" />
  </Paragraph>
  <Paragraph>
    <Words Start="0" End="2" Block="0" Page="159" />
  </Paragraph>
  <Paragraph>
    <Words Start="3" End="15" Block="0" Page="159" />
  </Paragraph>
  <Paragraph>
    <Words Start="16" End="18" Block="0" Page="159" />
  </Paragraph>
  <Paragraph>
    <Words Start="19" End="22" Block="0" Page="159" />
  </Paragraph>
  <Paragraph>
    <Words Start="23" End="26" Block="0" Page="159" />
  </Paragraph>
  <Paragraph>
    <Words Start="27" End="118" Block="0" Page="159" />
  </Paragraph>
  <Paragraph>
    <Words Start="119" End="127" Block="0" Page="159" />
  </Paragraph>
  <Paragraph>
    <Words Start="128" End="132" Block="0" Page="159" />
  </Paragraph>
  <Paragraph>
    <Words Start="133" End="141" Block="0" Page="159" />
  </Paragraph>
  <Paragraph>
    <Words Start="142" End="146" Block="0" Page="159" />
  </Paragraph>
  <Paragraph>
    <Words Start="147" End="150" Block="0" Page="159" />
  </Paragraph>
  <Paragraph>
    <Words Start="151" End="194" Block="0" Page="159" />
  </Paragraph>
  <Paragraph>
    <Words Start="195" End="298" Block="0" Page="159" />
    <Words Start="0" End="29" Block="0" Page="160" />
  </Paragraph>
  <Paragraph>
    <Words Start="30" End="35" Block="0" Page="160" />
  </Paragraph>
  <Paragraph>
    <Words Start="36" End="38" Block="0" Page="160" />
  </Paragraph>
  <Paragraph>
    <Words Start="39" End="46" Block="0" Page="160" />
  </Paragraph>
  <Paragraph>
    <Words Start="47" End="51" Block="0" Page="160" />
  </Paragraph>
  <Paragraph>
    <Words Start="52" End="60" Block="0" Page="160" />
  </Paragraph>
  <Paragraph>
    <Words Start="61" End="66" Block="0" Page="160" />
  </Paragraph>
  <Paragraph>
    <Words Start="67" End="70" Block="0" Page="160" />
  </Paragraph>
  <Paragraph>
    <Words Start="71" End="74" Block="0" Page="160" />
  </Paragraph>
  <Paragraph>
    <Words Start="75" End="84" Block="0" Page="160" />
  </Paragraph>
  <Paragraph>
    <Words Start="85" End="104" Block="0" Page="160" />
  </Paragraph>
  <Paragraph>
    <Words Start="105" End="113" Block="0" Page="160" />
  </Paragraph>
  <Paragraph>
    <Words Start="114" End="116" Block="0" Page="160" />
  </Paragraph>
  <Paragraph>
    <Words Start="117" End="165" Block="0" Page="160" />
  </Paragraph>
  <Paragraph>
    <Words Start="166" End="174" Block="0" Page="160" />
  </Paragraph>
  <Paragraph>
    <Words Start="175" End="180" Block="0" Page="160" />
  </Paragraph>
  <Paragraph>
    <Words Block="1" Page="160" />
    <Words Start="0" End="334" Block="0" Page="161" />
  </Paragraph>
  <Paragraph>
    <Words Start="335" End="371" Block="0" Page="161" />
    <Words Start="0" End="20" Block="0" Page="162" />
  </Paragraph>
  <Paragraph>
    <Words Start="21" End="150" Block="0" Page="162" />
  </Paragraph>
  <Paragraph>
    <Words Start="151" End="181" Block="0" Page="162" />
  </Paragraph>
  <Paragraph>
    <Words Start="182" End="343" Block="0" Page="162" />
    <Words Start="0" End="63" Block="0" Page="163" />
  </Paragraph>
  <Paragraph>
    <Words Start="64" End="175" Block="0" Page="163" />
  </Paragraph>
  <Paragraph>
    <Words Start="176" End="345" Block="0" Page="163" />
    <Words Block="0" Page="164" />
  </Paragraph>
</Flow>