﻿<?xml version="1.0" encoding="utf-8"?>
<Flow Name="f15">
  <Paragraph>
    <Words Block="0" Page="241" />
  </Paragraph>
  <Paragraph>
    <Words Block="1" Page="241" />
  </Paragraph>
  <Paragraph>
    <Words Block="2" Page="241" />
  </Paragraph>
  <Paragraph>
    <Words Block="3" Page="241" />
  </Paragraph>
  <Paragraph>
    <Words Block="4" Page="241" />
    <Words Start="0" End="99" Block="0" Page="242" />
  </Paragraph>
  <Paragraph>
    <Words Start="100" End="376" Block="0" Page="242" />
  </Paragraph>
  <Paragraph>
    <Words Start="0" End="9" Block="0" Page="243" />
  </Paragraph>
  <Paragraph>
    <Words Start="10" End="147" Block="0" Page="243" />
  </Paragraph>
  <Paragraph>
    <Words Start="148" End="325" Block="0" Page="243" />
  </Paragraph>
  <Paragraph>
    <Words Start="326" End="339" Block="0" Page="243" />
  </Paragraph>
  <Paragraph>
    <Words Start="340" End="348" Block="0" Page="243" />
  </Paragraph>
  <Paragraph>
    <Words Start="0" End="295" Block="0" Page="244" />
  </Paragraph>
  <Paragraph>
    <Words Start="296" End="391" Block="0" Page="244" />
  </Paragraph>
  <Paragraph>
    <Words Start="392" End="392" Block="0" Page="244" />
    <Words Start="0" End="212" Block="0" Page="245" />
  </Paragraph>
  <Paragraph>
    <Words Start="213" End="220" Block="0" Page="245" />
  </Paragraph>
  <Paragraph>
    <Words Start="221" End="367" Block="0" Page="245" />
    <Words Start="0" End="239" Block="0" Page="246" />
  </Paragraph>
  <Paragraph>
    <Words Start="240" End="252" Block="0" Page="246" />
  </Paragraph>
  <Paragraph>
    <Words Start="253" End="260" Block="0" Page="246" />
  </Paragraph>
  <Paragraph>
    <Words Start="261" End="268" Block="0" Page="246" />
  </Paragraph>
  <Paragraph>
    <Words Start="269" End="279" Block="0" Page="246" />
  </Paragraph>
  <Paragraph>
    <Words Start="280" End="287" Block="0" Page="246" />
  </Paragraph>
  <Paragraph>
    <Words Start="288" End="289" Block="0" Page="246" />
  </Paragraph>
  <Paragraph>
    <Words Start="290" End="295" Block="0" Page="246" />
  </Paragraph>
  <Paragraph>
    <Words Start="296" End="311" Block="0" Page="246" />
  </Paragraph>
  <Paragraph>
    <Words Start="312" End="323" Block="0" Page="246" />
  </Paragraph>
  <Paragraph>
    <Words Start="0" End="10" Block="0" Page="247" />
  </Paragraph>
  <Paragraph>
    <Words Start="11" End="16" Block="0" Page="247" />
  </Paragraph>
  <Paragraph>
    <Words Start="17" End="22" Block="0" Page="247" />
  </Paragraph>
  <Paragraph>
    <Words Start="23" End="31" Block="0" Page="247" />
  </Paragraph>
  <Paragraph>
    <Words Start="32" End="37" Block="0" Page="247" />
  </Paragraph>
  <Paragraph>
    <Words Start="38" End="87" Block="0" Page="247" />
  </Paragraph>
  <Paragraph>
    <Words Start="88" End="145" Block="0" Page="247" />
  </Paragraph>
  <Paragraph>
    <Words Start="0" End="176" Block="1" Page="247" />
  </Paragraph>
  <Paragraph>
    <Words Start="177" End="185" Block="1" Page="247" />
    <Words Start="0" End="55" Block="0" Page="248" />
  </Paragraph>
  <Paragraph>
    <Words Start="56" End="220" Block="0" Page="248" />
  </Paragraph>
  <Paragraph>
    <Words Start="221" End="223" Block="0" Page="248" />
  </Paragraph>
  <Paragraph>
    <Words Start="224" End="229" Block="0" Page="248" />
  </Paragraph>
  <Paragraph>
    <Words Start="230" End="233" Block="0" Page="248" />
  </Paragraph>
  <Paragraph>
    <Words Start="234" End="244" Block="0" Page="248" />
  </Paragraph>
  <Paragraph>
    <Words Start="245" End="246" Block="0" Page="248" />
  </Paragraph>
  <Paragraph>
    <Words Start="247" End="267" Block="0" Page="248" />
  </Paragraph>
  <Paragraph>
    <Words Start="268" End="276" Block="0" Page="248" />
  </Paragraph>
  <Paragraph>
    <Words Start="277" End="289" Block="0" Page="248" />
  </Paragraph>
  <Paragraph>
    <Words Start="290" End="295" Block="0" Page="248" />
  </Paragraph>
  <Paragraph>
    <Words Start="296" End="296" Block="0" Page="248" />
  </Paragraph>
  <Paragraph>
    <Words Start="297" End="301" Block="0" Page="248" />
  </Paragraph>
  <Paragraph>
    <Words Start="302" End="312" Block="0" Page="248" />
    <Words Start="0" End="23" Block="0" Page="249" />
  </Paragraph>
  <Paragraph>
    <Words Start="24" End="52" Block="0" Page="249" />
  </Paragraph>
  <Paragraph>
    <Words Start="53" End="58" Block="0" Page="249" />
  </Paragraph>
  <Paragraph>
    <Words Start="59" End="65" Block="0" Page="249" />
  </Paragraph>
  <Paragraph>
    <Words Start="66" End="100" Block="0" Page="249" />
  </Paragraph>
  <Paragraph>
    <Words Start="101" End="116" Block="0" Page="249" />
  </Paragraph>
  <Paragraph>
    <Words Start="117" End="120" Block="0" Page="249" />
  </Paragraph>
  <Paragraph>
    <Words Start="121" End="123" Block="0" Page="249" />
  </Paragraph>
  <Paragraph>
    <Words Start="124" End="148" Block="0" Page="249" />
  </Paragraph>
  <Paragraph>
    <Words Start="149" End="154" Block="0" Page="249" />
  </Paragraph>
  <Paragraph>
    <Words Start="155" End="161" Block="0" Page="249" />
  </Paragraph>
  <Paragraph>
    <Words Start="162" End="165" Block="0" Page="249" />
  </Paragraph>
  <Paragraph>
    <Words Start="166" End="168" Block="0" Page="249" />
  </Paragraph>
  <Paragraph>
    <Words Start="169" End="171" Block="0" Page="249" />
  </Paragraph>
  <Paragraph>
    <Words Start="172" End="293" Block="0" Page="249" />
  </Paragraph>
  <Paragraph>
    <Words Start="294" End="297" Block="0" Page="249" />
  </Paragraph>
  <Paragraph>
    <Words Start="0" End="6" Block="0" Page="250" />
  </Paragraph>
  <Paragraph>
    <Words Start="7" End="11" Block="0" Page="250" />
  </Paragraph>
  <Paragraph>
    <Words Start="12" End="14" Block="0" Page="250" />
  </Paragraph>
  <Paragraph>
    <Words Start="15" End="20" Block="0" Page="250" />
  </Paragraph>
  <Paragraph>
    <Words Start="21" End="262" Block="0" Page="250" />
  </Paragraph>
  <Paragraph>
    <Words Start="263" End="266" Block="0" Page="250" />
  </Paragraph>
  <Paragraph>
    <Words Start="267" End="310" Block="0" Page="250" />
  </Paragraph>
  <Paragraph>
    <Words Start="311" End="320" Block="0" Page="250" />
  </Paragraph>
  <Paragraph>
    <Words Start="321" End="344" Block="0" Page="250" />
  </Paragraph>
  <Paragraph>
    <Words Start="0" End="33" Block="0" Page="251" />
  </Paragraph>
  <Paragraph>
    <Words Start="34" End="39" Block="0" Page="251" />
  </Paragraph>
  <Paragraph>
    <Words Start="40" End="50" Block="0" Page="251" />
  </Paragraph>
  <Paragraph>
    <Words Start="51" End="54" Block="0" Page="251" />
  </Paragraph>
  <Paragraph>
    <Words Start="55" End="60" Block="0" Page="251" />
  </Paragraph>
  <Paragraph>
    <Words Start="61" End="103" Block="0" Page="251" />
  </Paragraph>
  <Paragraph>
    <Words Start="104" End="110" Block="0" Page="251" />
  </Paragraph>
  <Paragraph>
    <Words Start="111" End="116" Block="0" Page="251" />
  </Paragraph>
  <Paragraph>
    <Words Start="117" End="119" Block="0" Page="251" />
  </Paragraph>
  <Paragraph>
    <Words Start="120" End="334" Block="0" Page="251" />
  </Paragraph>
  <Paragraph>
    <Words Start="335" End="335" Block="0" Page="251" />
    <Words Start="0" End="28" Block="0" Page="252" />
  </Paragraph>
  <Paragraph>
    <Words Start="29" End="53" Block="0" Page="252" />
  </Paragraph>
  <Paragraph>
    <Words Start="54" End="118" Block="0" Page="252" />
  </Paragraph>
  <Paragraph>
    <Words Start="119" End="124" Block="0" Page="252" />
  </Paragraph>
  <Paragraph>
    <Words Start="125" End="237" Block="0" Page="252" />
  </Paragraph>
  <Paragraph>
    <Words Start="238" End="293" Block="0" Page="252" />
  </Paragraph>
  <Paragraph>
    <Words Start="294" End="302" Block="0" Page="252" />
  </Paragraph>
  <Paragraph>
    <Words Start="303" End="306" Block="0" Page="252" />
  </Paragraph>
  <Paragraph>
    <Words Start="307" End="365" Block="0" Page="252" />
    <Words Start="0" End="122" Block="0" Page="253" />
  </Paragraph>
  <Paragraph>
    <Words Start="123" End="186" Block="0" Page="253" />
  </Paragraph>
  <Paragraph>
    <Words Start="187" End="189" Block="0" Page="253" />
  </Paragraph>
  <Paragraph>
    <Words Start="190" End="198" Block="0" Page="253" />
  </Paragraph>
  <Paragraph>
    <Words Start="199" End="212" Block="0" Page="253" />
  </Paragraph>
  <Paragraph>
    <Words Start="213" End="215" Block="0" Page="253" />
  </Paragraph>
  <Paragraph>
    <Words Start="216" End="219" Block="0" Page="253" />
  </Paragraph>
  <Paragraph>
    <Words Start="220" End="225" Block="0" Page="253" />
  </Paragraph>
  <Paragraph>
    <Words Start="226" End="231" Block="0" Page="253" />
  </Paragraph>
  <Paragraph>
    <Words Start="232" End="241" Block="0" Page="253" />
  </Paragraph>
  <Paragraph>
    <Words Start="242" End="311" Block="0" Page="253" />
  </Paragraph>
  <Paragraph>
    <Words Start="312" End="322" Block="0" Page="253" />
  </Paragraph>
  <Paragraph>
    <Words Start="323" End="328" Block="0" Page="253" />
  </Paragraph>
  <Paragraph>
    <Words Start="329" End="329" Block="0" Page="253" />
  </Paragraph>
  <Paragraph>
    <Words Start="0" End="152" Block="0" Page="254" />
  </Paragraph>
  <Paragraph>
    <Words Start="153" End="158" Block="0" Page="254" />
  </Paragraph>
  <Paragraph>
    <Words Start="159" End="162" Block="0" Page="254" />
  </Paragraph>
  <Paragraph>
    <Words Start="163" End="184" Block="0" Page="254" />
  </Paragraph>
  <Paragraph>
    <Words Start="185" End="191" Block="0" Page="254" />
  </Paragraph>
  <Paragraph>
    <Words Start="192" End="202" Block="0" Page="254" />
  </Paragraph>
  <Paragraph>
    <Words Start="203" End="214" Block="0" Page="254" />
  </Paragraph>
  <Paragraph>
    <Words Start="215" End="226" Block="0" Page="254" />
  </Paragraph>
  <Paragraph>
    <Words Start="227" End="374" Block="0" Page="254" />
  </Paragraph>
  <Paragraph>
    <Words Start="375" End="375" Block="0" Page="254" />
    <Words Start="0" End="17" Block="0" Page="255" />
  </Paragraph>
  <Paragraph>
    <Words Start="18" End="22" Block="0" Page="255" />
  </Paragraph>
  <Paragraph>
    <Words Start="23" End="30" Block="0" Page="255" />
  </Paragraph>
  <Paragraph>
    <Words Start="31" End="34" Block="0" Page="255" />
  </Paragraph>
  <Paragraph>
    <Words Start="35" End="150" Block="0" Page="255" />
  </Paragraph>
  <Paragraph>
    <Words Start="151" End="154" Block="0" Page="255" />
  </Paragraph>
  <Paragraph>
    <Words Start="155" End="157" Block="0" Page="255" />
  </Paragraph>
  <Paragraph>
    <Words Start="158" End="209" Block="0" Page="255" />
  </Paragraph>
  <Paragraph>
    <Words Start="210" End="213" Block="0" Page="255" />
  </Paragraph>
  <Paragraph>
    <Words Start="214" End="220" Block="0" Page="255" />
  </Paragraph>
  <Paragraph>
    <Words Start="221" End="238" Block="0" Page="255" />
  </Paragraph>
  <Paragraph>
    <Words Start="239" End="313" Block="0" Page="255" />
  </Paragraph>
  <Paragraph>
    <Words Start="314" End="318" Block="0" Page="255" />
  </Paragraph>
  <Paragraph>
    <Words Start="319" End="325" Block="0" Page="255" />
  </Paragraph>
  <Paragraph>
    <Words Start="0" End="2" Block="0" Page="256" />
  </Paragraph>
  <Paragraph>
    <Words Start="3" End="16" Block="0" Page="256" />
  </Paragraph>
  <Paragraph>
    <Words Start="17" End="25" Block="0" Page="256" />
  </Paragraph>
  <Paragraph>
    <Words Start="26" End="31" Block="0" Page="256" />
  </Paragraph>
  <Paragraph>
    <Words Start="32" End="34" Block="0" Page="256" />
  </Paragraph>
  <Paragraph>
    <Words Start="35" End="47" Block="0" Page="256" />
  </Paragraph>
  <Paragraph>
    <Words Start="48" End="56" Block="0" Page="256" />
  </Paragraph>
  <Paragraph>
    <Words Start="57" End="133" Block="0" Page="256" />
  </Paragraph>
  <Paragraph>
    <Words Start="134" End="147" Block="0" Page="256" />
  </Paragraph>
  <Paragraph>
    <Words Start="148" End="167" Block="0" Page="256" />
  </Paragraph>
  <Paragraph>
    <Words Start="168" End="177" Block="0" Page="256" />
  </Paragraph>
  <Paragraph>
    <Words Start="178" End="184" Block="0" Page="256" />
  </Paragraph>
  <Paragraph>
    <Words Start="185" End="195" Block="0" Page="256" />
  </Paragraph>
  <Paragraph>
    <Words Start="196" End="238" Block="0" Page="256" />
  </Paragraph>
  <Paragraph>
    <Words Start="239" End="326" Block="0" Page="256" />
  </Paragraph>
  <Paragraph>
    <Words Start="327" End="327" Block="0" Page="256" />
  </Paragraph>
  <Paragraph>
    <Words Start="0" End="9" Block="0" Page="257" />
  </Paragraph>
  <Paragraph>
    <Words Start="10" End="50" Block="0" Page="257" />
  </Paragraph>
  <Paragraph>
    <Words Start="51" End="57" Block="0" Page="257" />
  </Paragraph>
  <Paragraph>
    <Words Start="58" End="66" Block="0" Page="257" />
  </Paragraph>
  <Paragraph>
    <Words Start="67" End="70" Block="0" Page="257" />
  </Paragraph>
  <Paragraph>
    <Words Start="71" End="80" Block="0" Page="257" />
  </Paragraph>
  <Paragraph>
    <Words Start="81" End="210" Block="0" Page="257" />
  </Paragraph>
  <Paragraph>
    <Words Start="211" End="216" Block="0" Page="257" />
  </Paragraph>
  <Paragraph>
    <Words Start="217" End="225" Block="0" Page="257" />
  </Paragraph>
  <Paragraph>
    <Words Start="226" End="351" Block="0" Page="257" />
  </Paragraph>
  <Paragraph>
    <Words Start="0" End="178" Block="0" Page="258" />
  </Paragraph>
  <Paragraph>
    <Words Start="179" End="294" Block="0" Page="258" />
  </Paragraph>
  <Paragraph>
    <Words Start="295" End="391" Block="0" Page="258" />
    <Words Start="0" End="278" Block="0" Page="259" />
  </Paragraph>
  <Paragraph>
    <Words Start="279" End="301" Block="0" Page="259" />
  </Paragraph>
</Flow>