﻿<?xml version="1.0" encoding="utf-8"?>
<Flow Name="f14">
  <Paragraph>
    <Words Block="0" Page="195" />
  </Paragraph>
  <Paragraph>
    <Words Start="0" End="18" Block="1" Page="195" />
  </Paragraph>
  <Paragraph>
    <Words Start="19" End="172" Block="1" Page="195" />
  </Paragraph>
  <Paragraph>
    <Words Start="0" End="12" Block="0" Page="196" />
  </Paragraph>
  <Paragraph>
    <Words Start="13" End="17" Block="0" Page="196" />
  </Paragraph>
  <Paragraph>
    <Words Start="18" End="24" Block="0" Page="196" />
  </Paragraph>
  <Paragraph>
    <Words Start="25" End="28" Block="0" Page="196" />
  </Paragraph>
  <Paragraph>
    <Words Start="29" End="37" Block="0" Page="196" />
  </Paragraph>
  <Paragraph>
    <Words Start="38" End="39" Block="0" Page="196" />
  </Paragraph>
  <Paragraph>
    <Words Start="40" End="108" Block="0" Page="196" />
  </Paragraph>
  <Paragraph>
    <Words Start="109" End="112" Block="0" Page="196" />
  </Paragraph>
  <Paragraph>
    <Words Start="113" End="120" Block="0" Page="196" />
  </Paragraph>
  <Paragraph>
    <Words Start="121" End="135" Block="0" Page="196" />
  </Paragraph>
  <Paragraph>
    <Words Start="136" End="145" Block="0" Page="196" />
  </Paragraph>
  <Paragraph>
    <Words Start="146" End="152" Block="0" Page="196" />
  </Paragraph>
  <Paragraph>
    <Words Start="153" End="159" Block="0" Page="196" />
  </Paragraph>
  <Paragraph>
    <Words Start="160" End="160" Block="0" Page="196" />
  </Paragraph>
  <Paragraph>
    <Words Block="1" Page="196" />
    <Words Start="0" End="94" Block="0" Page="197" />
  </Paragraph>
  <Paragraph>
    <Words Start="95" End="99" Block="0" Page="197" />
  </Paragraph>
  <Paragraph>
    <Words Start="100" End="103" Block="0" Page="197" />
  </Paragraph>
  <Paragraph>
    <Words Start="104" End="106" Block="0" Page="197" />
  </Paragraph>
  <Paragraph>
    <Words Start="107" End="111" Block="0" Page="197" />
  </Paragraph>
  <Paragraph>
    <Words Start="112" End="115" Block="0" Page="197" />
  </Paragraph>
  <Paragraph>
    <Words Start="116" End="124" Block="0" Page="197" />
  </Paragraph>
  <Paragraph>
    <Words Start="125" End="131" Block="0" Page="197" />
  </Paragraph>
  <Paragraph>
    <Words Start="132" End="137" Block="0" Page="197" />
  </Paragraph>
  <Paragraph>
    <Words Start="138" End="147" Block="0" Page="197" />
  </Paragraph>
  <Paragraph>
    <Words Start="148" End="163" Block="0" Page="197" />
  </Paragraph>
  <Paragraph>
    <Words Start="164" End="168" Block="0" Page="197" />
  </Paragraph>
  <Paragraph>
    <Words Start="169" End="175" Block="0" Page="197" />
  </Paragraph>
  <Paragraph>
    <Words Start="176" End="236" Block="0" Page="197" />
  </Paragraph>
  <Paragraph>
    <Words Start="237" End="322" Block="0" Page="197" />
    <Words Start="0" End="43" Block="0" Page="198" />
  </Paragraph>
  <Paragraph>
    <Words Start="44" End="54" Block="0" Page="198" />
  </Paragraph>
  <Paragraph>
    <Words Start="55" End="65" Block="0" Page="198" />
  </Paragraph>
  <Paragraph>
    <Words Start="66" End="70" Block="0" Page="198" />
  </Paragraph>
  <Paragraph>
    <Words Start="71" End="78" Block="0" Page="198" />
  </Paragraph>
  <Paragraph>
    <Words Start="79" End="85" Block="0" Page="198" />
  </Paragraph>
  <Paragraph>
    <Words Start="86" End="89" Block="0" Page="198" />
  </Paragraph>
  <Paragraph>
    <Words Start="90" End="99" Block="0" Page="198" />
  </Paragraph>
  <Paragraph>
    <Words Start="100" End="107" Block="0" Page="198" />
  </Paragraph>
  <Paragraph>
    <Words Start="108" End="117" Block="0" Page="198" />
  </Paragraph>
  <Paragraph>
    <Words Start="118" End="124" Block="0" Page="198" />
  </Paragraph>
  <Paragraph>
    <Words Start="125" End="150" Block="0" Page="198" />
  </Paragraph>
  <Paragraph>
    <Words Start="151" End="156" Block="0" Page="198" />
  </Paragraph>
  <Paragraph>
    <Words Start="157" End="162" Block="0" Page="198" />
  </Paragraph>
  <Paragraph>
    <Words Start="163" End="166" Block="0" Page="198" />
  </Paragraph>
  <Paragraph>
    <Words Start="167" End="173" Block="0" Page="198" />
  </Paragraph>
  <Paragraph>
    <Words Start="174" End="258" Block="0" Page="198" />
  </Paragraph>
  <Paragraph>
    <Words Start="259" End="262" Block="0" Page="198" />
  </Paragraph>
  <Paragraph>
    <Words Start="263" End="271" Block="0" Page="198" />
  </Paragraph>
  <Paragraph>
    <Words Block="1" Page="198" />
    <Words Start="0" End="160" Block="0" Page="199" />
  </Paragraph>
  <Paragraph>
    <Words Start="161" End="180" Block="0" Page="199" />
  </Paragraph>
  <Paragraph>
    <Words Start="181" End="189" Block="0" Page="199" />
  </Paragraph>
  <Paragraph>
    <Words Start="190" End="231" Block="0" Page="199" />
  </Paragraph>
  <Paragraph>
    <Words Start="232" End="236" Block="0" Page="199" />
  </Paragraph>
  <Paragraph>
    <Words Start="237" End="240" Block="0" Page="199" />
  </Paragraph>
  <Paragraph>
    <Words Start="241" End="320" Block="0" Page="199" />
  </Paragraph>
  <Paragraph>
    <Words Start="321" End="371" Block="0" Page="199" />
    <Words Start="0" End="25" Block="0" Page="200" />
  </Paragraph>
  <Paragraph>
    <Words Start="26" End="32" Block="0" Page="200" />
  </Paragraph>
  <Paragraph>
    <Words Start="33" End="232" Block="0" Page="200" />
  </Paragraph>
  <Paragraph>
    <Words Start="233" End="242" Block="0" Page="200" />
  </Paragraph>
  <Paragraph>
    <Words Start="243" End="266" Block="0" Page="200" />
  </Paragraph>
  <Paragraph>
    <Words Start="267" End="377" Block="0" Page="200" />
    <Words Start="0" End="111" Block="0" Page="201" />
  </Paragraph>
  <Paragraph>
    <Words Start="112" End="116" Block="0" Page="201" />
  </Paragraph>
  <Paragraph>
    <Words Start="117" End="122" Block="0" Page="201" />
  </Paragraph>
  <Paragraph>
    <Words Start="123" End="133" Block="0" Page="201" />
  </Paragraph>
  <Paragraph>
    <Words Start="134" End="137" Block="0" Page="201" />
  </Paragraph>
  <Paragraph>
    <Words Start="138" End="143" Block="0" Page="201" />
  </Paragraph>
  <Paragraph>
    <Words Start="144" End="153" Block="0" Page="201" />
  </Paragraph>
  <Paragraph>
    <Words Start="154" End="158" Block="0" Page="201" />
  </Paragraph>
  <Paragraph>
    <Words Start="159" End="170" Block="0" Page="201" />
  </Paragraph>
  <Paragraph>
    <Words Start="171" End="183" Block="0" Page="201" />
  </Paragraph>
  <Paragraph>
    <Words Start="184" End="224" Block="0" Page="201" />
  </Paragraph>
  <Paragraph>
    <Words Start="225" End="229" Block="0" Page="201" />
  </Paragraph>
  <Paragraph>
    <Words Start="230" End="236" Block="0" Page="201" />
  </Paragraph>
  <Paragraph>
    <Words Start="237" End="240" Block="0" Page="201" />
  </Paragraph>
  <Paragraph>
    <Words Start="241" End="243" Block="0" Page="201" />
  </Paragraph>
  <Paragraph>
    <Words Start="244" End="246" Block="0" Page="201" />
  </Paragraph>
  <Paragraph>
    <Words Start="247" End="256" Block="0" Page="201" />
  </Paragraph>
  <Paragraph>
    <Words Start="257" End="269" Block="0" Page="201" />
  </Paragraph>
  <Paragraph>
    <Words Start="270" End="281" Block="0" Page="201" />
  </Paragraph>
  <Paragraph>
    <Words Start="0" End="1" Block="0" Page="202" />
  </Paragraph>
  <Paragraph>
    <Words Start="2" End="11" Block="0" Page="202" />
  </Paragraph>
  <Paragraph>
    <Words Start="12" End="16" Block="0" Page="202" />
  </Paragraph>
  <Paragraph>
    <Words Start="17" End="29" Block="0" Page="202" />
  </Paragraph>
  <Paragraph>
    <Words Start="30" End="43" Block="0" Page="202" />
  </Paragraph>
  <Paragraph>
    <Words Start="44" End="47" Block="0" Page="202" />
  </Paragraph>
  <Paragraph>
    <Words Start="48" End="155" Block="0" Page="202" />
  </Paragraph>
  <Paragraph>
    <Words Start="156" End="163" Block="0" Page="202" />
  </Paragraph>
  <Paragraph>
    <Words Start="164" End="241" Block="0" Page="202" />
  </Paragraph>
  <Paragraph>
    <Words Start="242" End="246" Block="0" Page="202" />
  </Paragraph>
  <Paragraph>
    <Words Start="247" End="321" Block="0" Page="202" />
  </Paragraph>
  <Paragraph>
    <Words Start="322" End="322" Block="0" Page="202" />
    <Words Start="0" End="147" Block="0" Page="203" />
  </Paragraph>
  <Paragraph>
    <Words Start="148" End="161" Block="0" Page="203" />
  </Paragraph>
  <Paragraph>
    <Words Start="162" End="171" Block="0" Page="203" />
  </Paragraph>
  <Paragraph>
    <Words Start="172" End="172" Block="0" Page="203" />
  </Paragraph>
  <Paragraph>
    <Words Start="173" End="177" Block="0" Page="203" />
  </Paragraph>
  <Paragraph>
    <Words Start="178" End="183" Block="0" Page="203" />
  </Paragraph>
  <Paragraph>
    <Words Start="184" End="197" Block="0" Page="203" />
  </Paragraph>
  <Paragraph>
    <Words Start="198" End="355" Block="0" Page="203" />
    <Words Start="0" End="30" Block="0" Page="204" />
  </Paragraph>
  <Paragraph>
    <Words Start="31" End="35" Block="0" Page="204" />
  </Paragraph>
  <Paragraph>
    <Words Start="36" End="39" Block="0" Page="204" />
  </Paragraph>
  <Paragraph>
    <Words Start="40" End="48" Block="0" Page="204" />
  </Paragraph>
  <Paragraph>
    <Words Start="49" End="53" Block="0" Page="204" />
  </Paragraph>
  <Paragraph>
    <Words Start="54" End="55" Block="0" Page="204" />
  </Paragraph>
  <Paragraph>
    <Words Start="56" End="131" Block="0" Page="204" />
  </Paragraph>
  <Paragraph>
    <Words Start="132" End="139" Block="0" Page="204" />
  </Paragraph>
  <Paragraph>
    <Words Start="140" End="159" Block="0" Page="204" />
  </Paragraph>
  <Paragraph>
    <Words Start="160" End="231" Block="0" Page="204" />
  </Paragraph>
  <Paragraph>
    <Words Start="232" End="238" Block="0" Page="204" />
  </Paragraph>
  <Paragraph>
    <Words Start="239" End="330" Block="0" Page="204" />
  </Paragraph>
  <Paragraph>
    <Words Start="331" End="331" Block="0" Page="204" />
  </Paragraph>
  <Paragraph>
    <Words Start="0" End="2" Block="0" Page="205" />
  </Paragraph>
  <Paragraph>
    <Words Start="3" End="29" Block="0" Page="205" />
  </Paragraph>
  <Paragraph>
    <Words Start="30" End="35" Block="0" Page="205" />
  </Paragraph>
  <Paragraph>
    <Words Start="36" End="41" Block="0" Page="205" />
  </Paragraph>
  <Paragraph>
    <Words Start="42" End="47" Block="0" Page="205" />
  </Paragraph>
  <Paragraph>
    <Words Start="48" End="57" Block="0" Page="205" />
  </Paragraph>
  <Paragraph>
    <Words Start="58" End="77" Block="0" Page="205" />
  </Paragraph>
  <Paragraph>
    <Words Start="78" End="87" Block="0" Page="205" />
  </Paragraph>
  <Paragraph>
    <Words Start="88" End="91" Block="0" Page="205" />
  </Paragraph>
  <Paragraph>
    <Words Start="92" End="106" Block="0" Page="205" />
  </Paragraph>
  <Paragraph>
    <Words Start="107" End="113" Block="0" Page="205" />
  </Paragraph>
  <Paragraph>
    <Words Start="114" End="121" Block="0" Page="205" />
  </Paragraph>
  <Paragraph>
    <Words Start="122" End="130" Block="0" Page="205" />
  </Paragraph>
  <Paragraph>
    <Words Start="131" End="236" Block="0" Page="205" />
  </Paragraph>
  <Paragraph>
    <Words Start="237" End="255" Block="0" Page="205" />
  </Paragraph>
  <Paragraph>
    <Words Start="256" End="260" Block="0" Page="205" />
  </Paragraph>
  <Paragraph>
    <Words Start="261" End="279" Block="0" Page="205" />
  </Paragraph>
  <Paragraph>
    <Words Start="280" End="291" Block="0" Page="205" />
  </Paragraph>
  <Paragraph>
    <Words Start="292" End="299" Block="0" Page="205" />
  </Paragraph>
  <Paragraph>
    <Words Start="300" End="300" Block="0" Page="205" />
  </Paragraph>
  <Paragraph>
    <Words Start="0" End="13" Block="0" Page="206" />
  </Paragraph>
  <Paragraph>
    <Words Start="14" End="97" Block="0" Page="206" />
  </Paragraph>
  <Paragraph>
    <Words Start="98" End="103" Block="0" Page="206" />
  </Paragraph>
  <Paragraph>
    <Words Start="104" End="108" Block="0" Page="206" />
  </Paragraph>
  <Paragraph>
    <Words Start="109" End="199" Block="0" Page="206" />
  </Paragraph>
  <Paragraph>
    <Words Start="200" End="205" Block="0" Page="206" />
  </Paragraph>
  <Paragraph>
    <Words Start="206" End="215" Block="0" Page="206" />
  </Paragraph>
  <Paragraph>
    <Words Start="216" End="220" Block="0" Page="206" />
  </Paragraph>
  <Paragraph>
    <Words Start="221" End="227" Block="0" Page="206" />
  </Paragraph>
  <Paragraph>
    <Words Start="228" End="232" Block="0" Page="206" />
  </Paragraph>
  <Paragraph>
    <Words Start="233" End="277" Block="0" Page="206" />
  </Paragraph>
  <Paragraph>
    <Words Start="278" End="337" Block="0" Page="206" />
    <Words Start="0" End="144" Block="0" Page="207" />
  </Paragraph>
  <Paragraph>
    <Words Start="145" End="276" Block="0" Page="207" />
  </Paragraph>
  <Paragraph>
    <Words Start="277" End="283" Block="0" Page="207" />
  </Paragraph>
  <Paragraph>
    <Words Start="284" End="291" Block="0" Page="207" />
  </Paragraph>
  <Paragraph>
    <Words Start="292" End="298" Block="0" Page="207" />
  </Paragraph>
  <Paragraph>
    <Words Start="299" End="305" Block="0" Page="207" />
  </Paragraph>
  <Paragraph>
    <Words Start="306" End="311" Block="0" Page="207" />
  </Paragraph>
  <Paragraph>
    <Words Start="312" End="319" Block="0" Page="207" />
  </Paragraph>
  <Paragraph>
    <Words Start="320" End="338" Block="0" Page="207" />
  </Paragraph>
  <Paragraph>
    <Words Start="0" End="6" Block="0" Page="208" />
  </Paragraph>
  <Paragraph>
    <Words Start="7" End="11" Block="0" Page="208" />
  </Paragraph>
  <Paragraph>
    <Words Start="12" End="27" Block="0" Page="208" />
  </Paragraph>
  <Paragraph>
    <Words Start="28" End="30" Block="0" Page="208" />
  </Paragraph>
  <Paragraph>
    <Words Start="31" End="42" Block="0" Page="208" />
  </Paragraph>
  <Paragraph>
    <Words Start="43" End="47" Block="0" Page="208" />
  </Paragraph>
  <Paragraph>
    <Words Start="48" End="55" Block="0" Page="208" />
  </Paragraph>
  <Paragraph>
    <Words Start="56" End="59" Block="0" Page="208" />
  </Paragraph>
  <Paragraph>
    <Words Start="60" End="70" Block="0" Page="208" />
  </Paragraph>
  <Paragraph>
    <Words Start="71" End="76" Block="0" Page="208" />
  </Paragraph>
  <Paragraph>
    <Words Start="77" End="113" Block="0" Page="208" />
  </Paragraph>
  <Paragraph>
    <Words Start="114" End="125" Block="0" Page="208" />
  </Paragraph>
  <Paragraph>
    <Words Start="126" End="134" Block="0" Page="208" />
  </Paragraph>
  <Paragraph>
    <Words Start="135" End="137" Block="0" Page="208" />
  </Paragraph>
  <Paragraph>
    <Words Start="138" End="152" Block="0" Page="208" />
  </Paragraph>
  <Paragraph>
    <Words Start="153" End="160" Block="0" Page="208" />
  </Paragraph>
  <Paragraph>
    <Words Start="161" End="175" Block="0" Page="208" />
  </Paragraph>
  <Paragraph>
    <Words Start="176" End="178" Block="0" Page="208" />
  </Paragraph>
  <Paragraph>
    <Words Start="179" End="188" Block="0" Page="208" />
  </Paragraph>
  <Paragraph>
    <Words Start="189" End="277" Block="0" Page="208" />
  </Paragraph>
  <Paragraph>
    <Words Start="0" End="6" Block="0" Page="209" />
  </Paragraph>
  <Paragraph>
    <Words Start="7" End="10" Block="0" Page="209" />
  </Paragraph>
  <Paragraph>
    <Words Start="11" End="15" Block="0" Page="209" />
  </Paragraph>
  <Paragraph>
    <Words Start="16" End="33" Block="0" Page="209" />
  </Paragraph>
  <Paragraph>
    <Words Start="34" End="43" Block="0" Page="209" />
  </Paragraph>
  <Paragraph>
    <Words Start="44" End="44" Block="0" Page="209" />
  </Paragraph>
  <Paragraph>
    <Words Start="45" End="112" Block="0" Page="209" />
  </Paragraph>
  <Paragraph>
    <Words Start="113" End="120" Block="0" Page="209" />
  </Paragraph>
  <Paragraph>
    <Words Start="121" End="213" Block="0" Page="209" />
  </Paragraph>
  <Paragraph>
    <Words Start="214" End="218" Block="0" Page="209" />
  </Paragraph>
  <Paragraph>
    <Words Start="219" End="266" Block="0" Page="209" />
  </Paragraph>
  <Paragraph>
    <Words Start="267" End="274" Block="0" Page="209" />
  </Paragraph>
  <Paragraph>
    <Words Start="275" End="283" Block="0" Page="209" />
  </Paragraph>
  <Paragraph>
    <Words Start="284" End="287" Block="0" Page="209" />
  </Paragraph>
  <Paragraph>
    <Words Start="288" End="321" Block="0" Page="209" />
  </Paragraph>
  <Paragraph>
    <Words Start="0" End="93" Block="0" Page="210" />
  </Paragraph>
  <Paragraph>
    <Words Start="94" End="101" Block="0" Page="210" />
  </Paragraph>
  <Paragraph>
    <Words Start="102" End="106" Block="0" Page="210" />
  </Paragraph>
  <Paragraph>
    <Words Start="107" End="110" Block="0" Page="210" />
  </Paragraph>
  <Paragraph>
    <Words Start="111" End="114" Block="0" Page="210" />
  </Paragraph>
  <Paragraph>
    <Words Start="115" End="123" Block="0" Page="210" />
  </Paragraph>
  <Paragraph>
    <Words Start="124" End="130" Block="0" Page="210" />
  </Paragraph>
  <Paragraph>
    <Words Start="131" End="145" Block="0" Page="210" />
  </Paragraph>
  <Paragraph>
    <Words Start="146" End="166" Block="0" Page="210" />
  </Paragraph>
  <Paragraph>
    <Words Start="167" End="174" Block="0" Page="210" />
  </Paragraph>
  <Paragraph>
    <Words Start="175" End="180" Block="0" Page="210" />
  </Paragraph>
  <Paragraph>
    <Words Start="181" End="183" Block="0" Page="210" />
  </Paragraph>
  <Paragraph>
    <Words Start="184" End="323" Block="0" Page="210" />
    <Words Block="0" Page="211" />
  </Paragraph>
  <Paragraph>
    <Words Start="0" End="4" Block="0" Page="212" />
  </Paragraph>
  <Paragraph>
    <Words Start="5" End="60" Block="0" Page="212" />
  </Paragraph>
  <Paragraph>
    <Words Start="61" End="65" Block="0" Page="212" />
  </Paragraph>
  <Paragraph>
    <Words Start="66" End="75" Block="0" Page="212" />
  </Paragraph>
  <Paragraph>
    <Words Start="76" End="79" Block="0" Page="212" />
  </Paragraph>
  <Paragraph>
    <Words Start="80" End="84" Block="0" Page="212" />
  </Paragraph>
  <Paragraph>
    <Words Start="85" End="87" Block="0" Page="212" />
  </Paragraph>
  <Paragraph>
    <Words Start="88" End="121" Block="0" Page="212" />
  </Paragraph>
  <Paragraph>
    <Words Start="122" End="123" Block="0" Page="212" />
  </Paragraph>
  <Paragraph>
    <Words Start="124" End="138" Block="0" Page="212" />
  </Paragraph>
  <Paragraph>
    <Words Start="139" End="143" Block="0" Page="212" />
  </Paragraph>
  <Paragraph>
    <Words Start="144" End="342" Block="0" Page="212" />
    <Words Start="0" End="135" Block="0" Page="213" />
  </Paragraph>
  <Paragraph>
    <Words Start="136" End="147" Block="0" Page="213" />
  </Paragraph>
  <Paragraph>
    <Words Start="148" End="230" Block="0" Page="213" />
  </Paragraph>
  <Paragraph>
    <Words Start="231" End="283" Block="0" Page="213" />
  </Paragraph>
  <Paragraph>
    <Words Start="284" End="291" Block="0" Page="213" />
  </Paragraph>
  <Paragraph>
    <Words Start="292" End="299" Block="0" Page="213" />
  </Paragraph>
  <Paragraph>
    <Words Start="300" End="324" Block="0" Page="213" />
  </Paragraph>
  <Paragraph>
    <Words Start="325" End="330" Block="0" Page="213" />
  </Paragraph>
  <Paragraph>
    <Words Start="331" End="335" Block="0" Page="213" />
  </Paragraph>
  <Paragraph>
    <Words Start="336" End="338" Block="0" Page="213" />
  </Paragraph>
  <Paragraph>
    <Words Start="339" End="342" Block="0" Page="213" />
  </Paragraph>
  <Paragraph>
    <Words Start="0" End="2" Block="0" Page="214" />
  </Paragraph>
  <Paragraph>
    <Words Start="3" End="17" Block="0" Page="214" />
  </Paragraph>
  <Paragraph>
    <Words Start="18" End="21" Block="0" Page="214" />
  </Paragraph>
  <Paragraph>
    <Words Start="22" End="26" Block="0" Page="214" />
  </Paragraph>
  <Paragraph>
    <Words Start="27" End="35" Block="0" Page="214" />
  </Paragraph>
  <Paragraph>
    <Words Start="36" End="39" Block="0" Page="214" />
  </Paragraph>
  <Paragraph>
    <Words Start="40" End="77" Block="0" Page="214" />
  </Paragraph>
  <Paragraph>
    <Words Start="0" End="124" Block="1" Page="214" />
  </Paragraph>
  <Paragraph>
    <Words Start="125" End="251" Block="1" Page="214" />
  </Paragraph>
  <Paragraph>
    <Words Start="252" End="252" Block="1" Page="214" />
    <Words Start="0" End="112" Block="0" Page="215" />
  </Paragraph>
  <Paragraph>
    <Words Start="113" End="278" Block="0" Page="215" />
  </Paragraph>
  <Paragraph>
    <Words Start="279" End="285" Block="0" Page="215" />
  </Paragraph>
  <Paragraph>
    <Words Start="286" End="289" Block="0" Page="215" />
  </Paragraph>
  <Paragraph>
    <Words Start="290" End="292" Block="0" Page="215" />
  </Paragraph>
  <Paragraph>
    <Words Start="293" End="373" Block="0" Page="215" />
    <Words Start="0" End="152" Block="0" Page="216" />
  </Paragraph>
  <Paragraph>
    <Words Start="153" End="157" Block="0" Page="216" />
  </Paragraph>
  <Paragraph>
    <Words Start="158" End="174" Block="0" Page="216" />
  </Paragraph>
  <Paragraph>
    <Words Start="175" End="275" Block="0" Page="216" />
  </Paragraph>
  <Paragraph>
    <Words Start="276" End="286" Block="0" Page="216" />
  </Paragraph>
  <Paragraph>
    <Words Start="287" End="294" Block="0" Page="216" />
  </Paragraph>
  <Paragraph>
    <Words Start="295" End="308" Block="0" Page="216" />
  </Paragraph>
  <Paragraph>
    <Words Start="309" End="315" Block="0" Page="216" />
  </Paragraph>
  <Paragraph>
    <Words Start="316" End="321" Block="0" Page="216" />
  </Paragraph>
  <Paragraph>
    <Words Start="322" End="329" Block="0" Page="216" />
  </Paragraph>
  <Paragraph>
    <Words Start="330" End="335" Block="0" Page="216" />
  </Paragraph>
  <Paragraph>
    <Words Start="336" End="344" Block="0" Page="216" />
  </Paragraph>
  <Paragraph>
    <Words Start="0" End="5" Block="0" Page="217" />
  </Paragraph>
  <Paragraph>
    <Words Start="6" End="13" Block="0" Page="217" />
  </Paragraph>
  <Paragraph>
    <Words Start="14" End="18" Block="0" Page="217" />
  </Paragraph>
  <Paragraph>
    <Words Start="19" End="89" Block="0" Page="217" />
  </Paragraph>
  <Paragraph>
    <Words Start="90" End="97" Block="0" Page="217" />
  </Paragraph>
  <Paragraph>
    <Words Start="98" End="105" Block="0" Page="217" />
  </Paragraph>
  <Paragraph>
    <Words Start="106" End="109" Block="0" Page="217" />
  </Paragraph>
  <Paragraph>
    <Words Start="110" End="116" Block="0" Page="217" />
  </Paragraph>
  <Paragraph>
    <Words Start="117" End="121" Block="0" Page="217" />
  </Paragraph>
  <Paragraph>
    <Words Start="122" End="144" Block="0" Page="217" />
  </Paragraph>
  <Paragraph>
    <Words Start="145" End="319" Block="0" Page="217" />
  </Paragraph>
  <Paragraph>
    <Words Start="0" End="150" Block="0" Page="218" />
  </Paragraph>
  <Paragraph>
    <Words Start="151" End="159" Block="0" Page="218" />
  </Paragraph>
  <Paragraph>
    <Words Start="160" End="178" Block="0" Page="218" />
  </Paragraph>
  <Paragraph>
    <Words Start="179" End="183" Block="0" Page="218" />
  </Paragraph>
  <Paragraph>
    <Words Start="184" End="189" Block="0" Page="218" />
  </Paragraph>
  <Paragraph>
    <Words Start="190" End="199" Block="0" Page="218" />
  </Paragraph>
  <Paragraph>
    <Words Start="200" End="207" Block="0" Page="218" />
  </Paragraph>
  <Paragraph>
    <Words Start="208" End="218" Block="0" Page="218" />
  </Paragraph>
  <Paragraph>
    <Words Start="219" End="231" Block="0" Page="218" />
  </Paragraph>
  <Paragraph>
    <Words Start="232" End="233" Block="0" Page="218" />
  </Paragraph>
  <Paragraph>
    <Words Start="234" End="269" Block="0" Page="218" />
  </Paragraph>
  <Paragraph>
    <Words Start="270" End="274" Block="0" Page="218" />
  </Paragraph>
  <Paragraph>
    <Words Start="275" End="355" Block="0" Page="218" />
    <Words Start="0" End="398" Block="0" Page="219" />
  </Paragraph>
  <Paragraph>
    <Words Start="399" End="409" Block="0" Page="219" />
    <Words Start="0" End="22" Block="0" Page="220" />
  </Paragraph>
  <Paragraph>
    <Words Start="23" End="46" Block="0" Page="220" />
  </Paragraph>
  <Paragraph>
    <Words Start="47" End="52" Block="0" Page="220" />
  </Paragraph>
  <Paragraph>
    <Words Start="53" End="76" Block="0" Page="220" />
  </Paragraph>
  <Paragraph>
    <Words Start="77" End="319" Block="0" Page="220" />
  </Paragraph>
  <Paragraph>
    <Words Start="320" End="327" Block="0" Page="220" />
  </Paragraph>
  <Paragraph>
    <Words Start="328" End="333" Block="0" Page="220" />
  </Paragraph>
  <Paragraph>
    <Words Start="334" End="346" Block="0" Page="220" />
    <Words Start="0" End="58" Block="0" Page="221" />
  </Paragraph>
  <Paragraph>
    <Words Start="59" End="75" Block="0" Page="221" />
  </Paragraph>
  <Paragraph>
    <Words Start="76" End="102" Block="0" Page="221" />
  </Paragraph>
  <Paragraph>
    <Words Start="103" End="166" Block="0" Page="221" />
  </Paragraph>
  <Paragraph>
    <Words Start="167" End="178" Block="0" Page="221" />
  </Paragraph>
  <Paragraph>
    <Words Start="179" End="191" Block="0" Page="221" />
  </Paragraph>
  <Paragraph>
    <Words Start="192" End="199" Block="0" Page="221" />
  </Paragraph>
  <Paragraph>
    <Words Start="200" End="206" Block="0" Page="221" />
  </Paragraph>
  <Paragraph>
    <Words Start="207" End="211" Block="0" Page="221" />
  </Paragraph>
  <Paragraph>
    <Words Start="212" End="222" Block="0" Page="221" />
  </Paragraph>
  <Paragraph>
    <Words Start="223" End="253" Block="0" Page="221" />
  </Paragraph>
  <Paragraph>
    <Words Start="254" End="265" Block="0" Page="221" />
  </Paragraph>
  <Paragraph>
    <Words Start="266" End="271" Block="0" Page="221" />
  </Paragraph>
  <Paragraph>
    <Words Start="272" End="277" Block="0" Page="221" />
  </Paragraph>
  <Paragraph>
    <Words Start="278" End="317" Block="0" Page="221" />
  </Paragraph>
  <Paragraph>
    <Words Start="318" End="320" Block="0" Page="221" />
  </Paragraph>
  <Paragraph>
    <Words Start="0" End="28" Block="0" Page="222" />
  </Paragraph>
  <Paragraph>
    <Words Start="29" End="35" Block="0" Page="222" />
  </Paragraph>
  <Paragraph>
    <Words Start="36" End="38" Block="0" Page="222" />
  </Paragraph>
  <Paragraph>
    <Words Start="39" End="41" Block="0" Page="222" />
  </Paragraph>
  <Paragraph>
    <Words Start="42" End="48" Block="0" Page="222" />
  </Paragraph>
  <Paragraph>
    <Words Start="49" End="55" Block="0" Page="222" />
  </Paragraph>
  <Paragraph>
    <Words Start="56" End="62" Block="0" Page="222" />
  </Paragraph>
  <Paragraph>
    <Words Start="63" End="67" Block="0" Page="222" />
  </Paragraph>
  <Paragraph>
    <Words Start="68" End="264" Block="0" Page="222" />
  </Paragraph>
  <Paragraph>
    <Words Start="265" End="269" Block="0" Page="222" />
  </Paragraph>
  <Paragraph>
    <Words Start="270" End="334" Block="0" Page="222" />
  </Paragraph>
  <Paragraph>
    <Words Start="335" End="335" Block="0" Page="222" />
    <Words Start="0" End="15" Block="0" Page="223" />
  </Paragraph>
  <Paragraph>
    <Words Start="16" End="201" Block="0" Page="223" />
  </Paragraph>
  <Paragraph>
    <Words Start="202" End="205" Block="0" Page="223" />
  </Paragraph>
  <Paragraph>
    <Words Start="206" End="210" Block="0" Page="223" />
  </Paragraph>
  <Paragraph>
    <Words Start="211" End="213" Block="0" Page="223" />
  </Paragraph>
  <Paragraph>
    <Words Start="214" End="227" Block="0" Page="223" />
  </Paragraph>
  <Paragraph>
    <Words Start="228" End="228" Block="0" Page="223" />
  </Paragraph>
  <Paragraph>
    <Words Start="229" End="230" Block="0" Page="223" />
  </Paragraph>
  <Paragraph>
    <Words Start="231" End="234" Block="0" Page="223" />
  </Paragraph>
  <Paragraph>
    <Words Start="235" End="240" Block="0" Page="223" />
  </Paragraph>
  <Paragraph>
    <Words Start="241" End="249" Block="0" Page="223" />
  </Paragraph>
  <Paragraph>
    <Words Start="250" End="257" Block="0" Page="223" />
  </Paragraph>
  <Paragraph>
    <Words Start="258" End="260" Block="0" Page="223" />
  </Paragraph>
  <Paragraph>
    <Words Start="261" End="266" Block="0" Page="223" />
  </Paragraph>
  <Paragraph>
    <Words Start="267" End="279" Block="0" Page="223" />
  </Paragraph>
  <Paragraph>
    <Words Start="0" End="291" Block="0" Page="224" />
  </Paragraph>
  <Paragraph>
    <Words Start="292" End="296" Block="0" Page="224" />
  </Paragraph>
  <Paragraph>
    <Words Start="297" End="308" Block="0" Page="224" />
  </Paragraph>
  <Paragraph>
    <Words Start="309" End="311" Block="0" Page="224" />
  </Paragraph>
  <Paragraph>
    <Words Start="312" End="315" Block="0" Page="224" />
  </Paragraph>
  <Paragraph>
    <Words Start="316" End="321" Block="0" Page="224" />
  </Paragraph>
  <Paragraph>
    <Words Start="322" End="329" Block="0" Page="224" />
  </Paragraph>
  <Paragraph>
    <Words Start="330" End="334" Block="0" Page="224" />
  </Paragraph>
  <Paragraph>
    <Words Start="335" End="367" Block="0" Page="224" />
  </Paragraph>
  <Paragraph>
    <Words Start="368" End="368" Block="0" Page="224" />
    <Words Start="0" End="44" Block="0" Page="225" />
  </Paragraph>
  <Paragraph>
    <Words Start="45" End="52" Block="0" Page="225" />
  </Paragraph>
  <Paragraph>
    <Words Start="53" End="58" Block="0" Page="225" />
  </Paragraph>
  <Paragraph>
    <Words Start="59" End="61" Block="0" Page="225" />
  </Paragraph>
  <Paragraph>
    <Words Start="62" End="65" Block="0" Page="225" />
  </Paragraph>
  <Paragraph>
    <Words Start="66" End="67" Block="0" Page="225" />
  </Paragraph>
  <Paragraph>
    <Words Start="68" End="72" Block="0" Page="225" />
  </Paragraph>
  <Paragraph>
    <Words Start="73" End="79" Block="0" Page="225" />
  </Paragraph>
  <Paragraph>
    <Words Start="80" End="84" Block="0" Page="225" />
  </Paragraph>
  <Paragraph>
    <Words Start="85" End="89" Block="0" Page="225" />
  </Paragraph>
  <Paragraph>
    <Words Start="90" End="95" Block="0" Page="225" />
  </Paragraph>
  <Paragraph>
    <Words Start="96" End="104" Block="0" Page="225" />
  </Paragraph>
  <Paragraph>
    <Words Start="105" End="115" Block="0" Page="225" />
  </Paragraph>
  <Paragraph>
    <Words Start="116" End="120" Block="0" Page="225" />
  </Paragraph>
  <Paragraph>
    <Words Start="121" End="126" Block="0" Page="225" />
  </Paragraph>
  <Paragraph>
    <Words Start="127" End="241" Block="0" Page="225" />
  </Paragraph>
  <Paragraph>
    <Words Start="242" End="293" Block="0" Page="225" />
  </Paragraph>
  <Paragraph>
    <Words Start="294" End="294" Block="0" Page="225" />
  </Paragraph>
  <Paragraph>
    <Words Start="0" End="122" Block="0" Page="226" />
  </Paragraph>
  <Paragraph>
    <Words Start="123" End="127" Block="0" Page="226" />
  </Paragraph>
  <Paragraph>
    <Words Start="128" End="131" Block="0" Page="226" />
  </Paragraph>
  <Paragraph>
    <Words Start="132" End="137" Block="0" Page="226" />
  </Paragraph>
  <Paragraph>
    <Words Start="138" End="232" Block="0" Page="226" />
  </Paragraph>
  <Paragraph>
    <Words Start="233" End="240" Block="0" Page="226" />
  </Paragraph>
  <Paragraph>
    <Words Start="241" End="266" Block="0" Page="226" />
  </Paragraph>
  <Paragraph>
    <Words Start="267" End="274" Block="0" Page="226" />
  </Paragraph>
  <Paragraph>
    <Words Start="275" End="285" Block="0" Page="226" />
  </Paragraph>
  <Paragraph>
    <Words Start="286" End="290" Block="0" Page="226" />
  </Paragraph>
  <Paragraph>
    <Words Start="291" End="294" Block="0" Page="226" />
  </Paragraph>
  <Paragraph>
    <Words Block="1" Page="226" />
    <Words Start="0" End="42" Block="0" Page="227" />
  </Paragraph>
  <Paragraph>
    <Words Start="43" End="47" Block="0" Page="227" />
  </Paragraph>
  <Paragraph>
    <Words Start="48" End="53" Block="0" Page="227" />
  </Paragraph>
  <Paragraph>
    <Words Start="54" End="60" Block="0" Page="227" />
  </Paragraph>
  <Paragraph>
    <Words Start="61" End="68" Block="0" Page="227" />
  </Paragraph>
  <Paragraph>
    <Words Start="69" End="76" Block="0" Page="227" />
  </Paragraph>
  <Paragraph>
    <Words Start="77" End="144" Block="0" Page="227" />
  </Paragraph>
  <Paragraph>
    <Words Start="145" End="150" Block="0" Page="227" />
  </Paragraph>
  <Paragraph>
    <Words Start="151" End="344" Block="0" Page="227" />
    <Words Start="0" End="22" Block="0" Page="228" />
  </Paragraph>
  <Paragraph>
    <Words Start="23" End="33" Block="0" Page="228" />
  </Paragraph>
  <Paragraph>
    <Words Start="34" End="51" Block="0" Page="228" />
  </Paragraph>
  <Paragraph>
    <Words Start="52" End="56" Block="0" Page="228" />
  </Paragraph>
  <Paragraph>
    <Words Start="57" End="68" Block="0" Page="228" />
  </Paragraph>
  <Paragraph>
    <Words Start="69" End="389" Block="0" Page="228" />
    <Words Start="0" End="266" Block="0" Page="229" />
  </Paragraph>
  <Paragraph>
    <Words Start="267" End="275" Block="0" Page="229" />
  </Paragraph>
  <Paragraph>
    <Words Start="276" End="282" Block="0" Page="229" />
  </Paragraph>
  <Paragraph>
    <Words Start="283" End="287" Block="0" Page="229" />
  </Paragraph>
  <Paragraph>
    <Words Start="288" End="293" Block="0" Page="229" />
  </Paragraph>
  <Paragraph>
    <Words Start="294" End="365" Block="0" Page="229" />
    <Words Start="0" End="38" Block="0" Page="230" />
  </Paragraph>
  <Paragraph>
    <Words Start="39" End="55" Block="0" Page="230" />
  </Paragraph>
  <Paragraph>
    <Words Start="56" End="65" Block="0" Page="230" />
  </Paragraph>
  <Paragraph>
    <Words Start="66" End="68" Block="0" Page="230" />
  </Paragraph>
  <Paragraph>
    <Words Start="69" End="127" Block="0" Page="230" />
  </Paragraph>
  <Paragraph>
    <Words Start="128" End="207" Block="0" Page="230" />
  </Paragraph>
  <Paragraph>
    <Words Start="208" End="217" Block="0" Page="230" />
  </Paragraph>
  <Paragraph>
    <Words Start="218" End="338" Block="0" Page="230" />
    <Words Start="0" End="34" Block="0" Page="231" />
  </Paragraph>
  <Paragraph>
    <Words Start="35" End="343" Block="0" Page="231" />
    <Words Start="0" End="44" Block="0" Page="232" />
  </Paragraph>
  <Paragraph>
    <Words Start="45" End="49" Block="0" Page="232" />
  </Paragraph>
  <Paragraph>
    <Words Start="50" End="174" Block="0" Page="232" />
  </Paragraph>
  <Paragraph>
    <Words Start="175" End="183" Block="0" Page="232" />
  </Paragraph>
  <Paragraph>
    <Words Start="184" End="189" Block="0" Page="232" />
  </Paragraph>
  <Paragraph>
    <Words Start="190" End="344" Block="0" Page="232" />
    <Words Start="0" End="60" Block="0" Page="233" />
  </Paragraph>
  <Paragraph>
    <Words Start="61" End="96" Block="0" Page="233" />
  </Paragraph>
  <Paragraph>
    <Words Start="97" End="101" Block="0" Page="233" />
  </Paragraph>
  <Paragraph>
    <Words Start="102" End="107" Block="0" Page="233" />
  </Paragraph>
  <Paragraph>
    <Words Start="108" End="111" Block="0" Page="233" />
  </Paragraph>
  <Paragraph>
    <Words Start="112" End="134" Block="0" Page="233" />
  </Paragraph>
  <Paragraph>
    <Words Start="135" End="139" Block="0" Page="233" />
  </Paragraph>
  <Paragraph>
    <Words Start="140" End="146" Block="0" Page="233" />
  </Paragraph>
  <Paragraph>
    <Words Start="147" End="149" Block="0" Page="233" />
  </Paragraph>
  <Paragraph>
    <Words Start="150" End="150" Block="0" Page="233" />
  </Paragraph>
  <Paragraph>
    <Words Start="151" End="163" Block="0" Page="233" />
  </Paragraph>
  <Paragraph>
    <Words Start="164" End="165" Block="0" Page="233" />
  </Paragraph>
  <Paragraph>
    <Words Start="166" End="173" Block="0" Page="233" />
  </Paragraph>
  <Paragraph>
    <Words Start="174" End="180" Block="0" Page="233" />
  </Paragraph>
  <Paragraph>
    <Words Start="181" End="200" Block="0" Page="233" />
  </Paragraph>
  <Paragraph>
    <Words Start="201" End="222" Block="0" Page="233" />
  </Paragraph>
  <Paragraph>
    <Words Start="223" End="231" Block="0" Page="233" />
  </Paragraph>
  <Paragraph>
    <Words Start="232" End="239" Block="0" Page="233" />
  </Paragraph>
  <Paragraph>
    <Words Start="240" End="245" Block="0" Page="233" />
  </Paragraph>
  <Paragraph>
    <Words Start="246" End="249" Block="0" Page="233" />
  </Paragraph>
  <Paragraph>
    <Words Start="250" End="253" Block="0" Page="233" />
  </Paragraph>
  <Paragraph>
    <Words Block="0" Page="234" />
  </Paragraph>
  <Paragraph>
    <Words Start="0" End="208" Block="1" Page="234" />
  </Paragraph>
  <Paragraph>
    <Words Start="209" End="218" Block="1" Page="234" />
  </Paragraph>
  <Paragraph>
    <Words Start="219" End="224" Block="1" Page="234" />
  </Paragraph>
  <Paragraph>
    <Words Start="225" End="228" Block="1" Page="234" />
  </Paragraph>
  <Paragraph>
    <Words Start="229" End="266" Block="1" Page="234" />
  </Paragraph>
  <Paragraph>
    <Words Start="267" End="274" Block="1" Page="234" />
  </Paragraph>
  <Paragraph>
    <Words Start="275" End="322" Block="1" Page="234" />
    <Words Start="0" End="44" Block="0" Page="235" />
  </Paragraph>
  <Paragraph>
    <Words Start="45" End="50" Block="0" Page="235" />
  </Paragraph>
  <Paragraph>
    <Words Start="51" End="56" Block="0" Page="235" />
  </Paragraph>
  <Paragraph>
    <Words Start="57" End="65" Block="0" Page="235" />
  </Paragraph>
  <Paragraph>
    <Words Start="66" End="73" Block="0" Page="235" />
  </Paragraph>
  <Paragraph>
    <Words Start="74" End="89" Block="0" Page="235" />
  </Paragraph>
  <Paragraph>
    <Words Start="90" End="108" Block="0" Page="235" />
  </Paragraph>
  <Paragraph>
    <Words Start="109" End="119" Block="0" Page="235" />
  </Paragraph>
  <Paragraph>
    <Words Start="120" End="135" Block="0" Page="235" />
  </Paragraph>
  <Paragraph>
    <Words Start="136" End="142" Block="0" Page="235" />
  </Paragraph>
  <Paragraph>
    <Words Start="143" End="148" Block="0" Page="235" />
  </Paragraph>
  <Paragraph>
    <Words Start="149" End="158" Block="0" Page="235" />
  </Paragraph>
  <Paragraph>
    <Words Start="159" End="164" Block="0" Page="235" />
  </Paragraph>
  <Paragraph>
    <Words Start="165" End="166" Block="0" Page="235" />
  </Paragraph>
  <Paragraph>
    <Words Start="167" End="171" Block="0" Page="235" />
  </Paragraph>
  <Paragraph>
    <Words Start="172" End="176" Block="0" Page="235" />
  </Paragraph>
  <Paragraph>
    <Words Start="177" End="183" Block="0" Page="235" />
  </Paragraph>
  <Paragraph>
    <Words Start="184" End="261" Block="0" Page="235" />
  </Paragraph>
  <Paragraph>
    <Words Start="262" End="265" Block="0" Page="235" />
  </Paragraph>
  <Paragraph>
    <Words Start="266" End="269" Block="0" Page="235" />
  </Paragraph>
  <Paragraph>
    <Words Start="270" End="278" Block="0" Page="235" />
  </Paragraph>
  <Paragraph>
    <Words Start="279" End="300" Block="0" Page="235" />
    <Words Start="0" End="169" Block="0" Page="236" />
  </Paragraph>
  <Paragraph>
    <Words Start="170" End="179" Block="0" Page="236" />
  </Paragraph>
  <Paragraph>
    <Words Start="180" End="182" Block="0" Page="236" />
  </Paragraph>
  <Paragraph>
    <Words Start="183" End="223" Block="0" Page="236" />
  </Paragraph>
  <Paragraph>
    <Words Start="224" End="257" Block="0" Page="236" />
  </Paragraph>
  <Paragraph>
    <Words Start="258" End="268" Block="0" Page="236" />
  </Paragraph>
  <Paragraph>
    <Words Start="269" End="272" Block="0" Page="236" />
  </Paragraph>
  <Paragraph>
    <Words Start="273" End="286" Block="0" Page="236" />
  </Paragraph>
  <Paragraph>
    <Words Start="287" End="293" Block="0" Page="236" />
  </Paragraph>
  <Paragraph>
    <Words Start="294" End="304" Block="0" Page="236" />
  </Paragraph>
  <Paragraph>
    <Words Start="305" End="331" Block="0" Page="236" />
    <Words Start="0" End="30" Block="0" Page="237" />
  </Paragraph>
  <Paragraph>
    <Words Start="31" End="383" Block="0" Page="237" />
    <Words Start="0" End="133" Block="0" Page="238" />
  </Paragraph>
  <Paragraph>
    <Words Start="134" End="378" Block="0" Page="238" />
    <Words Block="0" Page="239" />
  </Paragraph>
</Flow>