﻿<?xml version="1.0" encoding="utf-8"?>
<Flow Name="f10">
  <Paragraph>
    <Words Block="0" Page="113" />
  </Paragraph>
  <Paragraph>
    <Words Start="0" End="11" Block="1" Page="113" />
  </Paragraph>
  <Paragraph>
    <Words Start="12" End="20" Block="1" Page="113" />
  </Paragraph>
  <Paragraph>
    <Words Start="21" End="195" Block="1" Page="113" />
  </Paragraph>
  <Paragraph>
    <Words Start="0" End="78" Block="0" Page="114" />
  </Paragraph>
  <Paragraph>
    <Words Start="79" End="81" Block="0" Page="114" />
  </Paragraph>
  <Paragraph>
    <Words Start="0" End="98" Block="1" Page="114" />
  </Paragraph>
  <Paragraph>
    <Words Start="99" End="274" Block="1" Page="114" />
    <Words Start="0" End="20" Block="0" Page="115" />
  </Paragraph>
  <Paragraph>
    <Words Start="21" End="269" Block="0" Page="115" />
  </Paragraph>
  <Paragraph>
    <Words Start="270" End="280" Block="0" Page="115" />
  </Paragraph>
  <Paragraph>
    <Words Start="281" End="292" Block="0" Page="115" />
  </Paragraph>
  <Paragraph>
    <Words Start="293" End="322" Block="0" Page="115" />
    <Words Start="0" End="13" Block="0" Page="116" />
  </Paragraph>
  <Paragraph>
    <Words Start="14" End="21" Block="0" Page="116" />
  </Paragraph>
  <Paragraph>
    <Words Start="22" End="62" Block="0" Page="116" />
  </Paragraph>
  <Paragraph>
    <Words Start="63" End="72" Block="0" Page="116" />
  </Paragraph>
  <Paragraph>
    <Words Start="73" End="83" Block="0" Page="116" />
  </Paragraph>
  <Paragraph>
    <Words Start="84" End="86" Block="0" Page="116" />
  </Paragraph>
  <Paragraph>
    <Words Start="87" End="99" Block="0" Page="116" />
  </Paragraph>
  <Paragraph>
    <Words Start="100" End="104" Block="0" Page="116" />
  </Paragraph>
  <Paragraph>
    <Words Start="105" End="118" Block="0" Page="116" />
  </Paragraph>
  <Paragraph>
    <Words Start="0" End="174" Block="1" Page="116" />
  </Paragraph>
  <Paragraph>
    <Words Start="175" End="200" Block="1" Page="116" />
    <Words Start="0" End="164" Block="0" Page="117" />
  </Paragraph>
  <Paragraph>
    <Words Start="165" End="170" Block="0" Page="117" />
  </Paragraph>
  <Paragraph>
    <Words Start="171" End="177" Block="0" Page="117" />
  </Paragraph>
  <Paragraph>
    <Words Start="178" End="231" Block="0" Page="117" />
  </Paragraph>
  <Paragraph>
    <Words Start="232" End="321" Block="0" Page="117" />
  </Paragraph>
  <Paragraph>
    <Words Start="322" End="331" Block="0" Page="117" />
  </Paragraph>
  <Paragraph>
    <Words Start="332" End="336" Block="0" Page="117" />
  </Paragraph>
  <Paragraph>
    <Words Start="337" End="345" Block="0" Page="117" />
  </Paragraph>
  <Paragraph>
    <Words Start="346" End="377" Block="0" Page="117" />
  </Paragraph>
  <Paragraph>
    <Words Start="0" End="208" Block="0" Page="118" />
  </Paragraph>
  <Paragraph>
    <Words Start="209" End="219" Block="0" Page="118" />
  </Paragraph>
  <Paragraph>
    <Words Start="220" End="263" Block="0" Page="118" />
  </Paragraph>
  <Paragraph>
    <Words Start="264" End="270" Block="0" Page="118" />
  </Paragraph>
  <Paragraph>
    <Words Start="271" End="276" Block="0" Page="118" />
  </Paragraph>
  <Paragraph>
    <Words Start="277" End="287" Block="0" Page="118" />
  </Paragraph>
  <Paragraph>
    <Words Start="288" End="295" Block="0" Page="118" />
  </Paragraph>
  <Paragraph>
    <Words Start="296" End="357" Block="0" Page="118" />
    <Words Start="0" End="266" Block="0" Page="119" />
  </Paragraph>
  <Paragraph>
    <Words Start="267" End="356" Block="0" Page="119" />
    <Words Block="0" Page="120" />
  </Paragraph>
  <Paragraph>
    <Words Start="0" End="231" Block="1" Page="120" />
  </Paragraph>
  <Paragraph>
    <Words Start="232" End="239" Block="1" Page="120" />
  </Paragraph>
  <Paragraph>
    <Words Start="240" End="332" Block="1" Page="120" />
  </Paragraph>
  <Paragraph>
    <Words Start="333" End="333" Block="1" Page="120" />
    <Words Start="0" End="157" Block="0" Page="121" />
  </Paragraph>
  <Paragraph>
    <Words Start="158" End="250" Block="0" Page="121" />
  </Paragraph>
  <Paragraph>
    <Words Start="251" End="256" Block="0" Page="121" />
  </Paragraph>
  <Paragraph>
    <Words Start="257" End="271" Block="0" Page="121" />
  </Paragraph>
  <Paragraph>
    <Words Start="272" End="358" Block="0" Page="121" />
    <Words Start="0" End="110" Block="0" Page="122" />
  </Paragraph>
  <Paragraph>
    <Words Start="111" End="117" Block="0" Page="122" />
  </Paragraph>
  <Paragraph>
    <Words Start="118" End="332" Block="0" Page="122" />
  </Paragraph>
  <Paragraph>
    <Words Start="333" End="341" Block="0" Page="122" />
  </Paragraph>
  <Paragraph>
    <Words Start="342" End="347" Block="0" Page="122" />
  </Paragraph>
  <Paragraph>
    <Words Start="348" End="354" Block="0" Page="122" />
  </Paragraph>
  <Paragraph>
    <Words Start="355" End="359" Block="0" Page="122" />
  </Paragraph>
  <Paragraph>
    <Words Start="0" End="22" Block="0" Page="123" />
  </Paragraph>
  <Paragraph>
    <Words Start="23" End="26" Block="0" Page="123" />
  </Paragraph>
  <Paragraph>
    <Words Start="27" End="40" Block="0" Page="123" />
  </Paragraph>
  <Paragraph>
    <Words Start="41" End="51" Block="0" Page="123" />
  </Paragraph>
  <Paragraph>
    <Words Start="52" End="55" Block="0" Page="123" />
  </Paragraph>
  <Paragraph>
    <Words Start="56" End="61" Block="0" Page="123" />
  </Paragraph>
  <Paragraph>
    <Words Start="62" End="268" Block="0" Page="123" />
  </Paragraph>
  <Paragraph>
    <Words Start="269" End="274" Block="0" Page="123" />
  </Paragraph>
  <Paragraph>
    <Words Start="275" End="280" Block="0" Page="123" />
  </Paragraph>
  <Paragraph>
    <Words Start="281" End="284" Block="0" Page="123" />
  </Paragraph>
  <Paragraph>
    <Words Start="285" End="301" Block="0" Page="123" />
  </Paragraph>
  <Paragraph>
    <Words Start="302" End="302" Block="0" Page="123" />
  </Paragraph>
  <Paragraph>
    <Words Start="0" End="96" Block="0" Page="124" />
  </Paragraph>
  <Paragraph>
    <Words Start="97" End="111" Block="0" Page="124" />
  </Paragraph>
  <Paragraph>
    <Words Block="1" Page="124" />
    <Words Start="0" End="16" Block="0" Page="125" />
  </Paragraph>
  <Paragraph>
    <Words Start="17" End="325" Block="0" Page="125" />
  </Paragraph>
  <Paragraph>
    <Words Start="326" End="357" Block="0" Page="125" />
    <Words Start="0" End="119" Block="0" Page="126" />
  </Paragraph>
  <Paragraph>
    <Words Start="120" End="126" Block="0" Page="126" />
  </Paragraph>
  <Paragraph>
    <Words Start="127" End="189" Block="0" Page="126" />
  </Paragraph>
  <Paragraph>
    <Words Start="190" End="242" Block="0" Page="126" />
  </Paragraph>
  <Paragraph>
    <Words Start="243" End="328" Block="0" Page="126" />
  </Paragraph>
  <Paragraph>
    <Words Start="329" End="335" Block="0" Page="126" />
  </Paragraph>
  <Paragraph>
    <Words Start="336" End="343" Block="0" Page="126" />
  </Paragraph>
  <Paragraph>
    <Words Start="0" End="4" Block="0" Page="127" />
  </Paragraph>
  <Paragraph>
    <Words Start="5" End="15" Block="0" Page="127" />
  </Paragraph>
  <Paragraph>
    <Words Start="16" End="24" Block="0" Page="127" />
  </Paragraph>
  <Paragraph>
    <Words Start="25" End="43" Block="0" Page="127" />
  </Paragraph>
  <Paragraph>
    <Words Start="44" End="52" Block="0" Page="127" />
  </Paragraph>
  <Paragraph>
    <Words Start="53" End="61" Block="0" Page="127" />
  </Paragraph>
  <Paragraph>
    <Words Start="62" End="206" Block="0" Page="127" />
  </Paragraph>
  <Paragraph>
    <Words Start="207" End="215" Block="0" Page="127" />
  </Paragraph>
  <Paragraph>
    <Words Start="216" End="223" Block="0" Page="127" />
  </Paragraph>
  <Paragraph>
    <Words Start="224" End="227" Block="0" Page="127" />
  </Paragraph>
  <Paragraph>
    <Words Start="228" End="231" Block="0" Page="127" />
  </Paragraph>
  <Paragraph>
    <Words Start="232" End="233" Block="0" Page="127" />
  </Paragraph>
  <Paragraph>
    <Words Start="234" End="239" Block="0" Page="127" />
  </Paragraph>
  <Paragraph>
    <Words Start="240" End="255" Block="0" Page="127" />
  </Paragraph>
  <Paragraph>
    <Words Start="256" End="258" Block="0" Page="127" />
  </Paragraph>
  <Paragraph>
    <Words Start="259" End="300" Block="0" Page="127" />
  </Paragraph>
  <Paragraph>
    <Words Start="0" End="3" Block="0" Page="128" />
  </Paragraph>
  <Paragraph>
    <Words Start="4" End="102" Block="0" Page="128" />
  </Paragraph>
  <Paragraph>
    <Words Start="103" End="107" Block="0" Page="128" />
  </Paragraph>
  <Paragraph>
    <Words Start="108" End="114" Block="0" Page="128" />
  </Paragraph>
  <Paragraph>
    <Words Start="115" End="119" Block="0" Page="128" />
  </Paragraph>
  <Paragraph>
    <Words Start="120" End="125" Block="0" Page="128" />
  </Paragraph>
  <Paragraph>
    <Words Start="126" End="209" Block="0" Page="128" />
  </Paragraph>
  <Paragraph>
    <Words Start="210" End="219" Block="0" Page="128" />
  </Paragraph>
  <Paragraph>
    <Words Start="220" End="221" Block="0" Page="128" />
  </Paragraph>
  <Paragraph>
    <Words Start="222" End="226" Block="0" Page="128" />
  </Paragraph>
  <Paragraph>
    <Words Start="227" End="234" Block="0" Page="128" />
  </Paragraph>
  <Paragraph>
    <Words Start="235" End="237" Block="0" Page="128" />
  </Paragraph>
  <Paragraph>
    <Words Start="238" End="253" Block="0" Page="128" />
  </Paragraph>
  <Paragraph>
    <Words Start="254" End="259" Block="0" Page="128" />
  </Paragraph>
  <Paragraph>
    <Words Start="260" End="268" Block="0" Page="128" />
  </Paragraph>
  <Paragraph>
    <Words Start="269" End="280" Block="0" Page="128" />
  </Paragraph>
  <Paragraph>
    <Words Start="0" End="2" Block="0" Page="129" />
  </Paragraph>
  <Paragraph>
    <Words Start="3" End="5" Block="0" Page="129" />
  </Paragraph>
  <Paragraph>
    <Words Start="6" End="67" Block="0" Page="129" />
  </Paragraph>
  <Paragraph>
    <Words Start="68" End="81" Block="0" Page="129" />
  </Paragraph>
  <Paragraph>
    <Words Start="82" End="115" Block="0" Page="129" />
  </Paragraph>
  <Paragraph>
    <Words Start="116" End="130" Block="0" Page="129" />
  </Paragraph>
  <Paragraph>
    <Words Start="131" End="138" Block="0" Page="129" />
  </Paragraph>
  <Paragraph>
    <Words Start="139" End="183" Block="0" Page="129" />
  </Paragraph>
  <Paragraph>
    <Words Start="184" End="191" Block="0" Page="129" />
  </Paragraph>
  <Paragraph>
    <Words Start="192" End="201" Block="0" Page="129" />
  </Paragraph>
  <Paragraph>
    <Words Start="202" End="203" Block="0" Page="129" />
  </Paragraph>
  <Paragraph>
    <Words Start="204" End="215" Block="0" Page="129" />
  </Paragraph>
  <Paragraph>
    <Words Start="216" End="248" Block="0" Page="129" />
  </Paragraph>
  <Paragraph>
    <Words Start="249" End="258" Block="0" Page="129" />
  </Paragraph>
  <Paragraph>
    <Words Start="259" End="272" Block="0" Page="129" />
  </Paragraph>
  <Paragraph>
    <Words Start="273" End="282" Block="0" Page="129" />
  </Paragraph>
  <Paragraph>
    <Words Start="283" End="304" Block="0" Page="129" />
  </Paragraph>
  <Paragraph>
    <Words Start="305" End="305" Block="0" Page="129" />
    <Words Block="0" Page="130" />
  </Paragraph>
  <Paragraph>
    <Words Start="0" End="14" Block="1" Page="130" />
  </Paragraph>
  <Paragraph>
    <Words Start="15" End="26" Block="1" Page="130" />
  </Paragraph>
  <Paragraph>
    <Words Start="27" End="31" Block="1" Page="130" />
  </Paragraph>
  <Paragraph>
    <Words Start="32" End="37" Block="1" Page="130" />
  </Paragraph>
  <Paragraph>
    <Words Start="38" End="42" Block="1" Page="130" />
  </Paragraph>
  <Paragraph>
    <Words Start="43" End="110" Block="1" Page="130" />
  </Paragraph>
  <Paragraph>
    <Words Start="111" End="116" Block="1" Page="130" />
  </Paragraph>
  <Paragraph>
    <Words Start="117" End="120" Block="1" Page="130" />
  </Paragraph>
  <Paragraph>
    <Words Start="121" End="129" Block="1" Page="130" />
  </Paragraph>
  <Paragraph>
    <Words Start="130" End="142" Block="1" Page="130" />
  </Paragraph>
  <Paragraph>
    <Words Start="143" End="153" Block="1" Page="130" />
  </Paragraph>
  <Paragraph>
    <Words Start="154" End="164" Block="1" Page="130" />
  </Paragraph>
  <Paragraph>
    <Words Start="165" End="173" Block="1" Page="130" />
  </Paragraph>
  <Paragraph>
    <Words Start="174" End="178" Block="1" Page="130" />
  </Paragraph>
  <Paragraph>
    <Words Start="179" End="183" Block="1" Page="130" />
  </Paragraph>
  <Paragraph>
    <Words Start="184" End="199" Block="1" Page="130" />
  </Paragraph>
  <Paragraph>
    <Words Start="200" End="207" Block="1" Page="130" />
  </Paragraph>
  <Paragraph>
    <Words Start="208" End="214" Block="1" Page="130" />
  </Paragraph>
  <Paragraph>
    <Words Start="215" End="225" Block="1" Page="130" />
  </Paragraph>
  <Paragraph>
    <Words Start="226" End="232" Block="1" Page="130" />
  </Paragraph>
  <Paragraph>
    <Words Start="0" End="8" Block="0" Page="131" />
  </Paragraph>
  <Paragraph>
    <Words Start="9" End="18" Block="0" Page="131" />
  </Paragraph>
  <Paragraph>
    <Words Start="19" End="25" Block="0" Page="131" />
  </Paragraph>
  <Paragraph>
    <Words Start="26" End="34" Block="0" Page="131" />
  </Paragraph>
  <Paragraph>
    <Words Start="35" End="46" Block="0" Page="131" />
  </Paragraph>
  <Paragraph>
    <Words Start="47" End="54" Block="0" Page="131" />
  </Paragraph>
  <Paragraph>
    <Words Start="55" End="62" Block="0" Page="131" />
  </Paragraph>
  <Paragraph>
    <Words Start="63" End="85" Block="0" Page="131" />
  </Paragraph>
  <Paragraph>
    <Words Start="86" End="89" Block="0" Page="131" />
  </Paragraph>
  <Paragraph>
    <Words Start="90" End="154" Block="0" Page="131" />
  </Paragraph>
  <Paragraph>
    <Words Start="155" End="163" Block="0" Page="131" />
  </Paragraph>
  <Paragraph>
    <Words Start="164" End="259" Block="0" Page="131" />
  </Paragraph>
  <Paragraph>
    <Words Start="260" End="265" Block="0" Page="131" />
  </Paragraph>
  <Paragraph>
    <Words Start="266" End="285" Block="0" Page="131" />
  </Paragraph>
  <Paragraph>
    <Words Start="286" End="289" Block="0" Page="131" />
  </Paragraph>
  <Paragraph>
    <Words Start="290" End="301" Block="0" Page="131" />
  </Paragraph>
  <Paragraph>
    <Words Start="302" End="302" Block="0" Page="131" />
    <Words Start="0" End="15" Block="0" Page="132" />
  </Paragraph>
  <Paragraph>
    <Words Start="16" End="86" Block="0" Page="132" />
  </Paragraph>
  <Paragraph>
    <Words Start="87" End="112" Block="0" Page="132" />
  </Paragraph>
  <Paragraph>
    <Words Start="113" End="121" Block="0" Page="132" />
  </Paragraph>
  <Paragraph>
    <Words Start="122" End="129" Block="0" Page="132" />
  </Paragraph>
  <Paragraph>
    <Words Start="130" End="132" Block="0" Page="132" />
  </Paragraph>
  <Paragraph>
    <Words Start="133" End="136" Block="0" Page="132" />
  </Paragraph>
  <Paragraph>
    <Words Start="137" End="170" Block="0" Page="132" />
  </Paragraph>
  <Paragraph>
    <Words Start="171" End="200" Block="0" Page="132" />
  </Paragraph>
  <Paragraph>
    <Words Start="201" End="206" Block="0" Page="132" />
  </Paragraph>
  <Paragraph>
    <Words Start="207" End="209" Block="0" Page="132" />
  </Paragraph>
  <Paragraph>
    <Words Start="210" End="215" Block="0" Page="132" />
  </Paragraph>
  <Paragraph>
    <Words Start="216" End="223" Block="0" Page="132" />
  </Paragraph>
  <Paragraph>
    <Words Start="224" End="235" Block="0" Page="132" />
  </Paragraph>
  <Paragraph>
    <Words Start="236" End="248" Block="0" Page="132" />
  </Paragraph>
  <Paragraph>
    <Words Start="249" End="267" Block="0" Page="132" />
  </Paragraph>
  <Paragraph>
    <Words Start="268" End="303" Block="0" Page="132" />
    <Words Start="0" End="265" Block="0" Page="133" />
  </Paragraph>
  <Paragraph>
    <Words Start="266" End="276" Block="0" Page="133" />
  </Paragraph>
  <Paragraph>
    <Words Start="277" End="308" Block="0" Page="133" />
  </Paragraph>
  <Paragraph>
    <Words Start="309" End="314" Block="0" Page="133" />
  </Paragraph>
  <Paragraph>
    <Words Start="315" End="368" Block="0" Page="133" />
    <Words Start="0" End="22" Block="0" Page="134" />
  </Paragraph>
  <Paragraph>
    <Words Start="23" End="27" Block="0" Page="134" />
  </Paragraph>
  <Paragraph>
    <Words Start="28" End="34" Block="0" Page="134" />
  </Paragraph>
  <Paragraph>
    <Words Start="0" End="227" Block="1" Page="134" />
  </Paragraph>
  <Paragraph>
    <Words Start="228" End="233" Block="1" Page="134" />
  </Paragraph>
  <Paragraph>
    <Words Start="234" End="238" Block="1" Page="134" />
  </Paragraph>
  <Paragraph>
    <Words Start="239" End="249" Block="1" Page="134" />
  </Paragraph>
  <Paragraph>
    <Words Start="250" End="317" Block="1" Page="134" />
    <Words Start="0" End="282" Block="0" Page="135" />
  </Paragraph>
  <Paragraph>
    <Words Start="283" End="290" Block="0" Page="135" />
  </Paragraph>
  <Paragraph>
    <Words Start="291" End="298" Block="0" Page="135" />
  </Paragraph>
  <Paragraph>
    <Words Start="299" End="306" Block="0" Page="135" />
  </Paragraph>
  <Paragraph>
    <Words Start="307" End="316" Block="0" Page="135" />
  </Paragraph>
  <Paragraph>
    <Words Start="317" End="345" Block="0" Page="135" />
  </Paragraph>
  <Paragraph>
    <Words Start="346" End="356" Block="0" Page="135" />
  </Paragraph>
  <Paragraph>
    <Words Start="357" End="366" Block="0" Page="135" />
    <Words Start="0" End="13" Block="0" Page="136" />
  </Paragraph>
  <Paragraph>
    <Words Start="14" End="22" Block="0" Page="136" />
  </Paragraph>
  <Paragraph>
    <Words Start="23" End="31" Block="0" Page="136" />
  </Paragraph>
  <Paragraph>
    <Words Start="32" End="43" Block="0" Page="136" />
  </Paragraph>
  <Paragraph>
    <Words Start="44" End="266" Block="0" Page="136" />
  </Paragraph>
  <Paragraph>
    <Words Start="267" End="375" Block="0" Page="136" />
  </Paragraph>
  <Paragraph>
    <Words Start="376" End="376" Block="0" Page="136" />
    <Words Start="0" End="144" Block="0" Page="137" />
  </Paragraph>
  <Paragraph>
    <Words Start="145" End="396" Block="0" Page="137" />
  </Paragraph>
  <Paragraph>
    <Words Start="0" End="132" Block="0" Page="138" />
  </Paragraph>
  <Paragraph>
    <Words Start="133" End="154" Block="0" Page="138" />
  </Paragraph>
  <Paragraph>
    <Words Start="155" End="228" Block="0" Page="138" />
  </Paragraph>
  <Paragraph>
    <Words Start="229" End="367" Block="0" Page="138" />
    <Words Start="0" End="64" Block="0" Page="139" />
  </Paragraph>
  <Paragraph>
    <Words Start="65" End="181" Block="0" Page="139" />
  </Paragraph>
  <Paragraph>
    <Words Start="182" End="191" Block="0" Page="139" />
  </Paragraph>
  <Paragraph>
    <Words Start="192" End="195" Block="0" Page="139" />
  </Paragraph>
  <Paragraph>
    <Words Start="196" End="275" Block="0" Page="139" />
  </Paragraph>
  <Paragraph>
    <Words Start="276" End="358" Block="0" Page="139" />
    <Words Start="0" End="142" Block="0" Page="140" />
  </Paragraph>
  <Paragraph>
    <Words Start="143" End="232" Block="0" Page="140" />
  </Paragraph>
  <Paragraph>
    <Words Start="233" End="334" Block="0" Page="140" />
  </Paragraph>
  <Paragraph>
    <Words Block="1" Page="140" />
    <Words Block="0" Page="141" />
  </Paragraph>
  <Paragraph>
    <Words Start="0" End="237" Block="1" Page="141" />
  </Paragraph>
  <Paragraph>
    <Words Start="238" End="238" Block="1" Page="141" />
    <Words Start="0" End="31" Block="0" Page="142" />
  </Paragraph>
  <Paragraph>
    <Words Start="32" End="139" Block="0" Page="142" />
  </Paragraph>
  <Paragraph>
    <Words Start="140" End="349" Block="0" Page="142" />
  </Paragraph>
  <Paragraph>
    <Words Start="350" End="361" Block="0" Page="142" />
  </Paragraph>
  <Paragraph>
    <Words Start="362" End="367" Block="0" Page="142" />
  </Paragraph>
  <Paragraph>
    <Words Start="0" End="7" Block="0" Page="143" />
  </Paragraph>
  <Paragraph>
    <Words Start="8" End="16" Block="0" Page="143" />
  </Paragraph>
  <Paragraph>
    <Words Start="17" End="26" Block="0" Page="143" />
  </Paragraph>
  <Paragraph>
    <Words Start="27" End="101" Block="0" Page="143" />
  </Paragraph>
  <Paragraph>
    <Words Start="102" End="107" Block="0" Page="143" />
  </Paragraph>
  <Paragraph>
    <Words Start="108" End="114" Block="0" Page="143" />
  </Paragraph>
  <Paragraph>
    <Words Start="115" End="119" Block="0" Page="143" />
  </Paragraph>
  <Paragraph>
    <Words Start="120" End="217" Block="0" Page="143" />
  </Paragraph>
  <Paragraph>
    <Words Start="218" End="223" Block="0" Page="143" />
  </Paragraph>
  <Paragraph>
    <Words Start="224" End="231" Block="0" Page="143" />
  </Paragraph>
  <Paragraph>
    <Words Start="232" End="249" Block="0" Page="143" />
  </Paragraph>
  <Paragraph>
    <Words Start="250" End="270" Block="0" Page="143" />
  </Paragraph>
  <Paragraph>
    <Words Start="271" End="319" Block="0" Page="143" />
  </Paragraph>
  <Paragraph>
    <Words Start="0" End="226" Block="0" Page="144" />
  </Paragraph>
  <Paragraph>
    <Words Start="227" End="292" Block="0" Page="144" />
  </Paragraph>
</Flow>