﻿<?xml version="1.0" encoding="utf-8"?>
<Flow Name="f2">
  <Paragraph>
    <Words Start="0" End="2" Block="0" Page="3" />
  </Paragraph>
  <Paragraph>
    <Words Start="3" End="3" Block="0" Page="3" />
    <Words Start="0" End="0" Block="1" Page="3" />
  </Paragraph>
  <Paragraph>
    <Words Start="1" End="5" Block="1" Page="3" />
  </Paragraph>
  <Paragraph>
    <Words Start="6" End="6" Block="1" Page="3" />
  </Paragraph>
  <Paragraph>
    <Words Start="7" End="7" Block="1" Page="3" />
  </Paragraph>
  <Paragraph>
    <Words Start="8" End="8" Block="1" Page="3" />
  </Paragraph>
  <Paragraph>
    <Words Start="9" End="11" Block="1" Page="3" />
  </Paragraph>
  <Paragraph>
    <Words Start="12" End="12" Block="1" Page="3" />
  </Paragraph>
  <Paragraph>
    <Words Start="13" End="15" Block="1" Page="3" />
  </Paragraph>
  <Paragraph>
    <Words Start="16" End="16" Block="1" Page="3" />
  </Paragraph>
  <Paragraph>
    <Words Start="17" End="17" Block="1" Page="3" />
  </Paragraph>
  <Paragraph>
    <Words Start="18" End="22" Block="1" Page="3" />
  </Paragraph>
  <Paragraph>
    <Words Start="23" End="23" Block="1" Page="3" />
  </Paragraph>
  <Paragraph>
    <Words Start="24" End="26" Block="1" Page="3" />
  </Paragraph>
  <Paragraph>
    <Words Start="27" End="29" Block="1" Page="3" />
  </Paragraph>
  <Paragraph>
    <Words Start="30" End="30" Block="1" Page="3" />
  </Paragraph>
  <Paragraph>
    <Words Start="31" End="32" Block="1" Page="3" />
  </Paragraph>
  <Paragraph>
    <Words Start="33" End="33" Block="1" Page="3" />
  </Paragraph>
  <Paragraph>
    <Words Start="34" End="34" Block="1" Page="3" />
  </Paragraph>
  <Paragraph>
    <Words Start="35" End="36" Block="1" Page="3" />
  </Paragraph>
  <Paragraph>
    <Words Start="37" End="37" Block="1" Page="3" />
  </Paragraph>
  <Paragraph>
    <Words Start="38" End="40" Block="1" Page="3" />
  </Paragraph>
  <Paragraph>
    <Words Start="41" End="42" Block="1" Page="3" />
  </Paragraph>
  <Paragraph>
    <Words Start="43" End="43" Block="1" Page="3" />
  </Paragraph>
  <Paragraph>
    <Words Start="44" End="46" Block="1" Page="3" />
  </Paragraph>
  <Paragraph>
    <Words Start="47" End="47" Block="1" Page="3" />
  </Paragraph>
  <Paragraph>
    <Words Start="48" End="51" Block="1" Page="3" />
  </Paragraph>
  <Paragraph>
    <Words Start="52" End="52" Block="1" Page="3" />
  </Paragraph>
  <Paragraph>
    <Words Start="53" End="55" Block="1" Page="3" />
  </Paragraph>
  <Paragraph>
    <Words Start="56" End="56" Block="1" Page="3" />
  </Paragraph>
  <Paragraph>
    <Words Start="57" End="57" Block="1" Page="3" />
  </Paragraph>
  <Paragraph>
    <Words Start="58" End="58" Block="1" Page="3" />
  </Paragraph>
  <Paragraph>
    <Words Start="59" End="62" Block="1" Page="3" />
  </Paragraph>
  <Paragraph>
    <Words Start="63" End="63" Block="1" Page="3" />
    <Words Start="0" End="1" Block="2" Page="3" />
  </Paragraph>
  <Paragraph>
    <Words Start="2" End="6" Block="2" Page="3" />
  </Paragraph>
  <Paragraph>
    <Words Start="7" End="7" Block="2" Page="3" />
  </Paragraph>
  <Paragraph>
    <Words Start="8" End="16" Block="2" Page="3" />
  </Paragraph>
  <Paragraph>
    <Words Start="17" End="17" Block="2" Page="3" />
  </Paragraph>
  <Paragraph>
    <Words Start="18" End="18" Block="2" Page="3" />
  </Paragraph>
  <Paragraph>
    <Words Start="19" End="33" Block="2" Page="3" />
  </Paragraph>
  <Paragraph>
    <Words Start="34" End="34" Block="2" Page="3" />
    <Words Start="0" End="0" Block="3" Page="3" />
  </Paragraph>
  <Paragraph>
    <Words Start="1" End="3" Block="3" Page="3" />
  </Paragraph>
  <Paragraph>
    <Words Start="4" End="4" Block="3" Page="3" />
  </Paragraph>
  <Paragraph>
    <Words Start="5" End="5" Block="3" Page="3" />
    <Words Start="0" End="0" Block="4" Page="3" />
  </Paragraph>
  <Paragraph>
    <Words Start="1" End="1" Block="4" Page="3" />
  </Paragraph>
  <Paragraph>
    <Words Start="2" End="2" Block="4" Page="3" />
  </Paragraph>
  <Paragraph>
    <Words Block="5" Page="3" />
  </Paragraph>
  <Paragraph>
    <Words Block="6" Page="3" />
  </Paragraph>
</Flow>