﻿<?xml version="1.0" encoding="utf-8"?>
<Flow Name="f16">
  <Paragraph>
    <Words Block="0" Page="261" />
  </Paragraph>
  <Paragraph>
    <Words Start="0" End="9" Block="1" Page="261" />
  </Paragraph>
  <Paragraph>
    <Words Start="10" End="190" Block="1" Page="261" />
    <Words Start="0" End="182" Block="0" Page="262" />
  </Paragraph>
  <Paragraph>
    <Words Start="183" End="370" Block="0" Page="262" />
    <Words Start="0" End="117" Block="0" Page="263" />
  </Paragraph>
  <Paragraph>
    <Words Start="118" End="325" Block="0" Page="263" />
  </Paragraph>
  <Paragraph>
    <Words Start="326" End="357" Block="0" Page="263" />
  </Paragraph>
  <Paragraph>
    <Words Start="358" End="361" Block="0" Page="263" />
  </Paragraph>
  <Paragraph>
    <Words Start="362" End="366" Block="0" Page="263" />
  </Paragraph>
  <Paragraph>
    <Words Start="367" End="380" Block="0" Page="263" />
    <Words Start="0" End="16" Block="0" Page="264" />
  </Paragraph>
  <Paragraph>
    <Words Start="17" End="20" Block="0" Page="264" />
  </Paragraph>
  <Paragraph>
    <Words Start="21" End="27" Block="0" Page="264" />
  </Paragraph>
  <Paragraph>
    <Words Start="28" End="31" Block="0" Page="264" />
  </Paragraph>
  <Paragraph>
    <Words Start="32" End="71" Block="0" Page="264" />
  </Paragraph>
  <Paragraph>
    <Words Start="72" End="122" Block="0" Page="264" />
  </Paragraph>
  <Paragraph>
    <Words Start="123" End="133" Block="0" Page="264" />
  </Paragraph>
  <Paragraph>
    <Words Start="134" End="137" Block="0" Page="264" />
  </Paragraph>
  <Paragraph>
    <Words Start="138" End="142" Block="0" Page="264" />
  </Paragraph>
  <Paragraph>
    <Words Start="143" End="147" Block="0" Page="264" />
  </Paragraph>
  <Paragraph>
    <Words Start="148" End="152" Block="0" Page="264" />
  </Paragraph>
  <Paragraph>
    <Words Start="153" End="156" Block="0" Page="264" />
  </Paragraph>
  <Paragraph>
    <Words Start="157" End="159" Block="0" Page="264" />
  </Paragraph>
  <Paragraph>
    <Words Start="160" End="292" Block="0" Page="264" />
    <Words Block="0" Page="265" />
    <Words Start="0" End="25" Block="0" Page="266" />
  </Paragraph>
  <Paragraph>
    <Words Start="26" End="190" Block="0" Page="266" />
  </Paragraph>
  <Paragraph>
    <Words Start="191" End="198" Block="0" Page="266" />
  </Paragraph>
  <Paragraph>
    <Words Start="199" End="372" Block="0" Page="266" />
    <Words Start="0" End="119" Block="0" Page="267" />
  </Paragraph>
  <Paragraph>
    <Words Start="120" End="125" Block="0" Page="267" />
  </Paragraph>
  <Paragraph>
    <Words Start="126" End="130" Block="0" Page="267" />
  </Paragraph>
  <Paragraph>
    <Words Start="131" End="134" Block="0" Page="267" />
  </Paragraph>
  <Paragraph>
    <Words Start="135" End="141" Block="0" Page="267" />
  </Paragraph>
  <Paragraph>
    <Words Start="142" End="146" Block="0" Page="267" />
  </Paragraph>
  <Paragraph>
    <Words Start="147" End="151" Block="0" Page="267" />
  </Paragraph>
  <Paragraph>
    <Words Start="152" End="156" Block="0" Page="267" />
  </Paragraph>
  <Paragraph>
    <Words Start="157" End="178" Block="0" Page="267" />
  </Paragraph>
  <Paragraph>
    <Words Start="179" End="185" Block="0" Page="267" />
  </Paragraph>
  <Paragraph>
    <Words Start="186" End="191" Block="0" Page="267" />
  </Paragraph>
  <Paragraph>
    <Words Start="192" End="196" Block="0" Page="267" />
  </Paragraph>
  <Paragraph>
    <Words Start="197" End="203" Block="0" Page="267" />
  </Paragraph>
  <Paragraph>
    <Words Start="204" End="327" Block="0" Page="267" />
    <Words Start="0" End="20" Block="0" Page="268" />
  </Paragraph>
  <Paragraph>
    <Words Start="21" End="30" Block="0" Page="268" />
  </Paragraph>
  <Paragraph>
    <Words Start="31" End="35" Block="0" Page="268" />
  </Paragraph>
  <Paragraph>
    <Words Start="36" End="96" Block="0" Page="268" />
  </Paragraph>
  <Paragraph>
    <Words Start="97" End="100" Block="0" Page="268" />
  </Paragraph>
  <Paragraph>
    <Words Start="101" End="108" Block="0" Page="268" />
  </Paragraph>
  <Paragraph>
    <Words Start="109" End="114" Block="0" Page="268" />
  </Paragraph>
  <Paragraph>
    <Words Start="115" End="123" Block="0" Page="268" />
  </Paragraph>
  <Paragraph>
    <Words Start="124" End="127" Block="0" Page="268" />
  </Paragraph>
  <Paragraph>
    <Words Start="128" End="134" Block="0" Page="268" />
  </Paragraph>
  <Paragraph>
    <Words Start="135" End="137" Block="0" Page="268" />
  </Paragraph>
  <Paragraph>
    <Words Start="138" End="140" Block="0" Page="268" />
  </Paragraph>
  <Paragraph>
    <Words Start="141" End="325" Block="0" Page="268" />
    <Words Start="0" End="174" Block="0" Page="269" />
  </Paragraph>
  <Paragraph>
    <Words Start="175" End="373" Block="0" Page="269" />
  </Paragraph>
  <Paragraph>
    <Words Block="0" Page="270" />
  </Paragraph>
  <Paragraph>
    <Words Start="0" End="370" Block="1" Page="270" />
  </Paragraph>
  <Paragraph>
    <Words Start="371" End="371" Block="1" Page="270" />
    <Words Start="0" End="274" Block="0" Page="271" />
  </Paragraph>
  <Paragraph>
    <Words Start="275" End="298" Block="0" Page="271" />
  </Paragraph>
  <Paragraph>
    <Words Start="299" End="302" Block="0" Page="271" />
  </Paragraph>
  <Paragraph>
    <Words Start="303" End="311" Block="0" Page="271" />
  </Paragraph>
  <Paragraph>
    <Words Start="312" End="320" Block="0" Page="271" />
  </Paragraph>
  <Paragraph>
    <Words Start="321" End="326" Block="0" Page="271" />
  </Paragraph>
  <Paragraph>
    <Words Start="327" End="332" Block="0" Page="271" />
  </Paragraph>
  <Paragraph>
    <Words Start="333" End="360" Block="0" Page="271" />
  </Paragraph>
  <Paragraph>
    <Words Start="361" End="369" Block="0" Page="271" />
  </Paragraph>
  <Paragraph>
    <Words Start="370" End="378" Block="0" Page="271" />
  </Paragraph>
  <Paragraph>
    <Words Start="0" End="3" Block="0" Page="272" />
  </Paragraph>
  <Paragraph>
    <Words Start="4" End="5" Block="0" Page="272" />
  </Paragraph>
  <Paragraph>
    <Words Start="6" End="11" Block="0" Page="272" />
  </Paragraph>
  <Paragraph>
    <Words Start="12" End="21" Block="0" Page="272" />
  </Paragraph>
  <Paragraph>
    <Words Start="22" End="59" Block="0" Page="272" />
  </Paragraph>
  <Paragraph>
    <Words Start="60" End="69" Block="0" Page="272" />
  </Paragraph>
  <Paragraph>
    <Words Start="70" End="120" Block="0" Page="272" />
  </Paragraph>
  <Paragraph>
    <Words Start="121" End="125" Block="0" Page="272" />
  </Paragraph>
  <Paragraph>
    <Words Start="126" End="131" Block="0" Page="272" />
  </Paragraph>
  <Paragraph>
    <Words Start="132" End="136" Block="0" Page="272" />
  </Paragraph>
  <Paragraph>
    <Words Start="137" End="143" Block="0" Page="272" />
  </Paragraph>
  <Paragraph>
    <Words Start="144" End="189" Block="0" Page="272" />
  </Paragraph>
  <Paragraph>
    <Words Start="190" End="205" Block="0" Page="272" />
  </Paragraph>
  <Paragraph>
    <Words Start="206" End="289" Block="0" Page="272" />
  </Paragraph>
  <Paragraph>
    <Words Start="290" End="293" Block="0" Page="272" />
  </Paragraph>
  <Paragraph>
    <Words Start="294" End="298" Block="0" Page="272" />
  </Paragraph>
  <Paragraph>
    <Words Start="299" End="301" Block="0" Page="272" />
  </Paragraph>
  <Paragraph>
    <Words Start="0" End="4" Block="0" Page="273" />
  </Paragraph>
  <Paragraph>
    <Words Start="5" End="12" Block="0" Page="273" />
  </Paragraph>
  <Paragraph>
    <Words Start="13" End="16" Block="0" Page="273" />
  </Paragraph>
  <Paragraph>
    <Words Start="17" End="58" Block="0" Page="273" />
  </Paragraph>
  <Paragraph>
    <Words Start="59" End="131" Block="0" Page="273" />
  </Paragraph>
  <Paragraph>
    <Words Start="132" End="356" Block="0" Page="273" />
  </Paragraph>
  <Paragraph>
    <Words Start="357" End="379" Block="0" Page="273" />
    <Words Start="0" End="131" Block="0" Page="274" />
  </Paragraph>
  <Paragraph>
    <Words Start="132" End="135" Block="0" Page="274" />
  </Paragraph>
  <Paragraph>
    <Words Start="136" End="138" Block="0" Page="274" />
  </Paragraph>
  <Paragraph>
    <Words Start="139" End="143" Block="0" Page="274" />
  </Paragraph>
  <Paragraph>
    <Words Start="144" End="148" Block="0" Page="274" />
  </Paragraph>
  <Paragraph>
    <Words Start="149" End="155" Block="0" Page="274" />
  </Paragraph>
  <Paragraph>
    <Words Start="156" End="161" Block="0" Page="274" />
  </Paragraph>
  <Paragraph>
    <Words Start="162" End="175" Block="0" Page="274" />
  </Paragraph>
  <Paragraph>
    <Words Start="176" End="200" Block="0" Page="274" />
  </Paragraph>
  <Paragraph>
    <Words Start="201" End="335" Block="0" Page="274" />
  </Paragraph>
  <Paragraph>
    <Words Start="336" End="346" Block="0" Page="274" />
    <Words Block="0" Page="275" />
  </Paragraph>
</Flow>