﻿<?xml version="1.0" encoding="utf-8"?>
<Flow Name="f13">
  <Paragraph>
    <Words Block="0" Page="167" />
  </Paragraph>
  <Paragraph>
    <Words Start="0" End="98" Block="1" Page="167" />
  </Paragraph>
  <Paragraph>
    <Words Start="99" End="191" Block="1" Page="167" />
    <Words Start="0" End="62" Block="0" Page="168" />
  </Paragraph>
  <Paragraph>
    <Words Start="63" End="66" Block="0" Page="168" />
  </Paragraph>
  <Paragraph>
    <Words Start="67" End="80" Block="0" Page="168" />
  </Paragraph>
  <Paragraph>
    <Words Start="81" End="87" Block="0" Page="168" />
  </Paragraph>
  <Paragraph>
    <Words Start="88" End="254" Block="0" Page="168" />
  </Paragraph>
  <Paragraph>
    <Words Start="255" End="354" Block="0" Page="168" />
  </Paragraph>
  <Paragraph>
    <Words Start="355" End="355" Block="0" Page="168" />
    <Words Start="0" End="82" Block="0" Page="169" />
  </Paragraph>
  <Paragraph>
    <Words Start="83" End="309" Block="0" Page="169" />
  </Paragraph>
  <Paragraph>
    <Words Start="310" End="316" Block="0" Page="169" />
  </Paragraph>
  <Paragraph>
    <Words Start="317" End="383" Block="0" Page="169" />
    <Words Start="0" End="193" Block="0" Page="170" />
  </Paragraph>
  <Paragraph>
    <Words Start="194" End="217" Block="0" Page="170" />
  </Paragraph>
  <Paragraph>
    <Words Start="218" End="222" Block="0" Page="170" />
  </Paragraph>
  <Paragraph>
    <Words Start="223" End="227" Block="0" Page="170" />
  </Paragraph>
  <Paragraph>
    <Words Start="228" End="232" Block="0" Page="170" />
  </Paragraph>
  <Paragraph>
    <Words Start="233" End="238" Block="0" Page="170" />
  </Paragraph>
  <Paragraph>
    <Words Start="239" End="353" Block="0" Page="170" />
    <Words Start="0" End="249" Block="0" Page="171" />
  </Paragraph>
  <Paragraph>
    <Words Start="250" End="334" Block="0" Page="171" />
  </Paragraph>
  <Paragraph>
    <Words Start="335" End="357" Block="0" Page="171" />
    <Words Start="0" End="43" Block="0" Page="172" />
  </Paragraph>
  <Paragraph>
    <Words Start="44" End="53" Block="0" Page="172" />
  </Paragraph>
  <Paragraph>
    <Words Start="54" End="61" Block="0" Page="172" />
  </Paragraph>
  <Paragraph>
    <Words Start="62" End="72" Block="0" Page="172" />
  </Paragraph>
  <Paragraph>
    <Words Start="73" End="90" Block="0" Page="172" />
  </Paragraph>
  <Paragraph>
    <Words Start="91" End="100" Block="0" Page="172" />
  </Paragraph>
  <Paragraph>
    <Words Start="101" End="102" Block="0" Page="172" />
  </Paragraph>
  <Paragraph>
    <Words Start="103" End="339" Block="0" Page="172" />
    <Words Start="0" End="209" Block="0" Page="173" />
  </Paragraph>
  <Paragraph>
    <Words Start="210" End="257" Block="0" Page="173" />
  </Paragraph>
  <Paragraph>
    <Words Start="258" End="361" Block="0" Page="173" />
    <Words Start="0" End="24" Block="0" Page="174" />
  </Paragraph>
  <Paragraph>
    <Words Start="25" End="207" Block="0" Page="174" />
  </Paragraph>
  <Paragraph>
    <Words Start="208" End="371" Block="0" Page="174" />
    <Words Start="0" End="17" Block="0" Page="175" />
  </Paragraph>
  <Paragraph>
    <Words Start="18" End="18" Block="0" Page="175" />
  </Paragraph>
  <Paragraph>
    <Words Start="0" End="43" Block="1" Page="175" />
  </Paragraph>
  <Paragraph>
    <Words Start="44" End="285" Block="1" Page="175" />
  </Paragraph>
  <Paragraph>
    <Words Start="286" End="366" Block="1" Page="175" />
    <Words Start="0" End="173" Block="0" Page="176" />
  </Paragraph>
  <Paragraph>
    <Words Start="174" End="183" Block="0" Page="176" />
  </Paragraph>
  <Paragraph>
    <Words Start="184" End="190" Block="0" Page="176" />
  </Paragraph>
  <Paragraph>
    <Words Start="191" End="343" Block="0" Page="176" />
  </Paragraph>
  <Paragraph>
    <Words Start="344" End="348" Block="0" Page="176" />
  </Paragraph>
  <Paragraph>
    <Words Start="349" End="369" Block="0" Page="176" />
    <Words Start="0" End="127" Block="0" Page="177" />
  </Paragraph>
  <Paragraph>
    <Words Start="128" End="226" Block="0" Page="177" />
  </Paragraph>
  <Paragraph>
    <Words Start="227" End="296" Block="0" Page="177" />
  </Paragraph>
  <Paragraph>
    <Words Start="297" End="297" Block="0" Page="177" />
  </Paragraph>
  <Paragraph>
    <Words Block="1" Page="177" />
    <Words Start="0" End="269" Block="0" Page="178" />
  </Paragraph>
  <Paragraph>
    <Words Start="270" End="280" Block="0" Page="178" />
  </Paragraph>
  <Paragraph>
    <Words Start="281" End="290" Block="0" Page="178" />
  </Paragraph>
  <Paragraph>
    <Words Start="291" End="300" Block="0" Page="178" />
  </Paragraph>
  <Paragraph>
    <Words Start="301" End="306" Block="0" Page="178" />
  </Paragraph>
  <Paragraph>
    <Words Start="307" End="327" Block="0" Page="178" />
  </Paragraph>
  <Paragraph>
    <Words Start="328" End="368" Block="0" Page="178" />
    <Words Start="0" End="293" Block="0" Page="179" />
  </Paragraph>
  <Paragraph>
    <Words Start="294" End="301" Block="0" Page="179" />
  </Paragraph>
  <Paragraph>
    <Words Start="302" End="314" Block="0" Page="179" />
  </Paragraph>
  <Paragraph>
    <Words Start="315" End="335" Block="0" Page="179" />
  </Paragraph>
  <Paragraph>
    <Words Start="336" End="345" Block="0" Page="179" />
  </Paragraph>
  <Paragraph>
    <Words Start="346" End="353" Block="0" Page="179" />
  </Paragraph>
  <Paragraph>
    <Words Start="0" End="10" Block="0" Page="180" />
  </Paragraph>
  <Paragraph>
    <Words Start="11" End="24" Block="0" Page="180" />
  </Paragraph>
  <Paragraph>
    <Words Start="25" End="29" Block="0" Page="180" />
  </Paragraph>
  <Paragraph>
    <Words Start="30" End="55" Block="0" Page="180" />
  </Paragraph>
  <Paragraph>
    <Words Start="56" End="58" Block="0" Page="180" />
  </Paragraph>
  <Paragraph>
    <Words Start="59" End="68" Block="0" Page="180" />
  </Paragraph>
  <Paragraph>
    <Words Start="69" End="70" Block="0" Page="180" />
  </Paragraph>
  <Paragraph>
    <Words Start="71" End="79" Block="0" Page="180" />
  </Paragraph>
  <Paragraph>
    <Words Start="80" End="81" Block="0" Page="180" />
  </Paragraph>
  <Paragraph>
    <Words Start="82" End="178" Block="0" Page="180" />
  </Paragraph>
  <Paragraph>
    <Words Start="179" End="184" Block="0" Page="180" />
  </Paragraph>
  <Paragraph>
    <Words Start="185" End="188" Block="0" Page="180" />
  </Paragraph>
  <Paragraph>
    <Words Start="189" End="223" Block="0" Page="180" />
  </Paragraph>
  <Paragraph>
    <Words Start="224" End="237" Block="0" Page="180" />
  </Paragraph>
  <Paragraph>
    <Words Start="238" End="248" Block="0" Page="180" />
  </Paragraph>
  <Paragraph>
    <Words Start="249" End="273" Block="0" Page="180" />
  </Paragraph>
  <Paragraph>
    <Words Start="274" End="320" Block="0" Page="180" />
    <Words Start="0" End="351" Block="0" Page="181" />
  </Paragraph>
  <Paragraph>
    <Words Start="352" End="352" Block="0" Page="181" />
  </Paragraph>
  <Paragraph>
    <Words Start="353" End="377" Block="0" Page="181" />
    <Words Start="0" End="73" Block="0" Page="182" />
  </Paragraph>
  <Paragraph>
    <Words Start="74" End="74" Block="0" Page="182" />
  </Paragraph>
  <Paragraph>
    <Words Start="75" End="135" Block="0" Page="182" />
  </Paragraph>
  <Paragraph>
    <Words Start="136" End="142" Block="0" Page="182" />
  </Paragraph>
  <Paragraph>
    <Words Start="143" End="147" Block="0" Page="182" />
  </Paragraph>
  <Paragraph>
    <Words Start="148" End="152" Block="0" Page="182" />
  </Paragraph>
  <Paragraph>
    <Words Start="153" End="172" Block="0" Page="182" />
  </Paragraph>
  <Paragraph>
    <Words Start="173" End="179" Block="0" Page="182" />
  </Paragraph>
  <Paragraph>
    <Words Start="180" End="186" Block="0" Page="182" />
  </Paragraph>
  <Paragraph>
    <Words Start="187" End="191" Block="0" Page="182" />
  </Paragraph>
  <Paragraph>
    <Words Start="192" End="203" Block="0" Page="182" />
  </Paragraph>
  <Paragraph>
    <Words Start="204" End="261" Block="0" Page="182" />
  </Paragraph>
  <Paragraph>
    <Words Start="262" End="274" Block="0" Page="182" />
  </Paragraph>
  <Paragraph>
    <Words Start="275" End="280" Block="0" Page="182" />
  </Paragraph>
  <Paragraph>
    <Words Start="281" End="288" Block="0" Page="182" />
  </Paragraph>
  <Paragraph>
    <Words Start="289" End="294" Block="0" Page="182" />
  </Paragraph>
  <Paragraph>
    <Words Start="295" End="298" Block="0" Page="182" />
  </Paragraph>
  <Paragraph>
    <Words Start="299" End="305" Block="0" Page="182" />
  </Paragraph>
  <Paragraph>
    <Words Start="0" End="4" Block="0" Page="183" />
  </Paragraph>
  <Paragraph>
    <Words Start="5" End="13" Block="0" Page="183" />
  </Paragraph>
  <Paragraph>
    <Words Start="14" End="143" Block="0" Page="183" />
  </Paragraph>
  <Paragraph>
    <Words Start="144" End="260" Block="0" Page="183" />
  </Paragraph>
  <Paragraph>
    <Words Block="1" Page="183" />
    <Words Start="0" End="132" Block="0" Page="184" />
  </Paragraph>
  <Paragraph>
    <Words Start="133" End="174" Block="0" Page="184" />
  </Paragraph>
  <Paragraph>
    <Words Start="175" End="182" Block="0" Page="184" />
  </Paragraph>
  <Paragraph>
    <Words Start="183" End="186" Block="0" Page="184" />
  </Paragraph>
  <Paragraph>
    <Words Start="187" End="191" Block="0" Page="184" />
  </Paragraph>
  <Paragraph>
    <Words Start="192" End="197" Block="0" Page="184" />
  </Paragraph>
  <Paragraph>
    <Words Start="198" End="202" Block="0" Page="184" />
  </Paragraph>
  <Paragraph>
    <Words Start="203" End="220" Block="0" Page="184" />
  </Paragraph>
  <Paragraph>
    <Words Start="221" End="276" Block="0" Page="184" />
  </Paragraph>
  <Paragraph>
    <Words Start="277" End="283" Block="0" Page="184" />
  </Paragraph>
  <Paragraph>
    <Words Start="284" End="331" Block="0" Page="184" />
  </Paragraph>
  <Paragraph>
    <Words Start="0" End="89" Block="0" Page="185" />
  </Paragraph>
  <Paragraph>
    <Words Start="90" End="94" Block="0" Page="185" />
  </Paragraph>
  <Paragraph>
    <Words Start="95" End="98" Block="0" Page="185" />
  </Paragraph>
  <Paragraph>
    <Words Start="99" End="100" Block="0" Page="185" />
  </Paragraph>
  <Paragraph>
    <Words Start="101" End="112" Block="0" Page="185" />
  </Paragraph>
  <Paragraph>
    <Words Start="113" End="120" Block="0" Page="185" />
  </Paragraph>
  <Paragraph>
    <Words Start="121" End="127" Block="0" Page="185" />
  </Paragraph>
  <Paragraph>
    <Words Start="128" End="131" Block="0" Page="185" />
  </Paragraph>
  <Paragraph>
    <Words Start="132" End="139" Block="0" Page="185" />
  </Paragraph>
  <Paragraph>
    <Words Start="140" End="146" Block="0" Page="185" />
  </Paragraph>
  <Paragraph>
    <Words Start="147" End="199" Block="0" Page="185" />
  </Paragraph>
  <Paragraph>
    <Words Start="200" End="204" Block="0" Page="185" />
  </Paragraph>
  <Paragraph>
    <Words Start="205" End="216" Block="0" Page="185" />
  </Paragraph>
  <Paragraph>
    <Words Start="217" End="221" Block="0" Page="185" />
  </Paragraph>
  <Paragraph>
    <Words Start="222" End="233" Block="0" Page="185" />
  </Paragraph>
  <Paragraph>
    <Words Start="234" End="242" Block="0" Page="185" />
  </Paragraph>
  <Paragraph>
    <Words Start="243" End="254" Block="0" Page="185" />
  </Paragraph>
  <Paragraph>
    <Words Start="255" End="308" Block="0" Page="185" />
  </Paragraph>
  <Paragraph>
    <Words Start="309" End="309" Block="0" Page="185" />
    <Words Start="0" End="105" Block="0" Page="186" />
  </Paragraph>
  <Paragraph>
    <Words Start="106" End="358" Block="0" Page="186" />
    <Words Start="0" End="61" Block="0" Page="187" />
  </Paragraph>
  <Paragraph>
    <Words Start="62" End="106" Block="0" Page="187" />
  </Paragraph>
  <Paragraph>
    <Words Start="107" End="321" Block="0" Page="187" />
  </Paragraph>
  <Paragraph>
    <Words Start="322" End="328" Block="0" Page="187" />
  </Paragraph>
  <Paragraph>
    <Words Start="329" End="333" Block="0" Page="187" />
  </Paragraph>
  <Paragraph>
    <Words Start="334" End="344" Block="0" Page="187" />
  </Paragraph>
  <Paragraph>
    <Words Start="345" End="351" Block="0" Page="187" />
  </Paragraph>
  <Paragraph>
    <Words Start="0" End="5" Block="0" Page="188" />
  </Paragraph>
  <Paragraph>
    <Words Start="6" End="12" Block="0" Page="188" />
  </Paragraph>
  <Paragraph>
    <Words Start="13" End="13" Block="0" Page="188" />
  </Paragraph>
  <Paragraph>
    <Words Start="14" End="36" Block="0" Page="188" />
  </Paragraph>
  <Paragraph>
    <Words Start="37" End="44" Block="0" Page="188" />
  </Paragraph>
  <Paragraph>
    <Words Start="45" End="49" Block="0" Page="188" />
  </Paragraph>
  <Paragraph>
    <Words Start="50" End="137" Block="0" Page="188" />
  </Paragraph>
  <Paragraph>
    <Words Start="138" End="143" Block="0" Page="188" />
  </Paragraph>
  <Paragraph>
    <Words Start="144" End="144" Block="0" Page="188" />
  </Paragraph>
  <Paragraph>
    <Words Start="145" End="150" Block="0" Page="188" />
  </Paragraph>
  <Paragraph>
    <Words Start="151" End="165" Block="0" Page="188" />
  </Paragraph>
  <Paragraph>
    <Words Start="166" End="172" Block="0" Page="188" />
  </Paragraph>
  <Paragraph>
    <Words Start="173" End="176" Block="0" Page="188" />
  </Paragraph>
  <Paragraph>
    <Words Start="177" End="187" Block="0" Page="188" />
  </Paragraph>
  <Paragraph>
    <Words Start="188" End="195" Block="0" Page="188" />
  </Paragraph>
  <Paragraph>
    <Words Start="196" End="204" Block="0" Page="188" />
  </Paragraph>
  <Paragraph>
    <Words Start="205" End="210" Block="0" Page="188" />
  </Paragraph>
  <Paragraph>
    <Words Start="211" End="216" Block="0" Page="188" />
  </Paragraph>
  <Paragraph>
    <Words Start="217" End="222" Block="0" Page="188" />
  </Paragraph>
  <Paragraph>
    <Words Start="223" End="248" Block="0" Page="188" />
  </Paragraph>
  <Paragraph>
    <Words Start="249" End="271" Block="0" Page="188" />
    <Words Start="0" End="26" Block="0" Page="189" />
  </Paragraph>
  <Paragraph>
    <Words Start="27" End="30" Block="0" Page="189" />
  </Paragraph>
  <Paragraph>
    <Words Start="31" End="39" Block="0" Page="189" />
  </Paragraph>
  <Paragraph>
    <Words Start="40" End="50" Block="0" Page="189" />
  </Paragraph>
  <Paragraph>
    <Words Start="51" End="99" Block="0" Page="189" />
  </Paragraph>
  <Paragraph>
    <Words Start="100" End="104" Block="0" Page="189" />
  </Paragraph>
  <Paragraph>
    <Words Start="105" End="110" Block="0" Page="189" />
  </Paragraph>
  <Paragraph>
    <Words Start="111" End="122" Block="0" Page="189" />
  </Paragraph>
  <Paragraph>
    <Words Start="123" End="123" Block="0" Page="189" />
  </Paragraph>
  <Paragraph>
    <Words Start="124" End="134" Block="0" Page="189" />
  </Paragraph>
  <Paragraph>
    <Words Start="135" End="138" Block="0" Page="189" />
  </Paragraph>
  <Paragraph>
    <Words Start="139" End="192" Block="0" Page="189" />
  </Paragraph>
  <Paragraph>
    <Words Start="193" End="197" Block="0" Page="189" />
  </Paragraph>
  <Paragraph>
    <Words Start="198" End="203" Block="0" Page="189" />
  </Paragraph>
  <Paragraph>
    <Words Start="204" End="214" Block="0" Page="189" />
  </Paragraph>
  <Paragraph>
    <Words Start="215" End="220" Block="0" Page="189" />
  </Paragraph>
  <Paragraph>
    <Words Start="221" End="222" Block="0" Page="189" />
  </Paragraph>
  <Paragraph>
    <Words Start="223" End="227" Block="0" Page="189" />
  </Paragraph>
  <Paragraph>
    <Words Start="228" End="229" Block="0" Page="189" />
  </Paragraph>
  <Paragraph>
    <Words Start="230" End="258" Block="0" Page="189" />
  </Paragraph>
  <Paragraph>
    <Words Start="259" End="262" Block="0" Page="189" />
  </Paragraph>
  <Paragraph>
    <Words Start="263" End="266" Block="0" Page="189" />
  </Paragraph>
  <Paragraph>
    <Words Start="267" End="288" Block="0" Page="189" />
    <Words Start="0" End="160" Block="0" Page="190" />
  </Paragraph>
  <Paragraph>
    <Words Start="161" End="242" Block="0" Page="190" />
  </Paragraph>
  <Paragraph>
    <Words Start="243" End="247" Block="0" Page="190" />
  </Paragraph>
  <Paragraph>
    <Words Start="248" End="251" Block="0" Page="190" />
  </Paragraph>
  <Paragraph>
    <Words Start="252" End="258" Block="0" Page="190" />
  </Paragraph>
  <Paragraph>
    <Words Start="259" End="265" Block="0" Page="190" />
  </Paragraph>
  <Paragraph>
    <Words Start="266" End="325" Block="0" Page="190" />
  </Paragraph>
  <Paragraph>
    <Words Start="326" End="333" Block="0" Page="190" />
  </Paragraph>
  <Paragraph>
    <Words Start="334" End="338" Block="0" Page="190" />
  </Paragraph>
  <Paragraph>
    <Words Start="0" End="93" Block="0" Page="191" />
  </Paragraph>
  <Paragraph>
    <Words Start="94" End="95" Block="0" Page="191" />
  </Paragraph>
  <Paragraph>
    <Words Start="96" End="96" Block="0" Page="191" />
  </Paragraph>
  <Paragraph>
    <Words Start="97" End="369" Block="0" Page="191" />
  </Paragraph>
  <Paragraph>
    <Words Start="370" End="370" Block="0" Page="191" />
    <Words Start="0" End="17" Block="0" Page="192" />
  </Paragraph>
  <Paragraph>
    <Words Start="18" End="18" Block="0" Page="192" />
  </Paragraph>
  <Paragraph>
    <Words Start="19" End="165" Block="0" Page="192" />
  </Paragraph>
  <Paragraph>
    <Words Start="166" End="174" Block="0" Page="192" />
  </Paragraph>
  <Paragraph>
    <Words Start="175" End="184" Block="0" Page="192" />
  </Paragraph>
  <Paragraph>
    <Words Start="185" End="204" Block="0" Page="192" />
  </Paragraph>
  <Paragraph>
    <Words Start="205" End="243" Block="0" Page="192" />
  </Paragraph>
  <Paragraph>
    <Words Start="244" End="246" Block="0" Page="192" />
  </Paragraph>
  <Paragraph>
    <Words Start="247" End="252" Block="0" Page="192" />
  </Paragraph>
  <Paragraph>
    <Words Start="253" End="257" Block="0" Page="192" />
  </Paragraph>
  <Paragraph>
    <Words Start="258" End="263" Block="0" Page="192" />
  </Paragraph>
  <Paragraph>
    <Words Start="264" End="275" Block="0" Page="192" />
  </Paragraph>
  <Paragraph>
    <Words Start="276" End="287" Block="0" Page="192" />
  </Paragraph>
  <Paragraph>
    <Words Start="288" End="324" Block="0" Page="192" />
    <Words Start="0" End="99" Block="0" Page="193" />
  </Paragraph>
  <Paragraph>
    <Words Start="100" End="103" Block="0" Page="193" />
  </Paragraph>
  <Paragraph>
    <Words Start="104" End="112" Block="0" Page="193" />
  </Paragraph>
  <Paragraph>
    <Words Start="113" End="123" Block="0" Page="193" />
  </Paragraph>
  <Paragraph>
    <Words Start="124" End="127" Block="0" Page="193" />
  </Paragraph>
  <Paragraph>
    <Words Start="128" End="242" Block="0" Page="193" />
  </Paragraph>
  <Paragraph>
    <Words Start="243" End="245" Block="0" Page="193" />
  </Paragraph>
  <Paragraph>
    <Words Start="246" End="320" Block="0" Page="193" />
  </Paragraph>
  <Paragraph>
    <Words Start="321" End="325" Block="0" Page="193" />
  </Paragraph>
  <Paragraph>
    <Words Start="326" End="378" Block="0" Page="193" />
  </Paragraph>
  <Paragraph>
    <Words Start="0" End="3" Block="0" Page="194" />
  </Paragraph>
  <Paragraph>
    <Words Start="4" End="14" Block="0" Page="194" />
  </Paragraph>
  <Paragraph>
    <Words Start="15" End="22" Block="0" Page="194" />
  </Paragraph>
  <Paragraph>
    <Words Start="23" End="44" Block="0" Page="194" />
  </Paragraph>
  <Paragraph>
    <Words Start="45" End="56" Block="0" Page="194" />
  </Paragraph>
  <Paragraph>
    <Words Start="57" End="60" Block="0" Page="194" />
  </Paragraph>
  <Paragraph>
    <Words Start="61" End="189" Block="0" Page="194" />
  </Paragraph>
  <Paragraph>
    <Words Start="190" End="242" Block="0" Page="194" />
  </Paragraph>
</Flow>