﻿<?xml version="1.0" encoding="utf-8"?>
<Flow Name="f5">
  <Paragraph>
    <Words Start="0" End="2" Block="0" Page="7" />
  </Paragraph>
  <Paragraph>
    <Words Start="3" End="3" Block="0" Page="7" />
    <Words Start="0" End="4" Block="1" Page="7" />
  </Paragraph>
  <Paragraph>
    <Words Start="5" End="5" Block="1" Page="7" />
    <Words Start="0" End="4" Block="2" Page="7" />
  </Paragraph>
  <Paragraph>
    <Words Start="5" End="5" Block="2" Page="7" />
    <Words Start="0" End="4" Block="3" Page="7" />
  </Paragraph>
  <Paragraph>
    <Words Start="5" End="5" Block="3" Page="7" />
  </Paragraph>
</Flow>