﻿<?xml version="1.0" encoding="utf-8"?>
<Flow Name="f7">
  <Paragraph>
    <Words Block="0" Page="11" />
  </Paragraph>
  <Paragraph>
    <Words Block="1" Page="11" />
  </Paragraph>
  <Paragraph>
    <Words Block="2" Page="11" />
    <Words Start="0" End="35" Block="0" Page="12" />
  </Paragraph>
  <Paragraph>
    <Words Start="36" End="277" Block="0" Page="12" />
  </Paragraph>
  <Paragraph>
    <Words Start="278" End="331" Block="0" Page="12" />
  </Paragraph>
  <Paragraph>
    <Words Start="332" End="337" Block="0" Page="12" />
  </Paragraph>
  <Paragraph>
    <Words Start="338" End="338" Block="0" Page="12" />
  </Paragraph>
  <Paragraph>
    <Words Start="0" End="2" Block="0" Page="13" />
  </Paragraph>
  <Paragraph>
    <Words Start="3" End="11" Block="0" Page="13" />
  </Paragraph>
  <Paragraph>
    <Words Start="12" End="19" Block="0" Page="13" />
  </Paragraph>
  <Paragraph>
    <Words Start="20" End="38" Block="0" Page="13" />
  </Paragraph>
  <Paragraph>
    <Words Start="39" End="272" Block="0" Page="13" />
  </Paragraph>
  <Paragraph>
    <Words Start="273" End="333" Block="0" Page="13" />
    <Words Start="0" End="81" Block="0" Page="14" />
  </Paragraph>
  <Paragraph>
    <Words Start="82" End="183" Block="0" Page="14" />
  </Paragraph>
  <Paragraph>
    <Words Start="184" End="188" Block="0" Page="14" />
  </Paragraph>
  <Paragraph>
    <Words Start="189" End="192" Block="0" Page="14" />
  </Paragraph>
  <Paragraph>
    <Words Start="193" End="339" Block="0" Page="14" />
    <Words Block="0" Page="15" />
  </Paragraph>
  <Paragraph>
    <Words Start="0" End="213" Block="1" Page="15" />
  </Paragraph>
  <Paragraph>
    <Words Start="214" End="328" Block="1" Page="15" />
  </Paragraph>
  <Paragraph>
    <Words Start="329" End="329" Block="1" Page="15" />
    <Words Start="0" End="12" Block="0" Page="16" />
  </Paragraph>
  <Paragraph>
    <Words Start="13" End="255" Block="0" Page="16" />
  </Paragraph>
  <Paragraph>
    <Words Start="256" End="373" Block="0" Page="16" />
  </Paragraph>
  <Paragraph>
    <Words Start="0" End="174" Block="0" Page="17" />
  </Paragraph>
  <Paragraph>
    <Words Start="175" End="367" Block="0" Page="17" />
    <Words Block="0" Page="18" />
  </Paragraph>
  <Paragraph>
    <Words Start="0" End="294" Block="1" Page="18" />
  </Paragraph>
  <Paragraph>
    <Words Start="295" End="295" Block="1" Page="18" />
    <Words Start="0" End="12" Block="0" Page="19" />
  </Paragraph>
  <Paragraph>
    <Words Start="13" End="277" Block="0" Page="19" />
  </Paragraph>
  <Paragraph>
    <Words Start="278" End="295" Block="0" Page="19" />
  </Paragraph>
  <Paragraph>
    <Words Start="296" End="304" Block="0" Page="19" />
  </Paragraph>
  <Paragraph>
    <Words Start="305" End="308" Block="0" Page="19" />
  </Paragraph>
  <Paragraph>
    <Words Start="309" End="315" Block="0" Page="19" />
  </Paragraph>
  <Paragraph>
    <Words Start="316" End="322" Block="0" Page="19" />
  </Paragraph>
  <Paragraph>
    <Words Start="323" End="333" Block="0" Page="19" />
  </Paragraph>
  <Paragraph>
    <Words Start="334" End="337" Block="0" Page="19" />
  </Paragraph>
  <Paragraph>
    <Words Start="0" End="4" Block="0" Page="20" />
  </Paragraph>
  <Paragraph>
    <Words Start="5" End="15" Block="0" Page="20" />
  </Paragraph>
  <Paragraph>
    <Words Start="16" End="20" Block="0" Page="20" />
  </Paragraph>
  <Paragraph>
    <Words Start="21" End="22" Block="0" Page="20" />
  </Paragraph>
  <Paragraph>
    <Words Start="23" End="25" Block="0" Page="20" />
  </Paragraph>
  <Paragraph>
    <Words Start="26" End="30" Block="0" Page="20" />
  </Paragraph>
  <Paragraph>
    <Words Start="31" End="275" Block="0" Page="20" />
  </Paragraph>
  <Paragraph>
    <Words Start="276" End="349" Block="0" Page="20" />
    <Words Start="0" End="88" Block="0" Page="21" />
  </Paragraph>
  <Paragraph>
    <Words Start="89" End="96" Block="0" Page="21" />
  </Paragraph>
  <Paragraph>
    <Words Start="97" End="101" Block="0" Page="21" />
  </Paragraph>
  <Paragraph>
    <Words Start="102" End="105" Block="0" Page="21" />
  </Paragraph>
  <Paragraph>
    <Words Start="106" End="114" Block="0" Page="21" />
  </Paragraph>
  <Paragraph>
    <Words Start="115" End="128" Block="0" Page="21" />
  </Paragraph>
  <Paragraph>
    <Words Start="129" End="133" Block="0" Page="21" />
  </Paragraph>
  <Paragraph>
    <Words Start="134" End="139" Block="0" Page="21" />
  </Paragraph>
  <Paragraph>
    <Words Start="140" End="143" Block="0" Page="21" />
  </Paragraph>
  <Paragraph>
    <Words Start="144" End="152" Block="0" Page="21" />
  </Paragraph>
  <Paragraph>
    <Words Start="153" End="158" Block="0" Page="21" />
  </Paragraph>
  <Paragraph>
    <Words Start="159" End="163" Block="0" Page="21" />
  </Paragraph>
  <Paragraph>
    <Words Start="164" End="169" Block="0" Page="21" />
  </Paragraph>
  <Paragraph>
    <Words Start="170" End="173" Block="0" Page="21" />
  </Paragraph>
  <Paragraph>
    <Words Start="174" End="183" Block="0" Page="21" />
  </Paragraph>
  <Paragraph>
    <Words Start="184" End="284" Block="0" Page="21" />
    <Words Start="0" End="114" Block="0" Page="22" />
  </Paragraph>
  <Paragraph>
    <Words Start="115" End="121" Block="0" Page="22" />
  </Paragraph>
  <Paragraph>
    <Words Start="122" End="122" Block="0" Page="22" />
  </Paragraph>
  <Paragraph>
    <Words Start="123" End="267" Block="0" Page="22" />
  </Paragraph>
  <Paragraph>
    <Words Start="268" End="286" Block="0" Page="22" />
  </Paragraph>
  <Paragraph>
    <Words Start="287" End="293" Block="0" Page="22" />
  </Paragraph>
  <Paragraph>
    <Words Start="294" End="298" Block="0" Page="22" />
  </Paragraph>
  <Paragraph>
    <Words Start="299" End="303" Block="0" Page="22" />
  </Paragraph>
  <Paragraph>
    <Words Start="304" End="309" Block="0" Page="22" />
  </Paragraph>
  <Paragraph>
    <Words Start="310" End="314" Block="0" Page="22" />
  </Paragraph>
  <Paragraph>
    <Words Start="315" End="323" Block="0" Page="22" />
  </Paragraph>
  <Paragraph>
    <Words Start="0" End="1" Block="0" Page="23" />
  </Paragraph>
  <Paragraph>
    <Words Start="2" End="7" Block="0" Page="23" />
  </Paragraph>
  <Paragraph>
    <Words Start="8" End="17" Block="0" Page="23" />
  </Paragraph>
  <Paragraph>
    <Words Start="18" End="124" Block="0" Page="23" />
  </Paragraph>
  <Paragraph>
    <Words Start="125" End="127" Block="0" Page="23" />
  </Paragraph>
  <Paragraph>
    <Words Start="128" End="219" Block="0" Page="23" />
  </Paragraph>
  <Paragraph>
    <Words Start="220" End="221" Block="0" Page="23" />
  </Paragraph>
  <Paragraph>
    <Words Start="222" End="269" Block="0" Page="23" />
  </Paragraph>
  <Paragraph>
    <Words Start="270" End="270" Block="0" Page="23" />
  </Paragraph>
  <Paragraph>
    <Words Start="271" End="329" Block="0" Page="23" />
    <Words Start="0" End="137" Block="0" Page="24" />
  </Paragraph>
  <Paragraph>
    <Words Start="138" End="142" Block="0" Page="24" />
  </Paragraph>
  <Paragraph>
    <Words Start="143" End="374" Block="0" Page="24" />
  </Paragraph>
  <Paragraph>
    <Words Start="0" End="21" Block="0" Page="25" />
  </Paragraph>
  <Paragraph>
    <Words Start="22" End="24" Block="0" Page="25" />
  </Paragraph>
  <Paragraph>
    <Words Start="25" End="30" Block="0" Page="25" />
  </Paragraph>
  <Paragraph>
    <Words Start="31" End="173" Block="0" Page="25" />
  </Paragraph>
  <Paragraph>
    <Words Start="174" End="185" Block="0" Page="25" />
  </Paragraph>
  <Paragraph>
    <Words Start="186" End="189" Block="0" Page="25" />
  </Paragraph>
  <Paragraph>
    <Words Start="190" End="195" Block="0" Page="25" />
  </Paragraph>
  <Paragraph>
    <Words Start="196" End="198" Block="0" Page="25" />
  </Paragraph>
  <Paragraph>
    <Words Start="199" End="227" Block="0" Page="25" />
  </Paragraph>
  <Paragraph>
    <Words Start="228" End="340" Block="0" Page="25" />
    <Words Start="0" End="288" Block="0" Page="26" />
  </Paragraph>
  <Paragraph>
    <Words Start="289" End="301" Block="0" Page="26" />
  </Paragraph>
  <Paragraph>
    <Words Start="302" End="309" Block="0" Page="26" />
  </Paragraph>
  <Paragraph>
    <Words Start="310" End="314" Block="0" Page="26" />
  </Paragraph>
  <Paragraph>
    <Words Start="315" End="323" Block="0" Page="26" />
  </Paragraph>
  <Paragraph>
    <Words Start="324" End="346" Block="0" Page="26" />
  </Paragraph>
  <Paragraph>
    <Words Start="347" End="354" Block="0" Page="26" />
  </Paragraph>
  <Paragraph>
    <Words Start="355" End="364" Block="0" Page="26" />
  </Paragraph>
  <Paragraph>
    <Words Start="0" End="6" Block="0" Page="27" />
  </Paragraph>
  <Paragraph>
    <Words Start="7" End="10" Block="0" Page="27" />
  </Paragraph>
  <Paragraph>
    <Words Start="11" End="16" Block="0" Page="27" />
  </Paragraph>
  <Paragraph>
    <Words Start="17" End="237" Block="0" Page="27" />
  </Paragraph>
  <Paragraph>
    <Words Start="238" End="244" Block="0" Page="27" />
  </Paragraph>
  <Paragraph>
    <Words Start="245" End="247" Block="0" Page="27" />
  </Paragraph>
  <Paragraph>
    <Words Start="248" End="255" Block="0" Page="27" />
  </Paragraph>
  <Paragraph>
    <Words Start="256" End="261" Block="0" Page="27" />
  </Paragraph>
  <Paragraph>
    <Words Start="262" End="265" Block="0" Page="27" />
  </Paragraph>
  <Paragraph>
    <Words Start="266" End="276" Block="0" Page="27" />
  </Paragraph>
  <Paragraph>
    <Words Start="277" End="286" Block="0" Page="27" />
  </Paragraph>
  <Paragraph>
    <Words Start="287" End="292" Block="0" Page="27" />
  </Paragraph>
  <Paragraph>
    <Words Start="293" End="314" Block="0" Page="27" />
  </Paragraph>
  <Paragraph>
    <Words Start="315" End="320" Block="0" Page="27" />
  </Paragraph>
  <Paragraph>
    <Words Start="0" End="6" Block="0" Page="28" />
  </Paragraph>
  <Paragraph>
    <Words Start="7" End="13" Block="0" Page="28" />
  </Paragraph>
  <Paragraph>
    <Words Start="14" End="23" Block="0" Page="28" />
  </Paragraph>
  <Paragraph>
    <Words Start="24" End="156" Block="0" Page="28" />
  </Paragraph>
  <Paragraph>
    <Words Start="157" End="339" Block="0" Page="28" />
  </Paragraph>
  <Paragraph>
    <Words Start="340" End="345" Block="0" Page="28" />
  </Paragraph>
  <Paragraph>
    <Words Start="346" End="354" Block="0" Page="28" />
  </Paragraph>
  <Paragraph>
    <Words Start="0" End="206" Block="0" Page="29" />
  </Paragraph>
  <Paragraph>
    <Words Start="207" End="381" Block="0" Page="29" />
    <Words Start="0" End="260" Block="0" Page="30" />
  </Paragraph>
  <Paragraph>
    <Words Start="261" End="344" Block="0" Page="30" />
  </Paragraph>
  <Paragraph>
    <Words Start="345" End="345" Block="0" Page="30" />
  </Paragraph>
  <Paragraph>
    <Words Start="346" End="354" Block="0" Page="30" />
  </Paragraph>
  <Paragraph>
    <Words Start="355" End="381" Block="0" Page="30" />
    <Words Block="0" Page="31" />
  </Paragraph>
  <Paragraph>
    <Words Start="0" End="141" Block="1" Page="31" />
  </Paragraph>
  <Paragraph>
    <Words Start="142" End="316" Block="1" Page="31" />
  </Paragraph>
  <Paragraph>
    <Words Start="317" End="317" Block="1" Page="31" />
    <Words Start="0" End="10" Block="0" Page="32" />
  </Paragraph>
  <Paragraph>
    <Words Start="11" End="54" Block="0" Page="32" />
  </Paragraph>
  <Paragraph>
    <Words Start="55" End="61" Block="0" Page="32" />
  </Paragraph>
  <Paragraph>
    <Words Start="62" End="67" Block="0" Page="32" />
  </Paragraph>
  <Paragraph>
    <Words Start="68" End="75" Block="0" Page="32" />
  </Paragraph>
  <Paragraph>
    <Words Start="76" End="82" Block="0" Page="32" />
  </Paragraph>
  <Paragraph>
    <Words Start="83" End="88" Block="0" Page="32" />
  </Paragraph>
  <Paragraph>
    <Words Start="89" End="93" Block="0" Page="32" />
  </Paragraph>
  <Paragraph>
    <Words Start="94" End="162" Block="0" Page="32" />
  </Paragraph>
  <Paragraph>
    <Words Start="163" End="345" Block="0" Page="32" />
    <Words Start="0" End="92" Block="0" Page="33" />
  </Paragraph>
  <Paragraph>
    <Words Start="93" End="107" Block="0" Page="33" />
  </Paragraph>
  <Paragraph>
    <Words Start="108" End="118" Block="0" Page="33" />
  </Paragraph>
  <Paragraph>
    <Words Start="119" End="143" Block="0" Page="33" />
  </Paragraph>
  <Paragraph>
    <Words Start="144" End="149" Block="0" Page="33" />
  </Paragraph>
  <Paragraph>
    <Words Start="150" End="318" Block="0" Page="33" />
  </Paragraph>
  <Paragraph>
    <Words Start="319" End="325" Block="0" Page="33" />
  </Paragraph>
  <Paragraph>
    <Words Start="326" End="328" Block="0" Page="33" />
  </Paragraph>
  <Paragraph>
    <Words Start="329" End="336" Block="0" Page="33" />
  </Paragraph>
  <Paragraph>
    <Words Start="337" End="343" Block="0" Page="33" />
  </Paragraph>
  <Paragraph>
    <Words Start="0" End="6" Block="0" Page="34" />
  </Paragraph>
  <Paragraph>
    <Words Start="7" End="13" Block="0" Page="34" />
  </Paragraph>
  <Paragraph>
    <Words Start="14" End="19" Block="0" Page="34" />
  </Paragraph>
  <Paragraph>
    <Words Start="20" End="24" Block="0" Page="34" />
  </Paragraph>
  <Paragraph>
    <Words Start="25" End="31" Block="0" Page="34" />
  </Paragraph>
  <Paragraph>
    <Words Start="32" End="34" Block="0" Page="34" />
  </Paragraph>
  <Paragraph>
    <Words Start="35" End="37" Block="0" Page="34" />
  </Paragraph>
  <Paragraph>
    <Words Start="38" End="96" Block="0" Page="34" />
  </Paragraph>
  <Paragraph>
    <Words Start="97" End="101" Block="0" Page="34" />
  </Paragraph>
  <Paragraph>
    <Words Start="102" End="114" Block="0" Page="34" />
  </Paragraph>
  <Paragraph>
    <Words Start="115" End="119" Block="0" Page="34" />
  </Paragraph>
  <Paragraph>
    <Words Start="120" End="183" Block="0" Page="34" />
  </Paragraph>
  <Paragraph>
    <Words Start="184" End="187" Block="0" Page="34" />
  </Paragraph>
  <Paragraph>
    <Words Start="188" End="207" Block="0" Page="34" />
  </Paragraph>
  <Paragraph>
    <Words Start="208" End="212" Block="0" Page="34" />
  </Paragraph>
  <Paragraph>
    <Words Start="213" End="216" Block="0" Page="34" />
  </Paragraph>
  <Paragraph>
    <Words Start="217" End="219" Block="0" Page="34" />
  </Paragraph>
  <Paragraph>
    <Words Start="220" End="221" Block="0" Page="34" />
  </Paragraph>
  <Paragraph>
    <Words Start="222" End="224" Block="0" Page="34" />
  </Paragraph>
  <Paragraph>
    <Words Start="225" End="227" Block="0" Page="34" />
  </Paragraph>
  <Paragraph>
    <Words Start="228" End="230" Block="0" Page="34" />
  </Paragraph>
  <Paragraph>
    <Words Start="231" End="235" Block="0" Page="34" />
  </Paragraph>
  <Paragraph>
    <Words Start="236" End="238" Block="0" Page="34" />
  </Paragraph>
  <Paragraph>
    <Words Start="0" End="109" Block="0" Page="35" />
  </Paragraph>
  <Paragraph>
    <Words Start="110" End="115" Block="0" Page="35" />
  </Paragraph>
  <Paragraph>
    <Words Start="116" End="133" Block="0" Page="35" />
  </Paragraph>
  <Paragraph>
    <Words Start="134" End="146" Block="0" Page="35" />
  </Paragraph>
  <Paragraph>
    <Words Start="147" End="180" Block="0" Page="35" />
  </Paragraph>
  <Paragraph>
    <Words Start="181" End="189" Block="0" Page="35" />
  </Paragraph>
  <Paragraph>
    <Words Start="190" End="198" Block="0" Page="35" />
  </Paragraph>
  <Paragraph>
    <Words Start="199" End="210" Block="0" Page="35" />
  </Paragraph>
  <Paragraph>
    <Words Start="211" End="215" Block="0" Page="35" />
  </Paragraph>
  <Paragraph>
    <Words Start="216" End="219" Block="0" Page="35" />
  </Paragraph>
  <Paragraph>
    <Words Start="220" End="223" Block="0" Page="35" />
  </Paragraph>
  <Paragraph>
    <Words Start="224" End="225" Block="0" Page="35" />
  </Paragraph>
  <Paragraph>
    <Words Start="226" End="234" Block="0" Page="35" />
  </Paragraph>
  <Paragraph>
    <Words Start="235" End="257" Block="0" Page="35" />
  </Paragraph>
  <Paragraph>
    <Words Start="258" End="264" Block="0" Page="35" />
  </Paragraph>
  <Paragraph>
    <Words Start="265" End="272" Block="0" Page="35" />
  </Paragraph>
  <Paragraph>
    <Words Start="273" End="277" Block="0" Page="35" />
  </Paragraph>
  <Paragraph>
    <Words Start="278" End="313" Block="0" Page="35" />
  </Paragraph>
  <Paragraph>
    <Words Start="0" End="3" Block="0" Page="36" />
  </Paragraph>
  <Paragraph>
    <Words Start="4" End="48" Block="0" Page="36" />
  </Paragraph>
  <Paragraph>
    <Words Start="49" End="67" Block="0" Page="36" />
  </Paragraph>
  <Paragraph>
    <Words Start="68" End="73" Block="0" Page="36" />
  </Paragraph>
  <Paragraph>
    <Words Start="74" End="80" Block="0" Page="36" />
  </Paragraph>
  <Paragraph>
    <Words Start="81" End="94" Block="0" Page="36" />
  </Paragraph>
  <Paragraph>
    <Words Start="95" End="106" Block="0" Page="36" />
  </Paragraph>
  <Paragraph>
    <Words Start="107" End="179" Block="0" Page="36" />
  </Paragraph>
  <Paragraph>
    <Words Start="180" End="187" Block="0" Page="36" />
  </Paragraph>
  <Paragraph>
    <Words Start="188" End="198" Block="0" Page="36" />
  </Paragraph>
  <Paragraph>
    <Words Start="199" End="205" Block="0" Page="36" />
  </Paragraph>
  <Paragraph>
    <Words Start="206" End="306" Block="0" Page="36" />
    <Words Start="0" End="130" Block="0" Page="37" />
  </Paragraph>
  <Paragraph>
    <Words Start="131" End="133" Block="0" Page="37" />
  </Paragraph>
  <Paragraph>
    <Words Start="134" End="371" Block="0" Page="37" />
  </Paragraph>
  <Paragraph>
    <Words Start="0" End="2" Block="0" Page="38" />
  </Paragraph>
  <Paragraph>
    <Words Start="3" End="183" Block="0" Page="38" />
  </Paragraph>
  <Paragraph>
    <Words Start="184" End="193" Block="0" Page="38" />
  </Paragraph>
  <Paragraph>
    <Words Start="194" End="195" Block="0" Page="38" />
  </Paragraph>
  <Paragraph>
    <Words Start="196" End="198" Block="0" Page="38" />
  </Paragraph>
  <Paragraph>
    <Words Start="199" End="206" Block="0" Page="38" />
  </Paragraph>
  <Paragraph>
    <Words Start="207" End="212" Block="0" Page="38" />
  </Paragraph>
  <Paragraph>
    <Words Start="213" End="376" Block="0" Page="38" />
    <Words Start="0" End="20" Block="0" Page="39" />
  </Paragraph>
  <Paragraph>
    <Words Start="21" End="42" Block="0" Page="39" />
  </Paragraph>
  <Paragraph>
    <Words Start="43" End="45" Block="0" Page="39" />
  </Paragraph>
</Flow>