﻿<?xml version="1.0" encoding="utf-8"?>
<Flow Name="f4">
  <Paragraph>
    <Words Start="0" End="4" Block="0" Page="6" />
  </Paragraph>
  <Paragraph>
    <Words Start="5" End="5" Block="0" Page="6" />
    <Words Block="1" Page="6" />
    <Words Block="2" Page="6" />
    <Words Block="3" Page="6" />
  </Paragraph>
  <Paragraph>
    <Words Start="0" End="17" Block="4" Page="6" />
  </Paragraph>
  <Paragraph>
    <Words Start="18" End="25" Block="4" Page="6" />
  </Paragraph>
  <Paragraph>
    <Words Start="26" End="26" Block="4" Page="6" />
    <Words Block="5" Page="6" />
  </Paragraph>
  <Paragraph>
    <Words Start="0" End="3" Block="6" Page="6" />
  </Paragraph>
  <Paragraph>
    <Words Start="4" End="4" Block="6" Page="6" />
  </Paragraph>
  <Paragraph>
    <Words Start="0" End="2" Block="7" Page="6" />
  </Paragraph>
  <Paragraph>
    <Words Start="3" End="22" Block="7" Page="6" />
  </Paragraph>
  <Paragraph>
    <Words Start="23" End="23" Block="7" Page="6" />
  </Paragraph>
  <Paragraph>
    <Words Start="24" End="24" Block="7" Page="6" />
  </Paragraph>
  <Paragraph>
    <Words Start="0" End="3" Block="8" Page="6" />
  </Paragraph>
  <Paragraph>
    <Words Start="4" End="4" Block="8" Page="6" />
  </Paragraph>
  <Paragraph>
    <Words Start="0" End="5" Block="9" Page="6" />
  </Paragraph>
  <Paragraph>
    <Words Start="6" End="6" Block="9" Page="6" />
    <Words Block="10" Page="6" />
  </Paragraph>
  <Paragraph>
    <Words Block="11" Page="6" />
  </Paragraph>
  <Paragraph>
    <Words Block="12" Page="6" />
  </Paragraph>
</Flow>