﻿<?xml version="1.0" encoding="utf-8"?>
<Flow Name="f9">
  <Paragraph>
    <Words Block="0" Page="79" />
  </Paragraph>
  <Paragraph>
    <Words Start="0" End="9" Block="1" Page="79" />
  </Paragraph>
  <Paragraph>
    <Words Start="10" End="195" Block="1" Page="79" />
    <Words Start="0" End="87" Block="0" Page="80" />
  </Paragraph>
  <Paragraph>
    <Words Start="88" End="327" Block="0" Page="80" />
  </Paragraph>
  <Paragraph>
    <Words Start="328" End="342" Block="0" Page="80" />
  </Paragraph>
  <Paragraph>
    <Words Start="343" End="376" Block="0" Page="80" />
  </Paragraph>
  <Paragraph>
    <Words Start="377" End="377" Block="0" Page="80" />
    <Words Start="0" End="41" Block="0" Page="81" />
  </Paragraph>
  <Paragraph>
    <Words Start="42" End="49" Block="0" Page="81" />
  </Paragraph>
  <Paragraph>
    <Words Start="50" End="52" Block="0" Page="81" />
  </Paragraph>
  <Paragraph>
    <Words Start="53" End="58" Block="0" Page="81" />
  </Paragraph>
  <Paragraph>
    <Words Start="59" End="83" Block="0" Page="81" />
  </Paragraph>
  <Paragraph>
    <Words Start="84" End="332" Block="0" Page="81" />
  </Paragraph>
  <Paragraph>
    <Words Start="333" End="337" Block="0" Page="81" />
  </Paragraph>
  <Paragraph>
    <Words Start="338" End="342" Block="0" Page="81" />
  </Paragraph>
  <Paragraph>
    <Words Start="343" End="346" Block="0" Page="81" />
  </Paragraph>
  <Paragraph>
    <Words Start="0" End="6" Block="0" Page="82" />
  </Paragraph>
  <Paragraph>
    <Words Start="7" End="22" Block="0" Page="82" />
  </Paragraph>
  <Paragraph>
    <Words Start="23" End="31" Block="0" Page="82" />
  </Paragraph>
  <Paragraph>
    <Words Start="32" End="36" Block="0" Page="82" />
  </Paragraph>
  <Paragraph>
    <Words Start="37" End="43" Block="0" Page="82" />
  </Paragraph>
  <Paragraph>
    <Words Start="44" End="52" Block="0" Page="82" />
  </Paragraph>
  <Paragraph>
    <Words Start="53" End="61" Block="0" Page="82" />
  </Paragraph>
  <Paragraph>
    <Words Start="62" End="74" Block="0" Page="82" />
  </Paragraph>
  <Paragraph>
    <Words Start="75" End="82" Block="0" Page="82" />
  </Paragraph>
  <Paragraph>
    <Words Start="83" End="88" Block="0" Page="82" />
  </Paragraph>
  <Paragraph>
    <Words Start="89" End="100" Block="0" Page="82" />
  </Paragraph>
  <Paragraph>
    <Words Start="101" End="103" Block="0" Page="82" />
  </Paragraph>
  <Paragraph>
    <Words Start="104" End="141" Block="0" Page="82" />
  </Paragraph>
  <Paragraph>
    <Words Start="142" End="321" Block="0" Page="82" />
  </Paragraph>
  <Paragraph>
    <Words Start="322" End="322" Block="0" Page="82" />
    <Words Start="0" End="41" Block="0" Page="83" />
  </Paragraph>
  <Paragraph>
    <Words Start="42" End="48" Block="0" Page="83" />
  </Paragraph>
  <Paragraph>
    <Words Start="49" End="54" Block="0" Page="83" />
  </Paragraph>
  <Paragraph>
    <Words Start="55" End="60" Block="0" Page="83" />
  </Paragraph>
  <Paragraph>
    <Words Start="61" End="65" Block="0" Page="83" />
  </Paragraph>
  <Paragraph>
    <Words Start="66" End="66" Block="0" Page="83" />
  </Paragraph>
  <Paragraph>
    <Words Start="67" End="68" Block="0" Page="83" />
  </Paragraph>
  <Paragraph>
    <Words Start="69" End="74" Block="0" Page="83" />
  </Paragraph>
  <Paragraph>
    <Words Start="75" End="84" Block="0" Page="83" />
  </Paragraph>
  <Paragraph>
    <Words Start="85" End="95" Block="0" Page="83" />
  </Paragraph>
  <Paragraph>
    <Words Start="96" End="315" Block="0" Page="83" />
    <Words Start="0" End="72" Block="0" Page="84" />
  </Paragraph>
  <Paragraph>
    <Words Start="73" End="75" Block="0" Page="84" />
  </Paragraph>
  <Paragraph>
    <Words Block="1" Page="84" />
    <Words Start="0" End="25" Block="0" Page="85" />
  </Paragraph>
  <Paragraph>
    <Words Start="26" End="41" Block="0" Page="85" />
  </Paragraph>
  <Paragraph>
    <Words Start="42" End="43" Block="0" Page="85" />
  </Paragraph>
  <Paragraph>
    <Words Start="44" End="50" Block="0" Page="85" />
  </Paragraph>
  <Paragraph>
    <Words Start="51" End="64" Block="0" Page="85" />
  </Paragraph>
  <Paragraph>
    <Words Start="65" End="71" Block="0" Page="85" />
  </Paragraph>
  <Paragraph>
    <Words Start="72" End="248" Block="0" Page="85" />
  </Paragraph>
  <Paragraph>
    <Words Start="249" End="271" Block="0" Page="85" />
  </Paragraph>
  <Paragraph>
    <Words Start="272" End="292" Block="0" Page="85" />
  </Paragraph>
  <Paragraph>
    <Words Start="293" End="340" Block="0" Page="85" />
  </Paragraph>
  <Paragraph>
    <Words Start="341" End="341" Block="0" Page="85" />
  </Paragraph>
  <Paragraph>
    <Words Start="0" End="18" Block="0" Page="86" />
  </Paragraph>
  <Paragraph>
    <Words Start="19" End="33" Block="0" Page="86" />
  </Paragraph>
  <Paragraph>
    <Words Start="34" End="127" Block="0" Page="86" />
  </Paragraph>
  <Paragraph>
    <Words Start="128" End="135" Block="0" Page="86" />
  </Paragraph>
  <Paragraph>
    <Words Start="136" End="147" Block="0" Page="86" />
  </Paragraph>
  <Paragraph>
    <Words Start="148" End="151" Block="0" Page="86" />
  </Paragraph>
  <Paragraph>
    <Words Start="152" End="157" Block="0" Page="86" />
  </Paragraph>
  <Paragraph>
    <Words Start="158" End="162" Block="0" Page="86" />
  </Paragraph>
  <Paragraph>
    <Words Start="163" End="168" Block="0" Page="86" />
  </Paragraph>
  <Paragraph>
    <Words Start="169" End="290" Block="0" Page="86" />
  </Paragraph>
  <Paragraph>
    <Words Start="291" End="322" Block="0" Page="86" />
  </Paragraph>
  <Paragraph>
    <Words Start="0" End="1" Block="0" Page="87" />
  </Paragraph>
  <Paragraph>
    <Words Start="2" End="72" Block="0" Page="87" />
  </Paragraph>
  <Paragraph>
    <Words Start="73" End="76" Block="0" Page="87" />
  </Paragraph>
  <Paragraph>
    <Words Start="77" End="82" Block="0" Page="87" />
  </Paragraph>
  <Paragraph>
    <Words Start="83" End="87" Block="0" Page="87" />
  </Paragraph>
  <Paragraph>
    <Words Start="88" End="109" Block="0" Page="87" />
  </Paragraph>
  <Paragraph>
    <Words Start="110" End="111" Block="0" Page="87" />
  </Paragraph>
  <Paragraph>
    <Words Start="112" End="119" Block="0" Page="87" />
  </Paragraph>
  <Paragraph>
    <Words Start="120" End="121" Block="0" Page="87" />
  </Paragraph>
  <Paragraph>
    <Words Start="122" End="124" Block="0" Page="87" />
  </Paragraph>
  <Paragraph>
    <Words Start="125" End="219" Block="0" Page="87" />
  </Paragraph>
  <Paragraph>
    <Words Start="220" End="225" Block="0" Page="87" />
  </Paragraph>
  <Paragraph>
    <Words Start="226" End="232" Block="0" Page="87" />
  </Paragraph>
  <Paragraph>
    <Words Start="233" End="237" Block="0" Page="87" />
  </Paragraph>
  <Paragraph>
    <Words Start="238" End="242" Block="0" Page="87" />
  </Paragraph>
  <Paragraph>
    <Words Start="243" End="293" Block="0" Page="87" />
  </Paragraph>
  <Paragraph>
    <Words Start="0" End="93" Block="0" Page="88" />
  </Paragraph>
  <Paragraph>
    <Words Start="94" End="102" Block="0" Page="88" />
  </Paragraph>
  <Paragraph>
    <Words Start="103" End="110" Block="0" Page="88" />
  </Paragraph>
  <Paragraph>
    <Words Start="111" End="116" Block="0" Page="88" />
  </Paragraph>
  <Paragraph>
    <Words Start="117" End="122" Block="0" Page="88" />
  </Paragraph>
  <Paragraph>
    <Words Start="123" End="132" Block="0" Page="88" />
  </Paragraph>
  <Paragraph>
    <Words Start="133" End="140" Block="0" Page="88" />
  </Paragraph>
  <Paragraph>
    <Words Start="141" End="165" Block="0" Page="88" />
  </Paragraph>
  <Paragraph>
    <Words Start="166" End="169" Block="0" Page="88" />
  </Paragraph>
  <Paragraph>
    <Words Start="170" End="176" Block="0" Page="88" />
  </Paragraph>
  <Paragraph>
    <Words Start="177" End="287" Block="0" Page="88" />
  </Paragraph>
  <Paragraph>
    <Words Start="288" End="343" Block="0" Page="88" />
    <Words Start="0" End="48" Block="0" Page="89" />
  </Paragraph>
  <Paragraph>
    <Words Start="49" End="55" Block="0" Page="89" />
  </Paragraph>
  <Paragraph>
    <Words Start="56" End="139" Block="0" Page="89" />
  </Paragraph>
  <Paragraph>
    <Words Start="140" End="195" Block="0" Page="89" />
  </Paragraph>
  <Paragraph>
    <Words Start="196" End="205" Block="0" Page="89" />
  </Paragraph>
  <Paragraph>
    <Words Start="206" End="207" Block="0" Page="89" />
  </Paragraph>
  <Paragraph>
    <Words Start="208" End="212" Block="0" Page="89" />
  </Paragraph>
  <Paragraph>
    <Words Start="213" End="216" Block="0" Page="89" />
  </Paragraph>
  <Paragraph>
    <Words Start="217" End="333" Block="0" Page="89" />
    <Words Start="0" End="153" Block="0" Page="90" />
  </Paragraph>
  <Paragraph>
    <Words Start="154" End="165" Block="0" Page="90" />
  </Paragraph>
  <Paragraph>
    <Words Start="166" End="198" Block="0" Page="90" />
  </Paragraph>
  <Paragraph>
    <Words Start="199" End="212" Block="0" Page="90" />
  </Paragraph>
  <Paragraph>
    <Words Start="213" End="316" Block="0" Page="90" />
  </Paragraph>
  <Paragraph>
    <Words Start="317" End="363" Block="0" Page="90" />
    <Words Start="0" End="84" Block="0" Page="91" />
  </Paragraph>
  <Paragraph>
    <Words Start="85" End="93" Block="0" Page="91" />
  </Paragraph>
  <Paragraph>
    <Words Start="94" End="135" Block="0" Page="91" />
  </Paragraph>
  <Paragraph>
    <Words Start="136" End="259" Block="0" Page="91" />
  </Paragraph>
  <Paragraph>
    <Words Start="260" End="265" Block="0" Page="91" />
  </Paragraph>
  <Paragraph>
    <Words Start="266" End="274" Block="0" Page="91" />
  </Paragraph>
  <Paragraph>
    <Words Start="275" End="282" Block="0" Page="91" />
  </Paragraph>
  <Paragraph>
    <Words Start="283" End="287" Block="0" Page="91" />
  </Paragraph>
  <Paragraph>
    <Words Start="288" End="291" Block="0" Page="91" />
  </Paragraph>
  <Paragraph>
    <Words Start="292" End="312" Block="0" Page="91" />
  </Paragraph>
  <Paragraph>
    <Words Start="313" End="318" Block="0" Page="91" />
  </Paragraph>
  <Paragraph>
    <Words Start="319" End="323" Block="0" Page="91" />
  </Paragraph>
  <Paragraph>
    <Words Start="324" End="331" Block="0" Page="91" />
  </Paragraph>
  <Paragraph>
    <Words Start="0" End="2" Block="0" Page="92" />
  </Paragraph>
  <Paragraph>
    <Words Start="3" End="10" Block="0" Page="92" />
  </Paragraph>
  <Paragraph>
    <Words Start="11" End="18" Block="0" Page="92" />
  </Paragraph>
  <Paragraph>
    <Words Start="19" End="26" Block="0" Page="92" />
  </Paragraph>
  <Paragraph>
    <Words Start="27" End="30" Block="0" Page="92" />
  </Paragraph>
  <Paragraph>
    <Words Start="31" End="36" Block="0" Page="92" />
  </Paragraph>
  <Paragraph>
    <Words Start="37" End="43" Block="0" Page="92" />
  </Paragraph>
  <Paragraph>
    <Words Start="44" End="64" Block="0" Page="92" />
  </Paragraph>
  <Paragraph>
    <Words Start="65" End="162" Block="0" Page="92" />
  </Paragraph>
  <Paragraph>
    <Words Start="163" End="182" Block="0" Page="92" />
  </Paragraph>
  <Paragraph>
    <Words Start="183" End="200" Block="0" Page="92" />
  </Paragraph>
  <Paragraph>
    <Words Start="201" End="213" Block="0" Page="92" />
  </Paragraph>
  <Paragraph>
    <Words Start="214" End="230" Block="0" Page="92" />
  </Paragraph>
  <Paragraph>
    <Words Start="231" End="235" Block="0" Page="92" />
  </Paragraph>
  <Paragraph>
    <Words Start="236" End="241" Block="0" Page="92" />
  </Paragraph>
  <Paragraph>
    <Words Start="242" End="251" Block="0" Page="92" />
  </Paragraph>
  <Paragraph>
    <Words Start="252" End="280" Block="0" Page="92" />
  </Paragraph>
  <Paragraph>
    <Words Start="281" End="286" Block="0" Page="92" />
  </Paragraph>
  <Paragraph>
    <Words Start="287" End="290" Block="0" Page="92" />
  </Paragraph>
  <Paragraph>
    <Words Start="291" End="291" Block="0" Page="92" />
  </Paragraph>
  <Paragraph>
    <Words Start="0" End="1" Block="0" Page="93" />
  </Paragraph>
  <Paragraph>
    <Words Start="2" End="154" Block="0" Page="93" />
  </Paragraph>
  <Paragraph>
    <Words Start="155" End="160" Block="0" Page="93" />
  </Paragraph>
  <Paragraph>
    <Words Start="161" End="171" Block="0" Page="93" />
  </Paragraph>
  <Paragraph>
    <Words Start="172" End="177" Block="0" Page="93" />
  </Paragraph>
  <Paragraph>
    <Words Start="178" End="297" Block="0" Page="93" />
  </Paragraph>
  <Paragraph>
    <Words Start="298" End="301" Block="0" Page="93" />
  </Paragraph>
  <Paragraph>
    <Words Start="302" End="332" Block="0" Page="93" />
  </Paragraph>
  <Paragraph>
    <Words Start="333" End="336" Block="0" Page="93" />
  </Paragraph>
  <Paragraph>
    <Words Start="0" End="8" Block="0" Page="94" />
  </Paragraph>
  <Paragraph>
    <Words Start="9" End="25" Block="0" Page="94" />
  </Paragraph>
  <Paragraph>
    <Words Start="26" End="31" Block="0" Page="94" />
  </Paragraph>
  <Paragraph>
    <Words Start="32" End="38" Block="0" Page="94" />
  </Paragraph>
  <Paragraph>
    <Words Start="39" End="42" Block="0" Page="94" />
  </Paragraph>
  <Paragraph>
    <Words Start="43" End="46" Block="0" Page="94" />
  </Paragraph>
  <Paragraph>
    <Words Start="47" End="55" Block="0" Page="94" />
  </Paragraph>
  <Paragraph>
    <Words Start="56" End="95" Block="0" Page="94" />
  </Paragraph>
  <Paragraph>
    <Words Start="96" End="102" Block="0" Page="94" />
  </Paragraph>
  <Paragraph>
    <Words Start="103" End="106" Block="0" Page="94" />
  </Paragraph>
  <Paragraph>
    <Words Start="107" End="113" Block="0" Page="94" />
  </Paragraph>
  <Paragraph>
    <Words Start="114" End="315" Block="0" Page="94" />
  </Paragraph>
  <Paragraph>
    <Words Start="0" End="12" Block="0" Page="95" />
  </Paragraph>
  <Paragraph>
    <Words Start="13" End="18" Block="0" Page="95" />
  </Paragraph>
  <Paragraph>
    <Words Start="19" End="22" Block="0" Page="95" />
  </Paragraph>
  <Paragraph>
    <Words Start="23" End="35" Block="0" Page="95" />
  </Paragraph>
  <Paragraph>
    <Words Start="36" End="44" Block="0" Page="95" />
  </Paragraph>
  <Paragraph>
    <Words Start="45" End="179" Block="0" Page="95" />
  </Paragraph>
  <Paragraph>
    <Words Start="180" End="193" Block="0" Page="95" />
  </Paragraph>
  <Paragraph>
    <Words Start="194" End="197" Block="0" Page="95" />
  </Paragraph>
  <Paragraph>
    <Words Start="198" End="318" Block="0" Page="95" />
  </Paragraph>
  <Paragraph>
    <Words Start="319" End="324" Block="0" Page="95" />
  </Paragraph>
  <Paragraph>
    <Words Start="0" End="4" Block="0" Page="96" />
  </Paragraph>
  <Paragraph>
    <Words Start="5" End="12" Block="0" Page="96" />
  </Paragraph>
  <Paragraph>
    <Words Start="13" End="29" Block="0" Page="96" />
  </Paragraph>
  <Paragraph>
    <Words Start="30" End="32" Block="0" Page="96" />
  </Paragraph>
  <Paragraph>
    <Words Start="33" End="37" Block="0" Page="96" />
  </Paragraph>
  <Paragraph>
    <Words Start="38" End="49" Block="0" Page="96" />
  </Paragraph>
  <Paragraph>
    <Words Start="50" End="94" Block="0" Page="96" />
  </Paragraph>
  <Paragraph>
    <Words Start="95" End="100" Block="0" Page="96" />
  </Paragraph>
  <Paragraph>
    <Words Start="101" End="105" Block="0" Page="96" />
  </Paragraph>
  <Paragraph>
    <Words Start="106" End="111" Block="0" Page="96" />
  </Paragraph>
  <Paragraph>
    <Words Start="112" End="146" Block="0" Page="96" />
  </Paragraph>
  <Paragraph>
    <Words Start="147" End="151" Block="0" Page="96" />
  </Paragraph>
  <Paragraph>
    <Words Start="152" End="160" Block="0" Page="96" />
  </Paragraph>
  <Paragraph>
    <Words Start="161" End="163" Block="0" Page="96" />
  </Paragraph>
  <Paragraph>
    <Words Start="164" End="208" Block="0" Page="96" />
  </Paragraph>
  <Paragraph>
    <Words Start="209" End="212" Block="0" Page="96" />
  </Paragraph>
  <Paragraph>
    <Words Start="213" End="285" Block="0" Page="96" />
  </Paragraph>
  <Paragraph>
    <Words Start="0" End="137" Block="0" Page="97" />
  </Paragraph>
  <Paragraph>
    <Words Start="138" End="144" Block="0" Page="97" />
  </Paragraph>
  <Paragraph>
    <Words Start="145" End="173" Block="0" Page="97" />
  </Paragraph>
  <Paragraph>
    <Words Start="174" End="181" Block="0" Page="97" />
  </Paragraph>
  <Paragraph>
    <Words Start="182" End="187" Block="0" Page="97" />
  </Paragraph>
  <Paragraph>
    <Words Start="188" End="258" Block="0" Page="97" />
  </Paragraph>
  <Paragraph>
    <Words Start="259" End="267" Block="0" Page="97" />
  </Paragraph>
  <Paragraph>
    <Words Start="268" End="279" Block="0" Page="97" />
  </Paragraph>
  <Paragraph>
    <Words Start="280" End="283" Block="0" Page="97" />
  </Paragraph>
  <Paragraph>
    <Words Start="284" End="295" Block="0" Page="97" />
  </Paragraph>
  <Paragraph>
    <Words Start="296" End="298" Block="0" Page="97" />
  </Paragraph>
  <Paragraph>
    <Words Start="299" End="317" Block="0" Page="97" />
  </Paragraph>
  <Paragraph>
    <Words Start="318" End="322" Block="0" Page="97" />
  </Paragraph>
  <Paragraph>
    <Words Start="323" End="326" Block="0" Page="97" />
  </Paragraph>
  <Paragraph>
    <Words Start="0" End="7" Block="0" Page="98" />
  </Paragraph>
  <Paragraph>
    <Words Start="8" End="270" Block="0" Page="98" />
  </Paragraph>
  <Paragraph>
    <Words Start="271" End="280" Block="0" Page="98" />
  </Paragraph>
  <Paragraph>
    <Words Start="281" End="289" Block="0" Page="98" />
  </Paragraph>
  <Paragraph>
    <Words Start="290" End="367" Block="0" Page="98" />
    <Words Start="0" End="211" Block="0" Page="99" />
  </Paragraph>
  <Paragraph>
    <Words Start="212" End="217" Block="0" Page="99" />
  </Paragraph>
  <Paragraph>
    <Words Start="218" End="221" Block="0" Page="99" />
  </Paragraph>
  <Paragraph>
    <Words Start="222" End="235" Block="0" Page="99" />
  </Paragraph>
  <Paragraph>
    <Words Start="236" End="358" Block="0" Page="99" />
  </Paragraph>
  <Paragraph>
    <Words Start="359" End="359" Block="0" Page="99" />
  </Paragraph>
  <Paragraph>
    <Words Start="0" End="99" Block="0" Page="100" />
  </Paragraph>
  <Paragraph>
    <Words Start="100" End="107" Block="0" Page="100" />
  </Paragraph>
  <Paragraph>
    <Words Start="108" End="114" Block="0" Page="100" />
  </Paragraph>
  <Paragraph>
    <Words Start="115" End="124" Block="0" Page="100" />
  </Paragraph>
  <Paragraph>
    <Words Start="125" End="128" Block="0" Page="100" />
  </Paragraph>
  <Paragraph>
    <Words Start="129" End="132" Block="0" Page="100" />
  </Paragraph>
  <Paragraph>
    <Words Start="133" End="354" Block="0" Page="100" />
  </Paragraph>
  <Paragraph>
    <Words Start="355" End="355" Block="0" Page="100" />
    <Words Start="0" End="105" Block="0" Page="101" />
  </Paragraph>
  <Paragraph>
    <Words Start="106" End="203" Block="0" Page="101" />
  </Paragraph>
  <Paragraph>
    <Words Start="204" End="207" Block="0" Page="101" />
  </Paragraph>
  <Paragraph>
    <Words Start="208" End="211" Block="0" Page="101" />
  </Paragraph>
  <Paragraph>
    <Words Start="0" End="143" Block="1" Page="101" />
  </Paragraph>
  <Paragraph>
    <Words Start="144" End="144" Block="1" Page="101" />
    <Words Start="0" End="217" Block="0" Page="102" />
  </Paragraph>
  <Paragraph>
    <Words Start="218" End="226" Block="0" Page="102" />
  </Paragraph>
  <Paragraph>
    <Words Start="227" End="231" Block="0" Page="102" />
  </Paragraph>
  <Paragraph>
    <Words Start="232" End="239" Block="0" Page="102" />
  </Paragraph>
  <Paragraph>
    <Words Start="240" End="243" Block="0" Page="102" />
  </Paragraph>
  <Paragraph>
    <Words Start="244" End="261" Block="0" Page="102" />
  </Paragraph>
  <Paragraph>
    <Words Start="262" End="266" Block="0" Page="102" />
  </Paragraph>
  <Paragraph>
    <Words Start="267" End="303" Block="0" Page="102" />
  </Paragraph>
  <Paragraph>
    <Words Start="304" End="315" Block="0" Page="102" />
  </Paragraph>
  <Paragraph>
    <Words Start="316" End="321" Block="0" Page="102" />
  </Paragraph>
  <Paragraph>
    <Words Block="0" Page="103" />
  </Paragraph>
  <Paragraph>
    <Words Start="0" End="117" Block="1" Page="103" />
  </Paragraph>
  <Paragraph>
    <Words Start="118" End="333" Block="1" Page="103" />
    <Words Start="0" End="30" Block="0" Page="104" />
  </Paragraph>
  <Paragraph>
    <Words Start="31" End="35" Block="0" Page="104" />
  </Paragraph>
  <Paragraph>
    <Words Start="36" End="41" Block="0" Page="104" />
  </Paragraph>
  <Paragraph>
    <Words Start="42" End="77" Block="0" Page="104" />
  </Paragraph>
  <Paragraph>
    <Words Start="78" End="84" Block="0" Page="104" />
  </Paragraph>
  <Paragraph>
    <Words Start="85" End="88" Block="0" Page="104" />
  </Paragraph>
  <Paragraph>
    <Words Start="89" End="125" Block="0" Page="104" />
  </Paragraph>
  <Paragraph>
    <Words Start="126" End="138" Block="0" Page="104" />
  </Paragraph>
  <Paragraph>
    <Words Start="139" End="145" Block="0" Page="104" />
  </Paragraph>
  <Paragraph>
    <Words Start="146" End="329" Block="0" Page="104" />
    <Words Start="0" End="92" Block="0" Page="105" />
  </Paragraph>
  <Paragraph>
    <Words Start="93" End="98" Block="0" Page="105" />
  </Paragraph>
  <Paragraph>
    <Words Start="99" End="106" Block="0" Page="105" />
  </Paragraph>
  <Paragraph>
    <Words Start="107" End="113" Block="0" Page="105" />
  </Paragraph>
  <Paragraph>
    <Words Start="114" End="350" Block="0" Page="105" />
  </Paragraph>
  <Paragraph>
    <Words Start="0" End="45" Block="0" Page="106" />
  </Paragraph>
  <Paragraph>
    <Words Start="46" End="222" Block="0" Page="106" />
  </Paragraph>
  <Paragraph>
    <Words Start="223" End="243" Block="0" Page="106" />
  </Paragraph>
  <Paragraph>
    <Words Start="244" End="263" Block="0" Page="106" />
  </Paragraph>
  <Paragraph>
    <Words Start="264" End="271" Block="0" Page="106" />
  </Paragraph>
  <Paragraph>
    <Words Start="272" End="275" Block="0" Page="106" />
  </Paragraph>
  <Paragraph>
    <Words Start="276" End="281" Block="0" Page="106" />
  </Paragraph>
  <Paragraph>
    <Words Start="282" End="290" Block="0" Page="106" />
  </Paragraph>
  <Paragraph>
    <Words Start="291" End="367" Block="0" Page="106" />
    <Words Start="0" End="227" Block="0" Page="107" />
  </Paragraph>
  <Paragraph>
    <Words Start="228" End="254" Block="0" Page="107" />
  </Paragraph>
  <Paragraph>
    <Words Start="255" End="273" Block="0" Page="107" />
  </Paragraph>
  <Paragraph>
    <Words Start="274" End="276" Block="0" Page="107" />
  </Paragraph>
  <Paragraph>
    <Words Start="277" End="287" Block="0" Page="107" />
  </Paragraph>
  <Paragraph>
    <Words Start="288" End="302" Block="0" Page="107" />
  </Paragraph>
  <Paragraph>
    <Words Start="303" End="307" Block="0" Page="107" />
  </Paragraph>
  <Paragraph>
    <Words Start="308" End="317" Block="0" Page="107" />
  </Paragraph>
  <Paragraph>
    <Words Start="318" End="323" Block="0" Page="107" />
  </Paragraph>
  <Paragraph>
    <Words Start="324" End="328" Block="0" Page="107" />
  </Paragraph>
  <Paragraph>
    <Words Start="0" End="40" Block="0" Page="108" />
  </Paragraph>
  <Paragraph>
    <Words Start="41" End="62" Block="0" Page="108" />
  </Paragraph>
  <Paragraph>
    <Words Start="63" End="72" Block="0" Page="108" />
  </Paragraph>
  <Paragraph>
    <Words Start="73" End="82" Block="0" Page="108" />
  </Paragraph>
  <Paragraph>
    <Words Start="83" End="87" Block="0" Page="108" />
  </Paragraph>
  <Paragraph>
    <Words Start="88" End="96" Block="0" Page="108" />
  </Paragraph>
  <Paragraph>
    <Words Start="97" End="106" Block="0" Page="108" />
  </Paragraph>
  <Paragraph>
    <Words Start="0" End="116" Block="1" Page="108" />
  </Paragraph>
  <Paragraph>
    <Words Start="117" End="120" Block="1" Page="108" />
  </Paragraph>
  <Paragraph>
    <Words Start="121" End="126" Block="1" Page="108" />
  </Paragraph>
  <Paragraph>
    <Words Start="127" End="135" Block="1" Page="108" />
  </Paragraph>
  <Paragraph>
    <Words Start="136" End="144" Block="1" Page="108" />
  </Paragraph>
  <Paragraph>
    <Words Start="145" End="146" Block="1" Page="108" />
  </Paragraph>
  <Paragraph>
    <Words Start="147" End="184" Block="1" Page="108" />
  </Paragraph>
  <Paragraph>
    <Words Start="185" End="188" Block="1" Page="108" />
  </Paragraph>
  <Paragraph>
    <Words Start="189" End="194" Block="1" Page="108" />
  </Paragraph>
  <Paragraph>
    <Words Start="0" End="50" Block="0" Page="109" />
  </Paragraph>
  <Paragraph>
    <Words Start="51" End="53" Block="0" Page="109" />
  </Paragraph>
  <Paragraph>
    <Words Start="54" End="68" Block="0" Page="109" />
  </Paragraph>
  <Paragraph>
    <Words Start="69" End="73" Block="0" Page="109" />
  </Paragraph>
  <Paragraph>
    <Words Start="74" End="184" Block="0" Page="109" />
  </Paragraph>
  <Paragraph>
    <Words Start="185" End="191" Block="0" Page="109" />
  </Paragraph>
  <Paragraph>
    <Words Start="192" End="204" Block="0" Page="109" />
  </Paragraph>
  <Paragraph>
    <Words Start="205" End="216" Block="0" Page="109" />
  </Paragraph>
  <Paragraph>
    <Words Start="217" End="334" Block="0" Page="109" />
  </Paragraph>
  <Paragraph>
    <Words Start="0" End="387" Block="0" Page="110" />
  </Paragraph>
  <Paragraph>
    <Words Start="388" End="404" Block="0" Page="110" />
  </Paragraph>
  <Paragraph>
    <Words Start="405" End="416" Block="0" Page="110" />
  </Paragraph>
  <Paragraph>
    <Words Start="0" End="11" Block="0" Page="111" />
  </Paragraph>
  <Paragraph>
    <Words Start="12" End="15" Block="0" Page="111" />
  </Paragraph>
  <Paragraph>
    <Words Start="16" End="19" Block="0" Page="111" />
  </Paragraph>
  <Paragraph>
    <Words Start="20" End="25" Block="0" Page="111" />
  </Paragraph>
  <Paragraph>
    <Words Start="26" End="30" Block="0" Page="111" />
  </Paragraph>
  <Paragraph>
    <Words Start="31" End="33" Block="0" Page="111" />
  </Paragraph>
  <Paragraph>
    <Words Start="34" End="40" Block="0" Page="111" />
  </Paragraph>
  <Paragraph>
    <Words Start="41" End="43" Block="0" Page="111" />
  </Paragraph>
  <Paragraph>
    <Words Start="44" End="48" Block="0" Page="111" />
  </Paragraph>
  <Paragraph>
    <Words Start="49" End="51" Block="0" Page="111" />
  </Paragraph>
  <Paragraph>
    <Words Start="52" End="258" Block="0" Page="111" />
  </Paragraph>
  <Paragraph>
    <Words Start="259" End="263" Block="0" Page="111" />
  </Paragraph>
  <Paragraph>
    <Words Start="264" End="266" Block="0" Page="111" />
  </Paragraph>
  <Paragraph>
    <Words Start="267" End="270" Block="0" Page="111" />
  </Paragraph>
  <Paragraph>
    <Words Start="271" End="273" Block="0" Page="111" />
  </Paragraph>
  <Paragraph>
    <Words Start="274" End="289" Block="0" Page="111" />
  </Paragraph>
  <Paragraph>
    <Words Start="0" End="2" Block="0" Page="112" />
  </Paragraph>
  <Paragraph>
    <Words Start="3" End="16" Block="0" Page="112" />
  </Paragraph>
  <Paragraph>
    <Words Start="17" End="21" Block="0" Page="112" />
  </Paragraph>
  <Paragraph>
    <Words Start="22" End="23" Block="0" Page="112" />
  </Paragraph>
  <Paragraph>
    <Words Start="24" End="26" Block="0" Page="112" />
  </Paragraph>
  <Paragraph>
    <Words Start="27" End="66" Block="0" Page="112" />
  </Paragraph>
  <Paragraph>
    <Words Start="67" End="241" Block="0" Page="112" />
  </Paragraph>
  <Paragraph>
    <Words Start="242" End="324" Block="0" Page="112" />
  </Paragraph>
</Flow>