﻿<?xml version="1.0" encoding="utf-8"?>
<Flow Name="f3">
  <Paragraph>
    <Words Start="0" End="0" Block="0" Page="5" />
  </Paragraph>
  <Paragraph>
    <Words Start="1" End="3" Block="0" Page="5" />
  </Paragraph>
  <Paragraph>
    <Words Block="1" Page="5" />
  </Paragraph>
  <Paragraph>
    <Words Block="2" Page="5" />
    <Words Start="0" End="3" Block="3" Page="5" />
  </Paragraph>
  <Paragraph>
    <Words Start="4" End="4" Block="3" Page="5" />
    <Words Block="4" Page="5" />
  </Paragraph>
</Flow>