﻿<?xml version="1.0" encoding="utf-8"?>
<Flow Name="f17">
  <Paragraph>
    <Words Block="0" Page="277" />
  </Paragraph>
  <Paragraph>
    <Words Block="1" Page="277" />
  </Paragraph>
  <Paragraph>
    <Words Block="2" Page="277" />
  </Paragraph>
  <Paragraph>
    <Words Block="3" Page="277" />
    <Words Start="0" End="34" Block="0" Page="278" />
  </Paragraph>
  <Paragraph>
    <Words Start="35" End="42" Block="0" Page="278" />
  </Paragraph>
  <Paragraph>
    <Words Start="43" End="47" Block="0" Page="278" />
  </Paragraph>
  <Paragraph>
    <Words Start="48" End="61" Block="0" Page="278" />
  </Paragraph>
  <Paragraph>
    <Words Start="62" End="66" Block="0" Page="278" />
  </Paragraph>
  <Paragraph>
    <Words Start="67" End="87" Block="0" Page="278" />
  </Paragraph>
  <Paragraph>
    <Words Start="88" End="92" Block="0" Page="278" />
  </Paragraph>
  <Paragraph>
    <Words Start="93" End="98" Block="0" Page="278" />
  </Paragraph>
  <Paragraph>
    <Words Start="99" End="102" Block="0" Page="278" />
  </Paragraph>
  <Paragraph>
    <Words Start="103" End="113" Block="0" Page="278" />
  </Paragraph>
  <Paragraph>
    <Words Start="114" End="114" Block="0" Page="278" />
  </Paragraph>
  <Paragraph>
    <Words Start="115" End="121" Block="0" Page="278" />
  </Paragraph>
  <Paragraph>
    <Words Start="122" End="126" Block="0" Page="278" />
  </Paragraph>
  <Paragraph>
    <Words Start="127" End="147" Block="0" Page="278" />
  </Paragraph>
  <Paragraph>
    <Words Start="148" End="155" Block="0" Page="278" />
  </Paragraph>
  <Paragraph>
    <Words Start="0" End="21" Block="1" Page="278" />
  </Paragraph>
  <Paragraph>
    <Words Start="22" End="36" Block="1" Page="278" />
  </Paragraph>
  <Paragraph>
    <Words Start="37" End="45" Block="1" Page="278" />
  </Paragraph>
  <Paragraph>
    <Words Start="46" End="53" Block="1" Page="278" />
  </Paragraph>
  <Paragraph>
    <Words Start="54" End="63" Block="1" Page="278" />
  </Paragraph>
  <Paragraph>
    <Words Start="64" End="71" Block="1" Page="278" />
  </Paragraph>
  <Paragraph>
    <Words Start="72" End="79" Block="1" Page="278" />
  </Paragraph>
  <Paragraph>
    <Words Start="80" End="86" Block="1" Page="278" />
  </Paragraph>
  <Paragraph>
    <Words Start="87" End="93" Block="1" Page="278" />
  </Paragraph>
  <Paragraph>
    <Words Start="94" End="102" Block="1" Page="278" />
    <Words Start="0" End="54" Block="0" Page="279" />
  </Paragraph>
  <Paragraph>
    <Words Start="55" End="59" Block="0" Page="279" />
  </Paragraph>
  <Paragraph>
    <Words Start="60" End="64" Block="0" Page="279" />
  </Paragraph>
  <Paragraph>
    <Words Start="65" End="71" Block="0" Page="279" />
  </Paragraph>
  <Paragraph>
    <Words Start="72" End="80" Block="0" Page="279" />
  </Paragraph>
  <Paragraph>
    <Words Start="81" End="85" Block="0" Page="279" />
  </Paragraph>
  <Paragraph>
    <Words Start="86" End="88" Block="0" Page="279" />
  </Paragraph>
  <Paragraph>
    <Words Start="89" End="93" Block="0" Page="279" />
  </Paragraph>
  <Paragraph>
    <Words Start="94" End="102" Block="0" Page="279" />
  </Paragraph>
  <Paragraph>
    <Words Start="103" End="104" Block="0" Page="279" />
  </Paragraph>
  <Paragraph>
    <Words Start="105" End="108" Block="0" Page="279" />
  </Paragraph>
  <Paragraph>
    <Words Start="109" End="111" Block="0" Page="279" />
  </Paragraph>
  <Paragraph>
    <Words Start="112" End="118" Block="0" Page="279" />
  </Paragraph>
  <Paragraph>
    <Words Start="119" End="127" Block="0" Page="279" />
  </Paragraph>
  <Paragraph>
    <Words Start="128" End="140" Block="0" Page="279" />
  </Paragraph>
  <Paragraph>
    <Words Start="141" End="177" Block="0" Page="279" />
  </Paragraph>
  <Paragraph>
    <Words Start="178" End="184" Block="0" Page="279" />
  </Paragraph>
  <Paragraph>
    <Words Start="185" End="189" Block="0" Page="279" />
  </Paragraph>
  <Paragraph>
    <Words Start="190" End="206" Block="0" Page="279" />
  </Paragraph>
  <Paragraph>
    <Words Start="207" End="210" Block="0" Page="279" />
  </Paragraph>
  <Paragraph>
    <Words Start="211" End="216" Block="0" Page="279" />
  </Paragraph>
  <Paragraph>
    <Words Start="217" End="221" Block="0" Page="279" />
  </Paragraph>
  <Paragraph>
    <Words Start="222" End="223" Block="0" Page="279" />
  </Paragraph>
  <Paragraph>
    <Words Start="224" End="226" Block="0" Page="279" />
  </Paragraph>
  <Paragraph>
    <Words Start="227" End="229" Block="0" Page="279" />
  </Paragraph>
  <Paragraph>
    <Words Start="230" End="236" Block="0" Page="279" />
  </Paragraph>
  <Paragraph>
    <Words Start="0" End="5" Block="0" Page="280" />
  </Paragraph>
  <Paragraph>
    <Words Start="6" End="11" Block="0" Page="280" />
  </Paragraph>
  <Paragraph>
    <Words Start="12" End="19" Block="0" Page="280" />
  </Paragraph>
  <Paragraph>
    <Words Start="20" End="121" Block="0" Page="280" />
  </Paragraph>
  <Paragraph>
    <Words Start="122" End="128" Block="0" Page="280" />
  </Paragraph>
  <Paragraph>
    <Words Start="129" End="137" Block="0" Page="280" />
  </Paragraph>
  <Paragraph>
    <Words Start="138" End="145" Block="0" Page="280" />
  </Paragraph>
  <Paragraph>
    <Words Start="146" End="186" Block="0" Page="280" />
  </Paragraph>
  <Paragraph>
    <Words Start="187" End="191" Block="0" Page="280" />
  </Paragraph>
  <Paragraph>
    <Words Start="192" End="197" Block="0" Page="280" />
  </Paragraph>
  <Paragraph>
    <Words Start="198" End="205" Block="0" Page="280" />
  </Paragraph>
  <Paragraph>
    <Words Start="206" End="219" Block="0" Page="280" />
  </Paragraph>
  <Paragraph>
    <Words Start="220" End="223" Block="0" Page="280" />
  </Paragraph>
  <Paragraph>
    <Words Start="224" End="230" Block="0" Page="280" />
  </Paragraph>
  <Paragraph>
    <Words Start="231" End="339" Block="0" Page="280" />
    <Words Start="0" End="103" Block="0" Page="281" />
  </Paragraph>
  <Paragraph>
    <Words Start="104" End="181" Block="0" Page="281" />
  </Paragraph>
  <Paragraph>
    <Words Start="0" End="130" Block="1" Page="281" />
  </Paragraph>
  <Paragraph>
    <Words Start="131" End="186" Block="1" Page="281" />
    <Words Start="0" End="189" Block="0" Page="282" />
  </Paragraph>
  <Paragraph>
    <Words Start="190" End="389" Block="0" Page="282" />
    <Words Start="0" End="32" Block="0" Page="283" />
  </Paragraph>
  <Paragraph>
    <Words Start="33" End="279" Block="0" Page="283" />
  </Paragraph>
  <Paragraph>
    <Words Start="280" End="394" Block="0" Page="283" />
    <Words Block="0" Page="284" />
  </Paragraph>
  <Paragraph>
    <Words Block="1" Page="284" />
    <Words Start="0" End="16" Block="0" Page="285" />
  </Paragraph>
  <Paragraph>
    <Words Start="17" End="25" Block="0" Page="285" />
  </Paragraph>
  <Paragraph>
    <Words Start="26" End="30" Block="0" Page="285" />
  </Paragraph>
  <Paragraph>
    <Words Start="31" End="38" Block="0" Page="285" />
  </Paragraph>
  <Paragraph>
    <Words Start="39" End="47" Block="0" Page="285" />
  </Paragraph>
  <Paragraph>
    <Words Start="48" End="322" Block="0" Page="285" />
  </Paragraph>
  <Paragraph>
    <Words Start="323" End="360" Block="0" Page="285" />
    <Words Start="0" End="152" Block="0" Page="286" />
  </Paragraph>
  <Paragraph>
    <Words Start="153" End="174" Block="0" Page="286" />
  </Paragraph>
  <Paragraph>
    <Words Start="175" End="326" Block="0" Page="286" />
  </Paragraph>
  <Paragraph>
    <Words Start="327" End="388" Block="0" Page="286" />
    <Words Start="0" End="120" Block="0" Page="287" />
  </Paragraph>
  <Paragraph>
    <Words Start="121" End="217" Block="0" Page="287" />
  </Paragraph>
</Flow>