﻿<?xml version="1.0" encoding="utf-8"?>
<BookContents>
  <PageLocations>
    <PageRange Start="0" End="42" Source="Pages_0_42.xml" />
    <PageRange Start="43" End="72" Source="Pages_43_72.xml" />
    <PageRange Start="73" End="104" Source="Pages_73_104.xml" />
    <PageRange Start="105" End="135" Source="Pages_105_135.xml" />
    <PageRange Start="136" End="167" Source="Pages_136_167.xml" />
    <PageRange Start="168" End="197" Source="Pages_168_197.xml" />
    <PageRange Start="198" End="227" Source="Pages_198_227.xml" />
    <PageRange Start="228" End="259" Source="Pages_228_259.xml" />
    <PageRange Start="260" End="288" Source="Pages_260_288.xml" />
  </PageLocations>
  <Sections>
    <Section PageIndex="1" Name="Half Title">
      <FlowReference Source="Flow_1.xml" PageIndices="1" />
    </Section>
    <Section PageIndex="3" Name="Books by Ward Just">
      <FlowReference Source="Flow_2.xml" PageIndices="3" />
    </Section>
    <Section PageIndex="5" Name="Title">
      <FlowReference Source="Flow_3.xml" PageIndices="5" />
    </Section>
    <Section PageIndex="6" Name="Copyright">
      <FlowReference Source="Flow_4.xml" PageIndices="6" />
    </Section>
    <Section PageIndex="7" Name="Dedication">
      <FlowReference Source="Flow_5.xml" PageIndices="7" />
    </Section>
    <Section PageIndex="9" Name="Part One">
      <FlowReference Source="Flow_6.xml" PageIndices="9" />
    </Section>
    <Section PageIndex="11" Name="The Photographer">
      <FlowReference Source="Flow_7.xml" PageIndices="11-39" />
    </Section>
    <Section PageIndex="41" Name="Lucia">
      <FlowReference Source="Flow_8.xml" PageIndices="41-77" />
    </Section>
    <Section PageIndex="79" Name="Alec">
      <FlowReference Source="Flow_9.xml" PageIndices="79-112" />
    </Section>
    <Section PageIndex="113" Name="Damascus">
      <FlowReference Source="Flow_10.xml" PageIndices="113-144" />
    </Section>
    <Section PageIndex="145" Name="The Red Thread">
      <FlowReference Source="Flow_11.xml" PageIndices="145-164" />
    </Section>
    <Section PageIndex="165" Name="Part Two">
      <FlowReference Source="Flow_12.xml" PageIndices="165" />
    </Section>
    <Section PageIndex="167" Name="Annalise">
      <FlowReference Source="Flow_13.xml" PageIndices="167-194" />
    </Section>
    <Section PageIndex="195" Name="Andre">
      <FlowReference Source="Flow_14.xml" PageIndices="195-239" />
    </Section>
    <Section PageIndex="241" Name="The Thick of It">
      <FlowReference Source="Flow_15.xml" PageIndices="241-259" />
    </Section>
    <Section PageIndex="261" Name="Maine">
      <FlowReference Source="Flow_16.xml" PageIndices="261-275" />
    </Section>
    <Section PageIndex="277" Name="End of Story">
      <FlowReference Source="Flow_17.xml" PageIndices="277-287" />
    </Section>
  </Sections>
</BookContents>