﻿<?xml version="1.0" encoding="utf-8"?>
<Flow Name="f0">
  <Paragraph>
    <Words Block="0" Page="0" />
  </Paragraph>
  <Paragraph>
    <Words Block="1" Page="0" />
  </Paragraph>
  <Paragraph>
    <Words Block="0" Page="2" />
  </Paragraph>
  <Paragraph>
    <Words Start="0" End="9" Block="0" Page="3" />
  </Paragraph>
  <Paragraph>
    <Words Start="10" End="12" Block="0" Page="3" />
  </Paragraph>
  <Paragraph>
    <Words Block="1" Page="3" />
  </Paragraph>
  <Paragraph>
    <Words Start="0" End="224" Block="2" Page="3" />
  </Paragraph>
  <Paragraph>
    <Words Start="225" End="226" Block="2" Page="3" />
  </Paragraph>
  <Paragraph>
    <Words Start="227" End="227" Block="2" Page="3" />
  </Paragraph>
  <Paragraph>
    <Words Block="3" Page="3" />
  </Paragraph>
  <Paragraph>
    <Words Block="0" Page="4" />
  </Paragraph>
  <Paragraph>
    <Words Start="0" End="0" Block="1" Page="4" />
  </Paragraph>
  <Paragraph>
    <Words Start="1" End="1" Block="1" Page="4" />
  </Paragraph>
  <Paragraph>
    <Words Start="2" End="2" Block="1" Page="4" />
  </Paragraph>
  <Paragraph>
    <Words Start="3" End="5" Block="1" Page="4" />
  </Paragraph>
  <Paragraph>
    <Words Start="6" End="6" Block="1" Page="4" />
  </Paragraph>
  <Paragraph>
    <Words Start="7" End="8" Block="1" Page="4" />
  </Paragraph>
  <Paragraph>
    <Words Start="9" End="9" Block="1" Page="4" />
  </Paragraph>
  <Paragraph>
    <Words Start="10" End="10" Block="1" Page="4" />
  </Paragraph>
  <Paragraph>
    <Words Block="2" Page="4" />
  </Paragraph>
  <Paragraph>
    <Words Block="3" Page="4" />
  </Paragraph>
  <Paragraph>
    <Words Block="4" Page="4" />
  </Paragraph>
  <Paragraph>
    <Words Block="5" Page="4" />
  </Paragraph>
  <Paragraph>
    <Words Block="6" Page="4" />
  </Paragraph>
  <Paragraph>
    <Words Block="7" Page="4" />
  </Paragraph>
  <Paragraph>
    <Words Block="0" Page="5" />
  </Paragraph>
  <Paragraph>
    <Words Block="1" Page="5" />
  </Paragraph>
  <Paragraph>
    <Words Block="2" Page="5" />
  </Paragraph>
  <Paragraph>
    <Words Block="3" Page="5" />
  </Paragraph>
  <Paragraph>
    <Words Block="4" Page="5" />
  </Paragraph>
  <Paragraph>
    <Words Block="5" Page="5" />
  </Paragraph>
  <Paragraph>
    <Words Block="6" Page="5" />
  </Paragraph>
  <Paragraph>
    <Words Block="7" Page="5" />
  </Paragraph>
  <Paragraph>
    <Words Block="8" Page="5" />
  </Paragraph>
  <Paragraph>
    <Words Block="9" Page="5" />
  </Paragraph>
  <Paragraph>
    <Words Block="10" Page="5" />
  </Paragraph>
  <Paragraph>
    <Words Block="11" Page="5" />
  </Paragraph>
  <Paragraph>
    <Words Block="12" Page="5" />
  </Paragraph>
  <Paragraph>
    <Words Block="13" Page="5" />
  </Paragraph>
  <Paragraph>
    <Words Block="14" Page="5" />
  </Paragraph>
  <Paragraph>
    <Words Block="15" Page="5" />
  </Paragraph>
  <Paragraph>
    <Words Block="16" Page="5" />
  </Paragraph>
  <Paragraph>
    <Words Block="17" Page="5" />
  </Paragraph>
  <Paragraph>
    <Words Block="18" Page="5" />
  </Paragraph>
  <Paragraph>
    <Words Block="19" Page="5" />
  </Paragraph>
  <Paragraph>
    <Words Block="20" Page="5" />
  </Paragraph>
  <Paragraph>
    <Words Block="21" Page="5" />
  </Paragraph>
  <Paragraph>
    <Words Block="22" Page="5" />
  </Paragraph>
  <Paragraph>
    <Words Block="0" Page="6" />
  </Paragraph>
  <Paragraph>
    <Words Block="1" Page="6" />
  </Paragraph>
  <Paragraph>
    <Words Block="2" Page="6" />
  </Paragraph>
  <Paragraph>
    <Words Block="3" Page="6" />
  </Paragraph>
  <Paragraph>
    <Words Block="4" Page="6" />
  </Paragraph>
  <Paragraph>
    <Words Block="5" Page="6" />
  </Paragraph>
  <Paragraph>
    <Words Block="6" Page="6" />
  </Paragraph>
  <Paragraph>
    <Words Block="7" Page="6" />
  </Paragraph>
  <Paragraph>
    <Words Block="8" Page="6" />
  </Paragraph>
  <Paragraph>
    <Words Block="9" Page="6" />
  </Paragraph>
  <Paragraph>
    <Words Block="10" Page="6" />
  </Paragraph>
  <Paragraph>
    <Words Block="11" Page="6" />
  </Paragraph>
  <Paragraph>
    <Words Block="12" Page="6" />
  </Paragraph>
  <Paragraph>
    <Words Block="13" Page="6" />
  </Paragraph>
  <Paragraph>
    <Words Block="14" Page="6" />
  </Paragraph>
  <Paragraph>
    <Words Block="15" Page="6" />
  </Paragraph>
  <Paragraph>
    <Words Block="16" Page="6" />
  </Paragraph>
  <Paragraph>
    <Words Block="17" Page="6" />
  </Paragraph>
  <Paragraph>
    <Words Block="18" Page="6" />
  </Paragraph>
  <Paragraph>
    <Words Block="19" Page="6" />
  </Paragraph>
  <Paragraph>
    <Words Block="20" Page="6" />
  </Paragraph>
  <Paragraph>
    <Words Block="21" Page="6" />
  </Paragraph>
  <Paragraph>
    <Words Block="22" Page="6" />
  </Paragraph>
  <Paragraph>
    <Words Block="23" Page="6" />
  </Paragraph>
  <Paragraph>
    <Words Block="24" Page="6" />
  </Paragraph>
  <Paragraph>
    <Words Block="25" Page="6" />
  </Paragraph>
  <Paragraph>
    <Words Block="26" Page="6" />
  </Paragraph>
  <Paragraph>
    <Words Block="27" Page="6" />
  </Paragraph>
  <Paragraph>
    <Words Block="28" Page="6" />
  </Paragraph>
  <Paragraph>
    <Words Block="29" Page="6" />
  </Paragraph>
  <Paragraph>
    <Words Block="0" Page="7" />
  </Paragraph>
  <Paragraph>
    <Words Start="0" End="8" Block="1" Page="7" />
  </Paragraph>
  <Paragraph>
    <Words Start="9" End="21" Block="1" Page="7" />
  </Paragraph>
  <Paragraph>
    <Words Block="0" Page="8" />
  </Paragraph>
  <Paragraph>
    <Words Block="1" Page="8" />
  </Paragraph>
  <Paragraph>
    <Words Block="2" Page="8" />
  </Paragraph>
  <Paragraph>
    <Words Block="0" Page="10" />
  </Paragraph>
  <Paragraph>
    <Words Block="1" Page="10" />
  </Paragraph>
  <Paragraph>
    <Words Block="2" Page="10" />
  </Paragraph>
  <Paragraph>
    <Words Block="3" Page="10" />
  </Paragraph>
  <Paragraph>
    <Words Block="4" Page="10" />
  </Paragraph>
  <Paragraph>
    <Words Block="5" Page="10" />
  </Paragraph>
  <Paragraph>
    <Words Block="6" Page="10" />
  </Paragraph>
  <Paragraph>
    <Words Block="7" Page="10" />
  </Paragraph>
  <Paragraph>
    <Words Block="0" Page="11" />
  </Paragraph>
  <Paragraph>
    <Words Block="1" Page="11" />
  </Paragraph>
  <Paragraph>
    <Words Block="2" Page="11" />
    <Words Block="3" Page="11" />
    <Words Block="4" Page="11" />
  </Paragraph>
  <Paragraph>
    <Words Block="5" Page="11" />
    <Words Block="6" Page="11" />
  </Paragraph>
  <Paragraph>
    <Words Block="7" Page="11" />
    <Words Block="8" Page="11" />
  </Paragraph>
  <Paragraph>
    <Words Block="0" Page="12" />
  </Paragraph>
  <Paragraph>
    <Words Block="0" Page="13" />
  </Paragraph>
  <Paragraph>
    <Words Block="1" Page="13" />
  </Paragraph>
  <Paragraph>
    <Words Block="2" Page="13" />
  </Paragraph>
  <Paragraph>
    <Words Block="3" Page="13" />
  </Paragraph>
  <Paragraph>
    <Words Block="4" Page="13" />
  </Paragraph>
  <Paragraph>
    <Words Block="5" Page="13" />
  </Paragraph>
  <Paragraph>
    <Words Block="6" Page="13" />
  </Paragraph>
  <Paragraph>
    <Words Block="7" Page="13" />
  </Paragraph>
  <Paragraph>
    <Words Block="8" Page="13" />
  </Paragraph>
  <Paragraph>
    <Words Block="0" Page="14" />
  </Paragraph>
  <Paragraph>
    <Words Block="1" Page="14" />
    <Words Block="2" Page="14" />
  </Paragraph>
  <Paragraph>
    <Words Block="3" Page="14" />
  </Paragraph>
  <Paragraph>
    <Words Block="4" Page="14" />
  </Paragraph>
  <Paragraph>
    <Words Block="5" Page="14" />
    <Words Block="6" Page="14" />
  </Paragraph>
  <Paragraph>
    <Words Block="7" Page="14" />
  </Paragraph>
  <Paragraph>
    <Words Block="8" Page="14" />
  </Paragraph>
  <Paragraph>
    <Words Block="9" Page="14" />
    <Words Block="10" Page="14" />
  </Paragraph>
  <Paragraph>
    <Words Block="11" Page="14" />
    <Words Block="12" Page="14" />
  </Paragraph>
  <Paragraph>
    <Words Start="0" End="14" Block="0" Page="15" />
  </Paragraph>
  <Paragraph>
    <Words Start="15" End="18" Block="0" Page="15" />
  </Paragraph>
  <Paragraph>
    <Words Start="19" End="30" Block="0" Page="15" />
  </Paragraph>
  <Paragraph>
    <Words Start="0" End="4" Block="1" Page="15" />
  </Paragraph>
  <Paragraph>
    <Words Start="5" End="17" Block="1" Page="15" />
  </Paragraph>
  <Paragraph>
    <Words Start="18" End="21" Block="1" Page="15" />
  </Paragraph>
  <Paragraph>
    <Words Start="22" End="34" Block="1" Page="15" />
  </Paragraph>
  <Paragraph>
    <Words Block="0" Page="16" />
  </Paragraph>
  <Paragraph>
    <Words Block="1" Page="16" />
  </Paragraph>
  <Paragraph>
    <Words Block="2" Page="16" />
    <Words Block="3" Page="16" />
  </Paragraph>
  <Paragraph>
    <Words Block="4" Page="16" />
  </Paragraph>
  <Paragraph>
    <Words Block="0" Page="17" />
  </Paragraph>
  <Paragraph>
    <Words Block="1" Page="17" />
  </Paragraph>
  <Paragraph>
    <Words Block="2" Page="17" />
  </Paragraph>
  <Paragraph>
    <Words Block="3" Page="17" />
  </Paragraph>
  <Paragraph>
    <Words Block="0" Page="18" />
  </Paragraph>
  <Paragraph>
    <Words Block="1" Page="18" />
  </Paragraph>
  <Paragraph>
    <Words Block="2" Page="18" />
  </Paragraph>
  <Paragraph>
    <Words Start="0" End="5" Block="3" Page="18" />
  </Paragraph>
  <Paragraph>
    <Words Start="6" End="15" Block="3" Page="18" />
  </Paragraph>
  <Paragraph>
    <Words Block="0" Page="19" />
  </Paragraph>
  <Paragraph>
    <Words Block="1" Page="19" />
  </Paragraph>
  <Paragraph>
    <Words Start="0" End="6" Block="2" Page="19" />
  </Paragraph>
  <Paragraph>
    <Words Start="7" End="20" Block="2" Page="19" />
  </Paragraph>
  <Paragraph>
    <Words Start="21" End="23" Block="2" Page="19" />
  </Paragraph>
  <Paragraph>
    <Words Block="0" Page="21" />
  </Paragraph>
  <Paragraph>
    <Words Block="0" Page="22" />
  </Paragraph>
  <Paragraph>
    <Words Start="0" End="2" Block="1" Page="22" />
  </Paragraph>
  <Paragraph>
    <Words Start="3" End="8" Block="1" Page="22" />
  </Paragraph>
  <Paragraph>
    <Words Start="0" End="2" Block="2" Page="22" />
  </Paragraph>
  <Paragraph>
    <Words Start="3" End="7" Block="2" Page="22" />
  </Paragraph>
  <Paragraph>
    <Words Start="0" End="2" Block="3" Page="22" />
  </Paragraph>
  <Paragraph>
    <Words Start="3" End="5" Block="3" Page="22" />
  </Paragraph>
  <Paragraph>
    <Words Start="0" End="2" Block="4" Page="22" />
  </Paragraph>
  <Paragraph>
    <Words Start="3" End="7" Block="4" Page="22" />
  </Paragraph>
  <Paragraph>
    <Words Block="0" Page="23" />
    <Words Block="1" Page="23" />
  </Paragraph>
  <Paragraph>
    <Words Block="2" Page="23" />
    <Words Block="3" Page="23" />
  </Paragraph>
  <Paragraph>
    <Words Block="4" Page="23" />
  </Paragraph>
  <Paragraph>
    <Words Block="5" Page="23" />
  </Paragraph>
  <Paragraph>
    <Words Block="6" Page="23" />
    <Words Block="7" Page="23" />
  </Paragraph>
  <Paragraph>
    <Words Block="8" Page="23" />
    <Words Block="9" Page="23" />
  </Paragraph>
  <Paragraph>
    <Words Block="10" Page="23" />
  </Paragraph>
  <Paragraph>
    <Words Block="11" Page="23" />
  </Paragraph>
  <Paragraph>
    <Words Block="0" Page="24" />
  </Paragraph>
  <Paragraph>
    <Words Block="1" Page="24" />
  </Paragraph>
  <Paragraph>
    <Words Block="2" Page="24" />
  </Paragraph>
  <Paragraph>
    <Words Start="0" End="26" Block="0" Page="26" />
  </Paragraph>
  <Paragraph>
    <Words Start="27" End="31" Block="0" Page="26" />
  </Paragraph>
  <Paragraph>
    <Words Start="32" End="60" Block="0" Page="26" />
  </Paragraph>
  <Paragraph>
    <Words Block="0" Page="27" />
  </Paragraph>
  <Paragraph>
    <Words Block="0" Page="28" />
  </Paragraph>
  <Paragraph>
    <Words Block="0" Page="30" />
  </Paragraph>
  <Paragraph>
    <Words Start="0" End="7" Block="1" Page="30" />
  </Paragraph>
  <Paragraph>
    <Words Start="8" End="14" Block="1" Page="30" />
  </Paragraph>
  <Paragraph>
    <Words Start="0" End="9" Block="2" Page="30" />
  </Paragraph>
  <Paragraph>
    <Words Start="10" End="17" Block="2" Page="30" />
  </Paragraph>
  <Paragraph>
    <Words Start="0" End="9" Block="3" Page="30" />
  </Paragraph>
  <Paragraph>
    <Words Start="10" End="17" Block="3" Page="30" />
  </Paragraph>
  <Paragraph>
    <Words Block="4" Page="30" />
  </Paragraph>
  <Paragraph>
    <Words Start="0" End="10" Block="5" Page="30" />
  </Paragraph>
  <Paragraph>
    <Words Start="11" End="18" Block="5" Page="30" />
  </Paragraph>
  <Paragraph>
    <Words Block="0" Page="31" />
  </Paragraph>
  <Paragraph>
    <Words Start="0" End="25" Block="1" Page="31" />
  </Paragraph>
  <Paragraph>
    <Words Start="26" End="33" Block="1" Page="31" />
    <Words Block="2" Page="31" />
  </Paragraph>
  <Paragraph>
    <Words Start="0" End="0" Block="0" Page="32" />
  </Paragraph>
  <Paragraph>
    <Words Start="1" End="24" Block="0" Page="32" />
  </Paragraph>
  <Paragraph>
    <Words Block="1" Page="32" />
  </Paragraph>
  <Paragraph>
    <Words Block="2" Page="32" />
  </Paragraph>
  <Paragraph>
    <Words Block="3" Page="32" />
  </Paragraph>
  <Paragraph>
    <Words Block="4" Page="32" />
  </Paragraph>
  <Paragraph>
    <Words Block="5" Page="32" />
  </Paragraph>
  <Paragraph>
    <Words Block="0" Page="33" />
  </Paragraph>
  <Paragraph>
    <Words Block="1" Page="33" />
  </Paragraph>
  <Paragraph>
    <Words Block="2" Page="33" />
  </Paragraph>
  <Paragraph>
    <Words Block="3" Page="33" />
  </Paragraph>
  <Paragraph>
    <Words Block="4" Page="33" />
  </Paragraph>
  <Paragraph>
    <Words Block="5" Page="33" />
  </Paragraph>
  <Paragraph>
    <Words Block="0" Page="35" />
  </Paragraph>
  <Paragraph>
    <Words Block="1" Page="35" />
  </Paragraph>
  <Paragraph>
    <Words Block="2" Page="35" />
  </Paragraph>
  <Paragraph>
    <Words Block="3" Page="35" />
  </Paragraph>
  <Paragraph>
    <Words Block="4" Page="35" />
  </Paragraph>
  <Paragraph>
    <Words Block="0" Page="36" />
  </Paragraph>
  <Paragraph>
    <Words Block="0" Page="37" />
  </Paragraph>
  <Paragraph>
    <Words Block="1" Page="37" />
  </Paragraph>
  <Paragraph>
    <Words Block="2" Page="37" />
  </Paragraph>
  <Paragraph>
    <Words Block="0" Page="38" />
  </Paragraph>
  <Paragraph>
    <Words Block="1" Page="38" />
  </Paragraph>
  <Paragraph>
    <Words Block="2" Page="38" />
  </Paragraph>
  <Paragraph>
    <Words Block="0" Page="39" />
  </Paragraph>
  <Paragraph>
    <Words Block="1" Page="39" />
    <Words Block="2" Page="39" />
  </Paragraph>
  <Paragraph>
    <Words Block="3" Page="39" />
    <Words Block="4" Page="39" />
    <Words Block="5" Page="39" />
    <Words Block="6" Page="39" />
    <Words Block="7" Page="39" />
  </Paragraph>
  <Paragraph>
    <Words Block="8" Page="39" />
    <Words Block="9" Page="39" />
  </Paragraph>
  <Paragraph>
    <Words Block="10" Page="39" />
    <Words Block="11" Page="39" />
    <Words Block="12" Page="39" />
  </Paragraph>
  <Paragraph>
    <Words Block="0" Page="40" />
    <Words Block="1" Page="40" />
  </Paragraph>
  <Paragraph>
    <Words Block="2" Page="40" />
    <Words Block="3" Page="40" />
    <Words Block="4" Page="40" />
    <Words Block="5" Page="40" />
    <Words Block="6" Page="40" />
    <Words Block="7" Page="40" />
    <Words Block="8" Page="40" />
  </Paragraph>
  <Paragraph>
    <Words Block="9" Page="40" />
  </Paragraph>
  <Paragraph>
    <Words Block="10" Page="40" />
  </Paragraph>
  <Paragraph>
    <Words Block="11" Page="40" />
    <Words Block="12" Page="40" />
    <Words Block="13" Page="40" />
    <Words Block="14" Page="40" />
  </Paragraph>
  <Paragraph>
    <Words Block="15" Page="40" />
    <Words Block="16" Page="40" />
  </Paragraph>
  <Paragraph>
    <Words Block="17" Page="40" />
  </Paragraph>
  <Paragraph>
    <Words Block="18" Page="40" />
    <Words Block="19" Page="40" />
  </Paragraph>
  <Paragraph>
    <Words Block="20" Page="40" />
    <Words Block="21" Page="40" />
    <Words Block="22" Page="40" />
    <Words Block="23" Page="40" />
  </Paragraph>
  <Paragraph>
    <Words Block="24" Page="40" />
    <Words Block="25" Page="40" />
    <Words Block="26" Page="40" />
  </Paragraph>
  <Paragraph>
    <Words Block="27" Page="40" />
    <Words Block="28" Page="40" />
    <Words Block="29" Page="40" />
    <Words Block="30" Page="40" />
  </Paragraph>
  <Paragraph>
    <Words Block="0" Page="42" />
  </Paragraph>
  <Paragraph>
    <Words Block="1" Page="42" />
  </Paragraph>
  <Paragraph>
    <Words Block="2" Page="42" />
  </Paragraph>
  <Paragraph>
    <Words Block="3" Page="42" />
  </Paragraph>
  <Paragraph>
    <Words Block="4" Page="42" />
  </Paragraph>
  <Paragraph>
    <Words Start="0" End="1" Block="0" Page="43" />
  </Paragraph>
  <Paragraph>
    <Words Start="2" End="16" Block="0" Page="43" />
  </Paragraph>
  <Paragraph>
    <Words Block="1" Page="43" />
  </Paragraph>
  <Paragraph>
    <Words Block="2" Page="43" />
  </Paragraph>
  <Paragraph>
    <Words Block="3" Page="43" />
  </Paragraph>
  <Paragraph>
    <Words Start="0" End="14" Block="4" Page="43" />
  </Paragraph>
  <Paragraph>
    <Words Start="15" End="19" Block="4" Page="43" />
  </Paragraph>
  <Paragraph>
    <Words Start="0" End="0" Block="0" Page="44" />
  </Paragraph>
  <Paragraph>
    <Words Start="1" End="10" Block="0" Page="44" />
  </Paragraph>
  <Paragraph>
    <Words Block="1" Page="44" />
  </Paragraph>
  <Paragraph>
    <Words Block="2" Page="44" />
  </Paragraph>
  <Paragraph>
    <Words Block="3" Page="44" />
  </Paragraph>
  <Paragraph>
    <Words Block="4" Page="44" />
  </Paragraph>
  <Paragraph>
    <Words Block="5" Page="44" />
    <Words Block="6" Page="44" />
  </Paragraph>
  <Paragraph>
    <Words Block="7" Page="44" />
  </Paragraph>
  <Paragraph>
    <Words Block="8" Page="44" />
  </Paragraph>
  <Paragraph>
    <Words Block="9" Page="44" />
  </Paragraph>
  <Paragraph>
    <Words Block="10" Page="44" />
    <Words Block="11" Page="44" />
    <Words Block="0" Page="47" />
  </Paragraph>
</Flow>