﻿<?xml version="1.0" encoding="utf-8"?>
<Flow Name="f0">
  <Paragraph>
    <Words Block="0" Page="0" />
  </Paragraph>
  <Paragraph>
    <Words Block="0" Page="3" />
  </Paragraph>
  <Paragraph>
    <Words Start="0" End="4" Block="1" Page="3" />
  </Paragraph>
  <Paragraph>
    <Words Start="5" End="5" Block="1" Page="3" />
  </Paragraph>
  <Paragraph>
    <Words Start="6" End="6" Block="1" Page="3" />
  </Paragraph>
  <Paragraph>
    <Words Block="2" Page="3" />
    <Words Start="0" End="8" Block="0" Page="4" />
  </Paragraph>
  <Paragraph>
    <Words Start="9" End="10" Block="0" Page="4" />
  </Paragraph>
  <Paragraph>
    <Words Start="0" End="7" Block="0" Page="5" />
  </Paragraph>
  <Paragraph>
    <Words Start="8" End="8" Block="0" Page="5" />
  </Paragraph>
  <Paragraph>
    <Words Start="0" End="6" Block="1" Page="5" />
  </Paragraph>
  <Paragraph>
    <Words Start="7" End="7" Block="1" Page="5" />
  </Paragraph>
  <Paragraph>
    <Words Start="0" End="2" Block="2" Page="5" />
  </Paragraph>
  <Paragraph>
    <Words Start="3" End="11" Block="2" Page="5" />
  </Paragraph>
  <Paragraph>
    <Words Start="12" End="21" Block="2" Page="5" />
  </Paragraph>
  <Paragraph>
    <Words Start="22" End="31" Block="2" Page="5" />
  </Paragraph>
  <Paragraph>
    <Words Start="32" End="37" Block="2" Page="5" />
  </Paragraph>
  <Paragraph>
    <Words Start="38" End="46" Block="2" Page="5" />
  </Paragraph>
  <Paragraph>
    <Words Start="47" End="69" Block="2" Page="5" />
  </Paragraph>
  <Paragraph>
    <Words Start="70" End="80" Block="2" Page="5" />
  </Paragraph>
  <Paragraph>
    <Words Start="81" End="87" Block="2" Page="5" />
  </Paragraph>
  <Paragraph>
    <Words Start="88" End="90" Block="2" Page="5" />
  </Paragraph>
  <Paragraph>
    <Words Start="91" End="95" Block="2" Page="5" />
  </Paragraph>
  <Paragraph>
    <Words Start="96" End="140" Block="2" Page="5" />
  </Paragraph>
  <Paragraph>
    <Words Start="141" End="144" Block="2" Page="5" />
  </Paragraph>
  <Paragraph>
    <Words Start="145" End="150" Block="2" Page="5" />
  </Paragraph>
  <Paragraph>
    <Words Start="151" End="159" Block="2" Page="5" />
  </Paragraph>
  <Paragraph>
    <Words Start="160" End="161" Block="2" Page="5" />
  </Paragraph>
  <Paragraph>
    <Words Start="162" End="162" Block="2" Page="5" />
  </Paragraph>
  <Paragraph>
    <Words Start="163" End="163" Block="2" Page="5" />
  </Paragraph>
  <Paragraph>
    <Words Block="0" Page="6" />
  </Paragraph>
  <Paragraph>
    <Words Block="1" Page="6" />
    <Words Start="0" End="89" Block="2" Page="6" />
  </Paragraph>
  <Paragraph>
    <Words Start="90" End="136" Block="2" Page="6" />
  </Paragraph>
  <Paragraph>
    <Words Start="137" End="300" Block="2" Page="6" />
  </Paragraph>
  <Paragraph>
    <Words Start="301" End="364" Block="2" Page="6" />
  </Paragraph>
  <Paragraph>
    <Words Start="365" End="366" Block="2" Page="6" />
    <Words Start="0" End="104" Block="3" Page="6" />
  </Paragraph>
  <Paragraph>
    <Words Start="105" End="106" Block="3" Page="6" />
  </Paragraph>
  <Paragraph>
    <Words Block="0" Page="9" />
  </Paragraph>
  <Paragraph>
    <Words Block="0" Page="15" />
  </Paragraph>
  <Paragraph>
    <Words Block="0" Page="16" />
  </Paragraph>
  <Paragraph>
    <Words Block="0" Page="32" />
  </Paragraph>
  <Paragraph>
    <Words Block="0" Page="33" />
  </Paragraph>
  <Paragraph>
    <Words Block="0" Page="36" />
  </Paragraph>
  <Paragraph>
    <Words Block="0" Page="39" />
  </Paragraph>
</Flow>