﻿<?xml version="1.0" encoding="utf-8"?>
<Pages>
  <Page PageIndex="0">
    <Block ID="0">
      <Word Text="FRONT" Rect="294,362,228,83" ID="0" />
      <Word Text="Pastedown" Rect="245,442,326,83" ID="1" />
    </Block>
  </Page>
  <Page PageIndex="1" />
  <Page PageIndex="2" />
  <Page PageIndex="3">
    <Block ID="0">
      <Word Text="Anniversary" Rect="135,842,146,33" ID="0" />
      <Word Text="Edition" Rect="288,842,91,33" ID="1" />
    </Block>
    <Block ID="1">
      <Word Text="Beach" Rect="133,929,53,22" ID="0" />
      <Word Text="Lane" Rect="191,929,42,22" ID="1" />
      <Word Text="Books" Rect="239,929,54,22" ID="2" />
      <Word Text="New" Rect="133,952,28,17" ID="3" />
      <Word Text="York" Rect="164,952,29,17" ID="4" />
      <Word Text="Toronto" Rect="271,952,49,17" ID="5" />
      <Word Text="London" Rect="208,952,48,17" ID="6" />
    </Block>
    <Block ID="2">
      <Word Text="Sydney" Rect="335,952,45,17" ID="0" />
    </Block>
  </Page>
  <Page PageIndex="4">
    <Block ID="0">
      <Word Text="by" Rect="428,760,33,37" ID="0" />
      <Word Text="Bill" Rect="469,760,48,37" ID="1" />
      <Word Text="Martin" Rect="524,760,94,37" ID="2" />
      <Word Text="Jr" Rect="627,760,26,37" ID="3" />
      <Word Text="and" Rect="602,794,51,37" ID="4" />
      <Word Text="John" Rect="401,827,66,37" ID="5" />
      <Word Text="Archambault" Rect="475,827,178,37" ID="6" />
      <Word Text="illustrated" Rect="473,873,139,37" ID="7" />
      <Word Text="by" Rect="620,873,33,37" ID="8" />
      <Word Text="Lois" Rect="501,908,58,37" ID="9" />
      <Word Text="Ehlert" Rect="567,908,85,37" ID="10" />
    </Block>
  </Page>
  <Page PageIndex="5">
    <Block ID="0">
      <Word Text="For" Rect="348,241,22,17" ID="0" />
      <Word Text="Arie" Rect="373,241,25,17" ID="1" />
      <Word Text="Alexander" Rect="403,241,62,17" ID="2" />
      <Word Text="Archambault," Rect="468,241,84,17" ID="3" />
      <Word Text="new" Rect="382,257,25,17" ID="4" />
      <Word Text="baby" Rect="411,257,30,17" ID="5" />
      <Word Text="boom" Rect="444,257,36,17" ID="6" />
      <Word Text="boom" Rect="484,257,36,17" ID="7" />
      <Word Text="—" Rect="421,273,13,17" ID="8" />
    </Block>
    <Block ID="1">
      <Word Text="For" Rect="389,305,22,17" ID="0" />
      <Word Text="Libby" Rect="415,305,36,17" ID="1" />
      <Word Text="and" Rect="454,305,23,17" ID="2" />
      <Word Text="Liza," Rect="481,305,30,17" ID="3" />
      <Word Text="Helen" Rect="396,321,37,17" ID="4" />
      <Word Text="and" Rect="436,321,23,17" ID="5" />
      <Word Text="Morris" Rect="463,321,42,17" ID="6" />
      <Word Text="—" Rect="421,337,13,17" ID="7" />
    </Block>
    <Block ID="2">
      <Word Text="Beach" Rect="398,517,35,15" ID="0" />
      <Word Text="Lane" Rect="437,517,27,15" ID="1" />
      <Word Text="Books" Rect="468,517,35,15" ID="2" />
      <Word Text="An" Rect="313,533,12,12" ID="3" />
      <Word Text="imprint" Rect="327,533,33,12" ID="4" />
      <Word Text="of" Rect="363,533,9,12" ID="5" />
      <Word Text="Simon" Rect="374,533,28,12" ID="6" />
      <Word Text="&amp;" Rect="405,533,8,12" ID="7" />
      <Word Text="Schuster" Rect="415,533,38,12" ID="8" />
      <Word Text="Children’s" Rect="456,533,43,12" ID="9" />
      <Word Text="Publishing" Rect="502,533,46,12" ID="10" />
      <Word Text="Division" Rect="550,533,36,12" ID="11" />
      <Word Text="1230" Rect="325,547,21,12" ID="12" />
      <Word Text="Avenue" Rect="349,547,31,12" ID="13" />
      <Word Text="of" Rect="382,547,9,12" ID="14" />
      <Word Text="the" Rect="393,547,14,12" ID="15" />
      <Word Text="Americas," Rect="410,547,43,12" ID="16" />
      <Word Text="New" Rect="455,547,20,12" ID="17" />
      <Word Text="York," Rect="477,547,23,12" ID="18" />
      <Word Text="New" Rect="503,547,20,12" ID="19" />
      <Word Text="York" Rect="525,547,20,12" ID="20" />
      <Word Text="10020" Rect="548,547,26,12" ID="21" />
      <Word Text="Text" Rect="314,560,18,12" ID="22" />
      <Word Text="copyright" Rect="334,560,41,12" ID="23" />
      <Word Text="1989" Rect="388,560,21,12" ID="24" />
      <Word Text="by" Rect="412,560,10,12" ID="25" />
      <Word Text="Bill" Rect="425,560,15,12" ID="26" />
      <Word Text="Martin" Rect="443,560,30,12" ID="27" />
      <Word Text="Jr" Rect="475,560,8,12" ID="28" />
      <Word Text="and" Rect="486,560,16,12" ID="29" />
      <Word Text="John" Rect="505,560,21,12" ID="30" />
      <Word Text="Archambault" Rect="528,560,57,12" ID="31" />
      <Word Text="Illustrations" Rect="353,573,53,12" ID="32" />
      <Word Text="copyright" Rect="408,573,41,12" ID="33" />
      <Word Text="1989" Rect="462,573,21,12" ID="34" />
      <Word Text="by" Rect="485,573,10,12" ID="35" />
      <Word Text="Lois" Rect="498,573,18,12" ID="36" />
      <Word Text="Ehlert" Rect="519,573,27,12" ID="37" />
      <Word Text="Preface" Rect="312,587,32,12" ID="38" />
      <Word Text="copyright" Rect="347,587,41,12" ID="39" />
      <Word Text="2009" Rect="401,587,21,12" ID="40" />
      <Word Text="by" Rect="424,587,10,12" ID="41" />
      <Word Text="Lois" Rect="437,587,18,12" ID="42" />
      <Word Text="Ehlert" Rect="458,587,27,12" ID="43" />
      <Word Text="and" Rect="488,587,16,12" ID="44" />
      <Word Text="John" Rect="507,587,21,12" ID="45" />
      <Word Text="Archambault" Rect="530,587,57,12" ID="46" />
      <Word Text="Poster" Rect="340,600,27,12" ID="47" />
      <Word Text="illustration" Rect="370,600,48,12" ID="48" />
      <Word Text="copyright" Rect="420,600,41,12" ID="49" />
      <Word Text="2009" Rect="474,600,21,12" ID="50" />
      <Word Text="by" Rect="498,600,10,12" ID="51" />
      <Word Text="Lois" Rect="511,600,18,12" ID="52" />
      <Word Text="Ehlert" Rect="532,600,27,12" ID="53" />
      <Word Text="All" Rect="262,613,12,12" ID="54" />
      <Word Text="rights" Rect="277,613,25,12" ID="55" />
      <Word Text="reserved," Rect="304,613,39,12" ID="56" />
      <Word Text="including" Rect="346,613,41,12" ID="57" />
      <Word Text="the" Rect="390,613,14,12" ID="58" />
      <Word Text="right" Rect="406,613,21,12" ID="59" />
      <Word Text="of" Rect="429,613,9,12" ID="60" />
      <Word Text="reproduction" Rect="441,613,57,12" ID="61" />
      <Word Text="in" Rect="500,613,9,12" ID="62" />
      <Word Text="whole" Rect="511,613,26,12" ID="63" />
      <Word Text="or" Rect="540,613,9,12" ID="64" />
      <Word Text="in" Rect="552,613,9,12" ID="65" />
      <Word Text="part" Rect="563,613,18,12" ID="66" />
      <Word Text="in" Rect="583,613,9,12" ID="67" />
      <Word Text="any" Rect="594,613,16,12" ID="68" />
      <Word Text="form." Rect="613,613,24,12" ID="69" />
      <Word Text="BEACH" Rect="310,627,34,12" ID="70" />
      <Word Text="LANE" Rect="346,627,26,12" ID="71" />
      <Word Text="BOOKS" Rect="375,627,34,12" ID="72" />
      <Word Text="is" Rect="412,627,7,12" ID="73" />
      <Word Text="a" Rect="422,627,5,12" ID="74" />
      <Word Text="trademark" Rect="430,627,45,12" ID="75" />
      <Word Text="of" Rect="478,627,9,12" ID="76" />
      <Word Text="Simon" Rect="489,627,28,12" ID="77" />
      <Word Text="&amp;" Rect="520,627,8,12" ID="78" />
      <Word Text="Schuster," Rect="530,627,40,12" ID="79" />
      <Word Text="Inc." Rect="572,627,17,12" ID="80" />
      <Word Text="Manufactured" Rect="350,640,62,12" ID="81" />
      <Word Text="in" Rect="414,640,9,12" ID="82" />
      <Word Text="the" Rect="425,640,14,12" ID="83" />
      <Word Text="United" Rect="441,640,29,12" ID="84" />
      <Word Text="States" Rect="473,640,26,12" ID="85" />
      <Word Text="of" Rect="502,640,9,12" ID="86" />
      <Word Text="America" Rect="513,640,36,12" ID="87" />
      <Word Text="2468" Rect="409,653,29,12" ID="88" />
      <Word Text="10" Rect="440,653,10,12" ID="89" />
      <Word Text="97531" Rect="453,653,36,12" ID="90" />
      <Word Text="Library" Rect="338,667,32,12" ID="91" />
      <Word Text="of" Rect="373,667,9,12" ID="92" />
      <Word Text="Congress" Rect="384,667,39,12" ID="93" />
      <Word Text="Cataloging-in-Publication" Rect="426,667,111,12" ID="94" />
      <Word Text="Data" Rect="540,667,20,12" ID="95" />
      <Word Text="Martin," Rect="397,680,32,12" ID="96" />
      <Word Text="Bill," Rect="432,680,18,12" ID="97" />
      <Word Text="1916–2004." Rect="453,680,49,12" ID="98" />
      <Word Text="Chicka" Rect="259,693,30,12" ID="99" />
      <Word Text="chicka" Rect="292,693,28,12" ID="100" />
      <Word Text="boom" Rect="323,693,25,12" ID="101" />
      <Word Text="boom" Rect="350,693,25,12" ID="102" />
      <Word Text=":" Rect="378,693,3,12" ID="103" />
      <Word Text="anniversary" Rect="383,693,51,12" ID="104" />
      <Word Text="edition" Rect="436,693,30,12" ID="105" />
      <Word Text="/" Rect="469,693,3,12" ID="106" />
      <Word Text="Bill" Rect="474,693,15,12" ID="107" />
      <Word Text="Martin" Rect="492,693,30,12" ID="108" />
      <Word Text="Jr" Rect="524,693,8,12" ID="109" />
      <Word Text="and" Rect="535,693,16,12" ID="110" />
      <Word Text="John" Rect="554,693,21,12" ID="111" />
      <Word Text="Archambault" Rect="578,693,57,12" ID="112" />
      <Word Text=";" Rect="637,693,3,12" ID="113" />
      <Word Text="illustrated" Rect="373,707,44,12" ID="114" />
      <Word Text="by" Rect="420,707,10,12" ID="115" />
      <Word Text="Lois" Rect="433,707,18,12" ID="116" />
      <Word Text="Ehlert." Rect="454,707,30,12" ID="117" />
      <Word Text="—" Rect="486,707,9,12" ID="118" />
      <Word Text="1st" Rect="498,707,13,12" ID="119" />
      <Word Text="ed." Rect="513,707,13,12" ID="120" />
      <Word Text="p." Rect="436,720,8,12" ID="121" />
      <Word Text="cm." Rect="447,720,16,12" ID="122" />
      <Word Text="Summary:" Rect="258,733,45,12" ID="123" />
      <Word Text="An" Rect="306,733,12,12" ID="124" />
      <Word Text="alphabet" Rect="321,733,38,12" ID="125" />
      <Word Text="rhyme/chant" Rect="361,733,55,12" ID="126" />
      <Word Text="that" Rect="418,733,17,12" ID="127" />
      <Word Text="relates" Rect="438,733,29,12" ID="128" />
      <Word Text="what" Rect="469,733,21,12" ID="129" />
      <Word Text="happens" Rect="493,733,36,12" ID="130" />
      <Word Text="when" Rect="532,733,24,12" ID="131" />
      <Word Text="the" Rect="558,733,14,12" ID="132" />
      <Word Text="whole" Rect="575,733,26,12" ID="133" />
      <Word Text="alphabet" Rect="603,733,38,12" ID="134" />
      <Word Text="tries" Rect="387,747,19,12" ID="135" />
      <Word Text="to" Rect="409,747,9,12" ID="136" />
      <Word Text="climb" Rect="420,747,24,12" ID="137" />
      <Word Text="a" Rect="447,747,5,12" ID="138" />
      <Word Text="coconut" Rect="455,747,35,12" ID="139" />
      <Word Text="tree." Rect="492,747,19,12" ID="140" />
      <Word Text="ISBN:" Rect="369,760,26,12" ID="141" />
      <Word Text="978-1-4169-9091-8" Rect="398,760,80,12" ID="142" />
      <Word Text="(alk." Rect="480,760,19,12" ID="143" />
      <Word Text="paper)" Rect="502,760,28,12" ID="144" />
      <Word Text="[1." Rect="356,773,11,12" ID="145" />
      <Word Text="Stories" Rect="370,773,30,12" ID="146" />
      <Word Text="in" Rect="403,773,9,12" ID="147" />
      <Word Text="rhyme." Rect="414,773,30,12" ID="148" />
      <Word Text="2." Rect="447,773,8,12" ID="149" />
      <Word Text="Alphabet—Fiction.]" Rect="458,773,85,12" ID="150" />
      <Word Text="I." Rect="341,787,6,12" ID="151" />
      <Word Text="Archambault," Rect="350,787,59,12" ID="152" />
      <Word Text="John." Rect="412,787,24,12" ID="153" />
      <Word Text="II." Rect="438,787,10,12" ID="154" />
      <Word Text="Ehlert," Rect="450,787,30,12" ID="155" />
      <Word Text="Lois," Rect="483,787,21,12" ID="156" />
      <Word Text="ill." Rect="506,787,11,12" ID="157" />
      <Word Text="III." Rect="520,787,13,12" ID="158" />
      <Word Text="Title." Rect="536,787,22,12" ID="159" />
      <Word Text="PZ8.3.M418Ch" Rect="406,800,64,12" ID="160" />
      <Word Text="2009" Rect="472,800,21,12" ID="161" />
      <Word Text="2009000626" Rect="449,813,52,12" ID="162" />
      <Word Text="[E]—dc22" Rect="398,813,44,12" ID="163" />
    </Block>
  </Page>
  <Page PageIndex="6">
    <Block ID="0">
      <Word Text="A" Rect="204,175,16,28" ID="0" />
      <Word Text="Bit" Rect="227,175,34,28" ID="1" />
      <Word Text="of" Rect="267,175,23,28" ID="2" />
    </Block>
    <Block ID="1">
      <Word Text="History" Rect="438,175,84,28" ID="0" />
    </Block>
    <Block ID="2">
      <Word Text="ore" Rect="136,242,21,18" ID="0" />
      <Word Text="than" Rect="163,242,30,18" ID="1" />
      <Word Text="twenty-five" Rect="198,242,71,18" ID="2" />
      <Word Text="years" Rect="274,242,34,18" ID="3" />
      <Word Text="ago," Rect="314,242,27,18" ID="4" />
      <Word Text="Bill" Rect="346,242,23,18" ID="5" />
      <Word Text="Martin" Rect="375,242,45,18" ID="6" />
      <Word Text="Jr" Rect="425,242,12,18" ID="7" />
      <Word Text="and" Rect="443,242,24,18" ID="8" />
      <Word Text="I" Rect="473,242,5,18" ID="9" />
      <Word Text="were" Rect="484,242,31,18" ID="10" />
      <Word Text="at" Rect="521,242,12,18" ID="11" />
      <Word Text="a" Rect="539,242,8,18" ID="12" />
      <Word Text="hotel" Rect="552,242,33,18" ID="13" />
      <Word Text="in" Rect="591,242,13,18" ID="14" />
      <Word Text="San" Rect="609,242,25,18" ID="15" />
      <Word Text="Francisco," Rect="82,262,67,18" ID="16" />
      <Word Text="conducting" Rect="152,262,73,18" ID="17" />
      <Word Text="a" Rect="229,262,8,18" ID="18" />
      <Word Text="workshop" Rect="239,262,64,18" ID="19" />
      <Word Text="for" Rect="306,262,19,18" ID="20" />
      <Word Text="teachers" Rect="328,262,54,18" ID="21" />
      <Word Text="on" Rect="386,262,17,18" ID="22" />
      <Word Text="the" Rect="406,262,20,18" ID="23" />
      <Word Text="power" Rect="429,262,40,18" ID="24" />
      <Word Text="of" Rect="473,262,13,18" ID="25" />
      <Word Text="poetry" Rect="489,262,41,18" ID="26" />
      <Word Text="and" Rect="533,262,24,18" ID="27" />
      <Word Text="predictable" Rect="561,262,73,18" ID="28" />
      <Word Text="text" Rect="82,283,24,18" ID="29" />
      <Word Text="for" Rect="110,283,19,18" ID="30" />
      <Word Text="early" Rect="133,283,32,18" ID="31" />
      <Word Text="readers." Rect="169,283,52,18" ID="32" />
      <Word Text="A" Rect="225,283,9,18" ID="33" />
      <Word Text="man" Rect="238,283,29,18" ID="34" />
      <Word Text="introduced" Rect="272,283,71,18" ID="35" />
      <Word Text="himself," Rect="347,283,52,18" ID="36" />
      <Word Text="explaining" Rect="403,283,68,18" ID="37" />
      <Word Text="that" Rect="475,283,26,18" ID="38" />
      <Word Text="he" Rect="505,283,16,18" ID="39" />
      <Word Text="hadn’t" Rect="524,283,40,18" ID="40" />
      <Word Text="learned" Rect="568,283,48,18" ID="41" />
      <Word Text="to" Rect="621,283,13,18" ID="42" />
      <Word Text="read" Rect="82,304,29,18" ID="43" />
      <Word Text="until" Rect="115,304,31,18" ID="44" />
      <Word Text="the" Rect="150,304,20,18" ID="45" />
      <Word Text="fifth" Rect="175,304,27,18" ID="46" />
      <Word Text="grade," Rect="205,304,40,18" ID="47" />
      <Word Text="when" Rect="250,304,35,18" ID="48" />
      <Word Text="his" Rect="289,304,19,18" ID="49" />
      <Word Text="class" Rect="313,304,31,18" ID="50" />
      <Word Text="came" Rect="348,304,34,18" ID="51" />
      <Word Text="up" Rect="387,304,17,18" ID="52" />
      <Word Text="with" Rect="408,304,29,18" ID="53" />
      <Word Text="a" Rect="442,304,8,18" ID="54" />
      <Word Text="lively" Rect="453,304,34,18" ID="55" />
      <Word Text="cheer" Rect="492,304,36,18" ID="56" />
      <Word Text="that" Rect="532,304,26,18" ID="57" />
      <Word Text="began" Rect="562,304,39,18" ID="58" />
      <Word Text="with" Rect="605,304,29,18" ID="59" />
      <Word Text="“Chigga" Rect="82,324,51,18" ID="60" />
      <Word Text="Chigga" Rect="138,324,45,18" ID="61" />
      <Word Text="whole" Rect="189,324,39,18" ID="62" />
      <Word Text="potata," Rect="233,324,45,18" ID="63" />
      <Word Text="half" Rect="283,324,25,18" ID="64" />
      <Word Text="past" Rect="314,324,27,18" ID="65" />
      <Word Text="alligata," Rect="346,324,52,18" ID="66" />
      <Word Text="bim" Rect="403,324,26,18" ID="67" />
      <Word Text="bam" Rect="434,324,29,18" ID="68" />
      <Word Text="bulligata.”" Rect="468,324,67,18" ID="69" />
      <Word Text="By" Rect="540,324,17,18" ID="70" />
      <Word Text="connecting" Rect="562,324,72,18" ID="71" />
      <Word Text="the" Rect="82,345,20,18" ID="72" />
      <Word Text="rhythm" Rect="107,345,48,18" ID="73" />
      <Word Text="and" Rect="160,345,24,18" ID="74" />
      <Word Text="sounds" Rect="189,345,46,18" ID="75" />
      <Word Text="with" Rect="240,345,29,18" ID="76" />
      <Word Text="the" Rect="274,345,20,18" ID="77" />
      <Word Text="letters" Rect="299,345,40,18" ID="78" />
      <Word Text="he" Rect="344,345,16,18" ID="79" />
      <Word Text="saw" Rect="364,345,25,18" ID="80" />
      <Word Text="written" Rect="394,345,47,18" ID="81" />
      <Word Text="on" Rect="445,345,17,18" ID="82" />
      <Word Text="the" Rect="467,345,20,18" ID="83" />
      <Word Text="chalkboard," Rect="492,345,77,18" ID="84" />
      <Word Text="he" Rect="574,345,16,18" ID="85" />
      <Word Text="finally" Rect="594,345,40,18" ID="86" />
      <Word Text="began" Rect="82,366,39,18" ID="87" />
      <Word Text="to" Rect="125,366,13,18" ID="88" />
      <Word Text="read." Rect="142,366,33,18" ID="89" />
      <Word Text="I" Rect="106,386,5,18" ID="90" />
      <Word Text="couldn’t" Rect="115,386,52,18" ID="91" />
      <Word Text="get" Rect="170,386,19,18" ID="92" />
      <Word Text="that" Rect="193,386,26,18" ID="93" />
      <Word Text="story" Rect="223,386,32,18" ID="94" />
      <Word Text="and" Rect="259,386,24,18" ID="95" />
      <Word Text="that" Rect="286,386,26,18" ID="96" />
      <Word Text="cheer" Rect="316,386,36,18" ID="97" />
      <Word Text="out" Rect="355,386,22,18" ID="98" />
      <Word Text="of" Rect="380,386,13,18" ID="99" />
      <Word Text="my" Rect="396,386,20,18" ID="100" />
      <Word Text="head," Rect="420,386,35,18" ID="101" />
      <Word Text="and" Rect="459,386,24,18" ID="102" />
      <Word Text="as" Rect="487,386,14,18" ID="103" />
      <Word Text="I" Rect="504,386,5,18" ID="104" />
      <Word Text="said" Rect="513,386,26,18" ID="105" />
      <Word Text="the" Rect="543,386,20,18" ID="106" />
      <Word Text="cheer" Rect="567,386,36,18" ID="107" />
      <Word Text="over" Rect="606,386,28,18" ID="108" />
      <Word Text="and" Rect="82,407,24,18" ID="109" />
      <Word Text="over" Rect="110,407,28,18" ID="110" />
      <Word Text="to" Rect="141,407,13,18" ID="111" />
      <Word Text="my" Rect="158,407,20,18" ID="112" />
      <Word Text="six-month-old" Rect="182,407,91,18" ID="113" />
      <Word Text="son," Rect="276,407,27,18" ID="114" />
      <Word Text="it" Rect="306,407,9,18" ID="115" />
      <Word Text="evolved—in" Rect="319,407,75,18" ID="116" />
      <Word Text="that" Rect="398,407,26,18" ID="117" />
      <Word Text="wonderful" Rect="428,407,67,18" ID="118" />
      <Word Text="way" Rect="498,407,26,18" ID="119" />
      <Word Text="that" Rect="527,407,26,18" ID="120" />
      <Word Text="things" Rect="557,407,40,18" ID="121" />
      <Word Text="often" Rect="601,407,33,18" ID="122" />
      <Word Text="do" Rect="82,428,16,18" ID="123" />
      <Word Text="when" Rect="102,428,35,18" ID="124" />
      <Word Text="you" Rect="141,428,24,18" ID="125" />
      <Word Text="repeat" Rect="169,428,41,18" ID="126" />
      <Word Text="them" Rect="214,428,33,18" ID="127" />
      <Word Text="a" Rect="251,428,8,18" ID="128" />
      <Word Text="lot" Rect="262,428,17,18" ID="129" />
      <Word Text="to" Rect="283,428,13,18" ID="130" />
      <Word Text="your" Rect="300,428,30,18" ID="131" />
      <Word Text="baby—into" Rect="334,428,71,18" ID="132" />
      <Word Text="“Chicka" Rect="409,428,51,18" ID="133" />
      <Word Text="Chicka" Rect="464,428,45,18" ID="134" />
      <Word Text="Boom" Rect="513,428,39,18" ID="135" />
      <Word Text="Boom.”" Rect="556,428,49,18" ID="136" />
      <Word Text="Around" Rect="106,448,49,18" ID="137" />
      <Word Text="that" Rect="159,448,26,18" ID="138" />
      <Word Text="time," Rect="190,448,33,18" ID="139" />
      <Word Text="Bill" Rect="227,448,23,18" ID="140" />
      <Word Text="and" Rect="255,448,24,18" ID="141" />
      <Word Text="I" Rect="284,448,5,18" ID="142" />
      <Word Text="got" Rect="294,448,20,18" ID="143" />
      <Word Text="the" Rect="319,448,20,18" ID="144" />
      <Word Text="idea" Rect="344,448,27,18" ID="145" />
      <Word Text="to" Rect="375,448,13,18" ID="146" />
      <Word Text="write" Rect="393,448,33,18" ID="147" />
      <Word Text="an" Rect="431,448,16,18" ID="148" />
      <Word Text="alphabet" Rect="451,448,56,18" ID="149" />
      <Word Text="book" Rect="512,448,32,18" ID="150" />
      <Word Text="together," Rect="549,448,56,18" ID="151" />
      <Word Text="and" Rect="610,448,24,18" ID="152" />
      <Word Text="“Chicka" Rect="82,469,51,18" ID="153" />
      <Word Text="Chicka" Rect="138,469,45,18" ID="154" />
      <Word Text="Boom" Rect="187,469,39,18" ID="155" />
      <Word Text="Boom”—plus" Rect="231,469,86,18" ID="156" />
      <Word Text="the" Rect="322,469,20,18" ID="157" />
      <Word Text="palm" Rect="348,469,33,18" ID="158" />
      <Word Text="tree" Rect="385,469,25,18" ID="159" />
      <Word Text="outside" Rect="415,469,47,18" ID="160" />
      <Word Text="my" Rect="467,469,20,18" ID="161" />
      <Word Text="California" Rect="492,469,65,18" ID="162" />
      <Word Text="windows—" Rect="562,469,72,18" ID="163" />
      <Word Text="became" Rect="82,490,50,18" ID="164" />
      <Word Text="the" Rect="135,490,20,18" ID="165" />
      <Word Text="center" Rect="160,490,40,18" ID="166" />
      <Word Text="of" Rect="204,490,13,18" ID="167" />
      <Word Text="the" Rect="221,490,20,18" ID="168" />
      <Word Text="piece." Rect="245,490,38,18" ID="169" />
      <Word Text="Bill" Rect="286,490,23,18" ID="170" />
      <Word Text="and" Rect="313,490,24,18" ID="171" />
      <Word Text="I" Rect="341,490,5,18" ID="172" />
      <Word Text="ping-ponged" Rect="350,490,81,18" ID="173" />
      <Word Text="back" Rect="435,490,31,18" ID="174" />
      <Word Text="and" Rect="469,490,24,18" ID="175" />
      <Word Text="forth" Rect="497,490,32,18" ID="176" />
      <Word Text="over" Rect="534,490,28,18" ID="177" />
      <Word Text="the" Rect="565,490,20,18" ID="178" />
      <Word Text="phone," Rect="590,490,44,18" ID="179" />
      <Word Text="reciting" Rect="82,510,50,18" ID="180" />
      <Word Text="and" Rect="137,510,24,18" ID="181" />
      <Word Text="rewriting" Rect="166,510,60,18" ID="182" />
      <Word Text="the" Rect="231,510,20,18" ID="183" />
      <Word Text="book" Rect="256,510,32,18" ID="184" />
      <Word Text="literally" Rect="294,510,50,18" ID="185" />
      <Word Text="dozens" Rect="348,510,45,18" ID="186" />
      <Word Text="of" Rect="398,510,13,18" ID="187" />
      <Word Text="times." Rect="416,510,39,18" ID="188" />
      <Word Text="“John," Rect="461,510,41,18" ID="189" />
      <Word Text="what" Rect="507,510,32,18" ID="190" />
      <Word Text="happens" Rect="544,510,54,18" ID="191" />
      <Word Text="after" Rect="604,510,30,18" ID="192" />
      <Word Text="the" Rect="82,531,20,18" ID="193" />
      <Word Text="letters" Rect="108,531,40,18" ID="194" />
      <Word Text="climb" Rect="154,531,37,18" ID="195" />
      <Word Text="up" Rect="197,531,17,18" ID="196" />
      <Word Text="the" Rect="220,531,20,18" ID="197" />
      <Word Text="tree?”" Rect="246,531,38,18" ID="198" />
      <Word Text="Bill" Rect="289,531,23,18" ID="199" />
      <Word Text="asked" Rect="318,531,37,18" ID="200" />
      <Word Text="one" Rect="360,531,24,18" ID="201" />
      <Word Text="day." Rect="390,531,25,18" ID="202" />
      <Word Text="Another" Rect="421,531,52,18" ID="203" />
      <Word Text="day" Rect="479,531,23,18" ID="204" />
      <Word Text="he" Rect="508,531,16,18" ID="205" />
      <Word Text="called" Rect="530,531,38,18" ID="206" />
      <Word Text="and" Rect="573,531,24,18" ID="207" />
      <Word Text="said," Rect="604,531,30,18" ID="208" />
      <Word Text="“John," Rect="82,552,41,18" ID="209" />
      <Word Text="I’ve" Rect="127,552,22,18" ID="210" />
      <Word Text="got" Rect="152,552,20,18" ID="211" />
      <Word Text="one." Rect="176,552,27,18" ID="212" />
      <Word Text="How" Rect="207,552,31,18" ID="213" />
      <Word Text="about" Rect="241,552,37,18" ID="214" />
      <Word Text="black-eyed" Rect="282,552,69,18" ID="215" />
      <Word Text="P?”" Rect="354,552,22,18" ID="216" />
      <Word Text="That" Rect="379,552,30,18" ID="217" />
      <Word Text="led" Rect="413,552,19,18" ID="218" />
      <Word Text="to" Rect="436,552,13,18" ID="219" />
      <Word Text="my" Rect="452,552,20,18" ID="220" />
      <Word Text="favorite:" Rect="476,552,54,18" ID="221" />
      <Word Text="“loose-tooth" Rect="533,552,79,18" ID="222" />
      <Word Text="T!”" Rect="615,552,19,18" ID="223" />
      <Word Text="The" Rect="82,572,25,18" ID="224" />
      <Word Text="traffic" Rect="111,572,38,18" ID="225" />
      <Word Text="jams" Rect="154,572,31,18" ID="226" />
      <Word Text="I’d" Rect="189,572,17,18" ID="227" />
      <Word Text="see" Rect="210,572,20,18" ID="228" />
      <Word Text="of" Rect="234,572,13,18" ID="229" />
      <Word Text="parents" Rect="252,572,48,18" ID="230" />
      <Word Text="picking" Rect="305,572,48,18" ID="231" />
      <Word Text="up" Rect="357,572,17,18" ID="232" />
      <Word Text="their" Rect="378,572,31,18" ID="233" />
      <Word Text="children" Rect="413,572,54,18" ID="234" />
      <Word Text="when" Rect="472,572,35,18" ID="235" />
      <Word Text="school" Rect="511,572,42,18" ID="236" />
      <Word Text="let" Rect="558,572,16,18" ID="237" />
      <Word Text="out" Rect="578,572,22,18" ID="238" />
      <Word Text="each" Rect="604,572,30,18" ID="239" />
      <Word Text="day" Rect="82,593,23,18" ID="240" />
      <Word Text="inspired" Rect="109,593,53,18" ID="241" />
      <Word Text="the" Rect="167,593,20,18" ID="242" />
      <Word Text="second" Rect="192,593,45,18" ID="243" />
      <Word Text="half" Rect="241,593,25,18" ID="244" />
      <Word Text="of" Rect="271,593,13,18" ID="245" />
      <Word Text="the" Rect="288,593,20,18" ID="246" />
      <Word Text="book." Rect="313,593,36,18" ID="247" />
      <Word Text="Naturally," Rect="353,593,64,18" ID="248" />
      <Word Text="the" Rect="421,593,20,18" ID="249" />
      <Word Text="lowercase" Rect="446,593,64,18" ID="250" />
      <Word Text="letters" Rect="515,593,40,18" ID="251" />
      <Word Text="became" Rect="559,593,50,18" ID="252" />
      <Word Text="the" Rect="613,593,20,18" ID="253" />
      <Word Text="children" Rect="82,614,54,18" ID="254" />
      <Word Text="and" Rect="139,614,24,18" ID="255" />
      <Word Text="the" Rect="167,614,20,18" ID="256" />
      <Word Text="capital" Rect="192,614,44,18" ID="257" />
      <Word Text="letters" Rect="239,614,40,18" ID="258" />
      <Word Text="the" Rect="283,614,20,18" ID="259" />
      <Word Text="“mamas" Rect="307,614,53,18" ID="260" />
      <Word Text="and" Rect="364,614,24,18" ID="261" />
      <Word Text="papas" Rect="392,614,38,18" ID="262" />
      <Word Text="and" Rect="433,614,24,18" ID="263" />
      <Word Text="uncles" Rect="461,614,41,18" ID="264" />
      <Word Text="and" Rect="506,614,24,18" ID="265" />
      <Word Text="aunts.”" Rect="534,614,46,18" ID="266" />
      <Word Text="Bill" Rect="583,614,23,18" ID="267" />
      <Word Text="and" Rect="610,614,24,18" ID="268" />
      <Word Text="I" Rect="82,634,5,18" ID="269" />
      <Word Text="had" Rect="92,634,24,18" ID="270" />
      <Word Text="a" Rect="121,634,8,18" ID="271" />
      <Word Text="blast" Rect="133,634,31,18" ID="272" />
      <Word Text="working" Rect="169,634,53,18" ID="273" />
      <Word Text="together." Rect="227,634,56,18" ID="274" />
      <Word Text="I" Rect="288,634,5,18" ID="275" />
      <Word Text="used" Rect="299,634,30,18" ID="276" />
      <Word Text="to" Rect="333,634,13,18" ID="277" />
      <Word Text="laugh" Rect="351,634,36,18" ID="278" />
      <Word Text="and" Rect="392,634,24,18" ID="279" />
      <Word Text="say," Rect="421,634,23,18" ID="280" />
      <Word Text="“Can" Rect="449,634,32,18" ID="281" />
      <Word Text="you" Rect="486,634,24,18" ID="282" />
      <Word Text="believe" Rect="514,634,45,18" ID="283" />
      <Word Text="two" Rect="564,634,24,18" ID="284" />
      <Word Text="grown" Rect="593,634,41,18" ID="285" />
      <Word Text="men" Rect="82,655,29,18" ID="286" />
      <Word Text="would" Rect="114,655,40,18" ID="287" />
      <Word Text="play" Rect="158,655,27,18" ID="288" />
      <Word Text="with" Rect="190,655,29,18" ID="289" />
      <Word Text="the" Rect="222,655,20,18" ID="290" />
      <Word Text="alphabet" Rect="247,655,56,18" ID="291" />
      <Word Text="for" Rect="307,655,19,18" ID="292" />
      <Word Text="weeks" Rect="330,655,39,18" ID="293" />
      <Word Text="..." Rect="373,655,19,18" ID="294" />
      <Word Text="and" Rect="396,655,24,18" ID="295" />
      <Word Text="actually" Rect="424,655,51,18" ID="296" />
      <Word Text="have" Rect="479,655,30,18" ID="297" />
      <Word Text="fun" Rect="513,655,22,18" ID="298" />
      <Word Text="doing" Rect="539,655,37,18" ID="299" />
      <Word Text="it?!”" Rect="580,655,26,18" ID="300" />
      <Word Text="I" Rect="106,676,5,18" ID="301" />
      <Word Text="am" Rect="115,676,20,18" ID="302" />
      <Word Text="blessed" Rect="138,676,47,18" ID="303" />
      <Word Text="to" Rect="189,676,13,18" ID="304" />
      <Word Text="have" Rect="205,676,30,18" ID="305" />
      <Word Text="had" Rect="238,676,24,18" ID="306" />
      <Word Text="Bill" Rect="266,676,23,18" ID="307" />
      <Word Text="Martin" Rect="292,676,45,18" ID="308" />
      <Word Text="Jr" Rect="340,676,12,18" ID="309" />
      <Word Text="as" Rect="356,676,14,18" ID="310" />
      <Word Text="a" Rect="373,676,8,18" ID="311" />
      <Word Text="mentor" Rect="384,676,47,18" ID="312" />
      <Word Text="and" Rect="435,676,24,18" ID="313" />
      <Word Text="a" Rect="462,676,8,18" ID="314" />
      <Word Text="friend," Rect="473,676,43,18" ID="315" />
      <Word Text="and" Rect="519,676,24,18" ID="316" />
      <Word Text="I" Rect="547,676,5,18" ID="317" />
      <Word Text="am" Rect="556,676,20,18" ID="318" />
      <Word Text="honored" Rect="579,676,54,18" ID="319" />
      <Word Text="to" Rect="82,696,13,18" ID="320" />
      <Word Text="have" Rect="101,696,30,18" ID="321" />
      <Word Text="worked" Rect="136,696,48,18" ID="322" />
      <Word Text="with" Rect="190,696,29,18" ID="323" />
      <Word Text="him" Rect="225,696,26,18" ID="324" />
      <Word Text="for" Rect="257,696,19,18" ID="325" />
      <Word Text="over" Rect="281,696,28,18" ID="326" />
      <Word Text="a" Rect="315,696,8,18" ID="327" />
      <Word Text="decade—a" Rect="328,696,67,18" ID="328" />
      <Word Text="joyous" Rect="401,696,42,18" ID="329" />
      <Word Text="collaboration" Rect="448,696,87,18" ID="330" />
      <Word Text="that" Rect="541,696,26,18" ID="331" />
      <Word Text="produced" Rect="572,696,61,18" ID="332" />
      <Word Text="more" Rect="82,717,34,18" ID="333" />
      <Word Text="than" Rect="120,717,30,18" ID="334" />
      <Word Text="a" Rect="155,717,8,18" ID="335" />
      <Word Text="dozen" Rect="167,717,39,18" ID="336" />
      <Word Text="books." Rect="210,717,42,18" ID="337" />
      <Word Text="I" Rect="257,717,5,18" ID="338" />
      <Word Text="will" Rect="267,717,24,18" ID="339" />
      <Word Text="never" Rect="295,717,36,18" ID="340" />
      <Word Text="forget" Rect="336,717,38,18" ID="341" />
      <Word Text="his" Rect="379,717,19,18" ID="342" />
      <Word Text="marvelous" Rect="402,717,67,18" ID="343" />
      <Word Text="ear" Rect="474,717,20,18" ID="344" />
      <Word Text="for" Rect="499,717,19,18" ID="345" />
      <Word Text="language" Rect="523,717,58,18" ID="346" />
      <Word Text="and" Rect="586,717,24,18" ID="347" />
      <Word Text="his" Rect="615,717,19,18" ID="348" />
      <Word Text="face-lit" Rect="82,738,45,18" ID="349" />
      <Word Text="grin" Rect="130,738,26,18" ID="350" />
      <Word Text="when" Rect="161,738,35,18" ID="351" />
      <Word Text="he" Rect="200,738,16,18" ID="352" />
      <Word Text="would" Rect="219,738,40,18" ID="353" />
      <Word Text="turn" Rect="263,738,28,18" ID="354" />
      <Word Text="to" Rect="295,738,13,18" ID="355" />
      <Word Text="me" Rect="312,738,20,18" ID="356" />
      <Word Text="and" Rect="336,738,24,18" ID="357" />
      <Word Text="say," Rect="364,738,23,18" ID="358" />
      <Word Text="“John," Rect="392,738,41,18" ID="359" />
      <Word Text="that’s" Rect="437,738,34,18" ID="360" />
      <Word Text="it!" Rect="475,738,14,18" ID="361" />
      <Word Text="That’s" Rect="492,738,38,18" ID="362" />
      <Word Text="a" Rect="534,738,8,18" ID="363" />
      <Word Text="book!”" Rect="546,738,43,18" ID="364" />
      <Word Text="—John" Rect="500,758,46,18" ID="365" />
      <Word Text="Archambault" Rect="549,758,85,18" ID="366" />
    </Block>
    <Block ID="3">
      <Word Text="hen" Rect="128,810,24,18" ID="0" />
      <Word Text="I" Rect="156,810,5,18" ID="1" />
      <Word Text="first" Rect="165,810,25,18" ID="2" />
      <Word Text="read" Rect="194,810,29,18" ID="3" />
      <Word Text="the" Rect="227,810,20,18" ID="4" />
      <Word Text="Chicka" Rect="251,810,44,18" ID="5" />
      <Word Text="text," Rect="299,810,28,18" ID="6" />
      <Word Text="I" Rect="330,810,5,18" ID="7" />
      <Word Text="thought:" Rect="339,810,55,18" ID="8" />
      <Word Text="I" Rect="398,810,5,18" ID="9" />
      <Word Text="can" Rect="407,810,23,18" ID="10" />
      <Word Text="do" Rect="434,810,16,18" ID="11" />
      <Word Text="a" Rect="454,810,8,18" ID="12" />
      <Word Text="butterfly," Rect="465,810,58,18" ID="13" />
      <Word Text="a" Rect="527,810,8,18" ID="14" />
      <Word Text="squirrel," Rect="538,810,54,18" ID="15" />
      <Word Text="a" Rect="596,810,8,18" ID="16" />
      <Word Text="fish," Rect="607,810,27,18" ID="17" />
      <Word Text="or" Rect="82,830,14,18" ID="18" />
      <Word Text="a" Rect="100,830,8,18" ID="19" />
      <Word Text="cat," Rect="112,830,23,18" ID="20" />
      <Word Text="but" Rect="139,830,22,18" ID="21" />
      <Word Text="letters" Rect="165,830,40,18" ID="22" />
      <Word Text="climbing" Rect="210,830,57,18" ID="23" />
      <Word Text="up" Rect="271,830,17,18" ID="24" />
      <Word Text="a" Rect="292,830,8,18" ID="25" />
      <Word Text="coconut" Rect="304,830,52,18" ID="26" />
      <Word Text="tree?" Rect="360,830,32,18" ID="27" />
      <Word Text="I" Rect="396,830,5,18" ID="28" />
      <Word Text="can’t" Rect="405,830,30,18" ID="29" />
      <Word Text="do" Rect="440,830,16,18" ID="30" />
      <Word Text="that!" Rect="460,830,30,18" ID="31" />
      <Word Text="I" Rect="495,830,5,18" ID="32" />
      <Word Text="read" Rect="504,830,29,18" ID="33" />
      <Word Text="the" Rect="537,830,20,18" ID="34" />
      <Word Text="words" Rect="562,830,40,18" ID="35" />
      <Word Text="over" Rect="606,830,28,18" ID="36" />
      <Word Text="again." Rect="82,851,39,18" ID="37" />
      <Word Text="I" Rect="125,851,5,18" ID="38" />
      <Word Text="thought" Rect="135,851,51,18" ID="39" />
      <Word Text="it" Rect="190,851,9,18" ID="40" />
      <Word Text="sounded" Rect="203,851,55,18" ID="41" />
      <Word Text="like" Rect="262,851,23,18" ID="42" />
      <Word Text="the" Rect="289,851,20,18" ID="43" />
      <Word Text="letters" Rect="314,851,40,18" ID="44" />
      <Word Text="of" Rect="358,851,13,18" ID="45" />
      <Word Text="the" Rect="375,851,20,18" ID="46" />
      <Word Text="alphabet" Rect="399,851,56,18" ID="47" />
      <Word Text="were" Rect="459,851,31,18" ID="48" />
      <Word Text="having" Rect="494,851,44,18" ID="49" />
      <Word Text="a" Rect="542,851,8,18" ID="50" />
      <Word Text="party" Rect="553,851,34,18" ID="51" />
      <Word Text="in" Rect="591,851,13,18" ID="52" />
      <Word Text="that" Rect="608,851,26,18" ID="53" />
      <Word Text="coconut" Rect="82,872,52,18" ID="54" />
      <Word Text="tree." Rect="138,872,29,18" ID="55" />
      <Word Text="I" Rect="170,872,5,18" ID="56" />
      <Word Text="began" Rect="180,872,39,18" ID="57" />
      <Word Text="cutting" Rect="222,872,46,18" ID="58" />
      <Word Text="out" Rect="272,872,22,18" ID="59" />
      <Word Text="the" Rect="298,872,20,18" ID="60" />
      <Word Text="letters" Rect="322,872,40,18" ID="61" />
      <Word Text="from" Rect="366,872,32,18" ID="62" />
      <Word Text="colored" Rect="402,872,48,18" ID="63" />
      <Word Text="paper" Rect="454,872,37,18" ID="64" />
      <Word Text="with" Rect="495,872,29,18" ID="65" />
      <Word Text="my" Rect="528,872,20,18" ID="66" />
      <Word Text="scissors," Rect="552,872,54,18" ID="67" />
      <Word Text="and" Rect="610,872,24,18" ID="68" />
      <Word Text="then" Rect="82,892,29,18" ID="69" />
      <Word Text="I" Rect="115,892,5,18" ID="70" />
      <Word Text="made" Rect="124,892,36,18" ID="71" />
      <Word Text="a" Rect="164,892,8,18" ID="72" />
      <Word Text="polka-dot" Rect="175,892,62,18" ID="73" />
      <Word Text="border" Rect="241,892,44,18" ID="74" />
      <Word Text="for" Rect="289,892,19,18" ID="75" />
      <Word Text="a" Rect="311,892,8,18" ID="76" />
      <Word Text="stage." Rect="323,892,37,18" ID="77" />
      <Word Text="Soon" Rect="364,892,33,18" ID="78" />
      <Word Text="Chicka" Rect="401,892,44,18" ID="79" />
      <Word Text="and" Rect="449,892,24,18" ID="80" />
      <Word Text="I" Rect="477,892,5,18" ID="81" />
      <Word Text="were" Rect="487,892,31,18" ID="82" />
      <Word Text="dancing" Rect="522,892,52,18" ID="83" />
      <Word Text="together," Rect="578,892,56,18" ID="84" />
      <Word Text="words" Rect="82,913,40,18" ID="85" />
      <Word Text="and" Rect="125,913,24,18" ID="86" />
      <Word Text="pictures" Rect="153,913,52,18" ID="87" />
      <Word Text="moving" Rect="209,913,48,18" ID="88" />
      <Word Text="in" Rect="261,913,13,18" ID="89" />
      <Word Text="a" Rect="277,913,8,18" ID="90" />
      <Word Text="festive" Rect="288,913,41,18" ID="91" />
      <Word Text="rhythm" Rect="333,913,48,18" ID="92" />
      <Word Text="that" Rect="385,913,26,18" ID="93" />
      <Word Text="still" Rect="414,913,24,18" ID="94" />
      <Word Text="gets" Rect="442,913,26,18" ID="95" />
      <Word Text="me" Rect="471,913,20,18" ID="96" />
      <Word Text="tapping" Rect="494,913,50,18" ID="97" />
      <Word Text="my" Rect="547,913,20,18" ID="98" />
      <Word Text="toes," Rect="571,913,30,18" ID="99" />
      <Word Text="even" Rect="604,913,30,18" ID="100" />
      <Word Text="after" Rect="82,934,30,18" ID="101" />
      <Word Text="all" Rect="116,934,16,18" ID="102" />
      <Word Text="these" Rect="136,934,34,18" ID="103" />
      <Word Text="years!" Rect="173,934,38,18" ID="104" />
      <Word Text="—Lois" Rect="548,954,42,18" ID="105" />
      <Word Text="Ehlert" Rect="593,954,41,18" ID="106" />
    </Block>
  </Page>
  <Page PageIndex="7" />
  <Page PageIndex="8" />
  <Page PageIndex="9">
    <Block ID="0">
      <Word Text="“Whee!”" Rect="156,677,93,31" ID="0" />
      <Word Text="said" Rect="256,677,46,31" ID="1" />
      <Word Text="D" Rect="310,677,20,31" ID="2" />
      <Word Text="to" Rect="156,709,23,31" ID="3" />
      <Word Text="EF" Rect="186,709,49,31" ID="4" />
      <Word Text="G." Rect="250,709,26,31" ID="5" />
      <Word Text="“I’ll" Rect="156,741,40,31" ID="6" />
      <Word Text="beat" Rect="203,741,49,31" ID="7" />
      <Word Text="you" Rect="258,741,42,31" ID="8" />
      <Word Text="to" Rect="307,741,23,31" ID="9" />
      <Word Text="the" Rect="337,741,36,31" ID="10" />
      <Word Text="top" Rect="380,741,37,31" ID="11" />
      <Word Text="of" Rect="156,773,23,31" ID="12" />
      <Word Text="the" Rect="186,773,36,31" ID="13" />
      <Word Text="coconut" Rect="229,773,92,31" ID="14" />
      <Word Text="tree.”" Rect="327,773,61,31" ID="15" />
    </Block>
  </Page>
  <Page PageIndex="10" />
  <Page PageIndex="11" />
  <Page PageIndex="12" />
  <Page PageIndex="13" />
  <Page PageIndex="14" />
  <Page PageIndex="15">
    <Block ID="0">
      <Word Text="Still" Rect="176,180,46,31" ID="0" />
      <Word Text="more—W!" Rect="230,180,117,31" ID="1" />
      <Word Text="And" Rect="176,212,46,31" ID="2" />
      <Word Text="XY" Rect="229,212,52,31" ID="3" />
      <Word Text="Z!" Rect="296,212,24,31" ID="4" />
    </Block>
  </Page>
  <Page PageIndex="16">
    <Block ID="0">
      <Word Text="The" Rect="388,821,43,31" ID="0" />
      <Word Text="whole" Rect="438,821,68,31" ID="1" />
      <Word Text="alphabet" Rect="514,821,99,31" ID="2" />
      <Word Text="up" Rect="388,853,30,31" ID="3" />
      <Word Text="the—Oh," Rect="425,853,102,31" ID="4" />
      <Word Text="no!" Rect="533,853,37,31" ID="5" />
    </Block>
  </Page>
  <Page PageIndex="17">
    <Block ID="0" Folio="True">
      <Word Text="Chicka" Rect="137,114,79,31" ID="0" />
      <Word Text="chicka..." Rect="223,114,100,31" ID="1" />
      <Word Text="BOOM!" Rect="137,146,88,31" ID="2" />
      <Word Text="BOOM!" Rect="232,146,88,31" ID="3" />
    </Block>
  </Page>
  <Page PageIndex="18" />
  <Page PageIndex="19" />
  <Page PageIndex="20" />
  <Page PageIndex="21" />
  <Page PageIndex="22" />
  <Page PageIndex="23" />
  <Page PageIndex="24" />
  <Page PageIndex="25" />
  <Page PageIndex="26" />
  <Page PageIndex="27" />
  <Page PageIndex="28" />
  <Page PageIndex="29" />
  <Page PageIndex="30" />
  <Page PageIndex="31" />
  <Page PageIndex="32">
    <Block ID="0">
      <Word Text="Last" Rect="113,589,49,31" ID="0" />
      <Word Text="to" Rect="169,589,23,31" ID="1" />
      <Word Text="come" Rect="198,589,62,31" ID="2" />
      <Word Text="XY" Rect="113,621,52,31" ID="3" />
      <Word Text="Z." Rect="180,621,23,31" ID="4" />
      <Word Text="And" Rect="113,653,46,31" ID="5" />
      <Word Text="the" Rect="166,653,36,31" ID="6" />
      <Word Text="sun" Rect="209,653,41,31" ID="7" />
      <Word Text="goes" Rect="257,653,51,31" ID="8" />
      <Word Text="down" Rect="314,653,63,31" ID="9" />
      <Word Text="on" Rect="113,685,29,31" ID="10" />
      <Word Text="the" Rect="149,685,36,31" ID="11" />
      <Word Text="coconut" Rect="192,685,92,31" ID="12" />
      <Word Text="tree..." Rect="291,685,70,31" ID="13" />
    </Block>
  </Page>
  <Page PageIndex="33">
    <Block ID="0">
      <Word Text="But—" Rect="175,810,66,31" ID="0" />
      <Word Text="chicka" Rect="175,842,74,31" ID="1" />
      <Word Text="chicka" Rect="256,842,74,31" ID="2" />
      <Word Text="boom" Rect="337,842,66,31" ID="3" />
      <Word Text="boom!" Rect="410,842,74,31" ID="4" />
      <Word Text="Look," Rect="175,874,65,31" ID="5" />
      <Word Text="there’s" Rect="246,874,73,31" ID="6" />
      <Word Text="a" Rect="326,874,13,31" ID="7" />
      <Word Text="full" Rect="346,874,38,31" ID="8" />
      <Word Text="moon." Rect="392,874,73,31" ID="9" />
    </Block>
  </Page>
  <Page PageIndex="34" />
  <Page PageIndex="35" />
  <Page PageIndex="36">
    <Block ID="0">
      <Word Text="A" Rect="101,644,17,31" ID="0" />
      <Word Text="is" Rect="126,644,19,31" ID="1" />
      <Word Text="out" Rect="151,644,38,31" ID="2" />
      <Word Text="of" Rect="196,644,23,31" ID="3" />
      <Word Text="bed," Rect="226,644,48,31" ID="4" />
      <Word Text="and" Rect="101,676,43,31" ID="5" />
      <Word Text="this" Rect="151,676,42,31" ID="6" />
      <Word Text="is" Rect="201,676,19,31" ID="7" />
      <Word Text="what" Rect="226,676,57,31" ID="8" />
      <Word Text="he" Rect="290,676,27,31" ID="9" />
      <Word Text="said:" Rect="324,676,53,31" ID="10" />
      <Word Text="“Dare" Rect="101,708,65,31" ID="11" />
      <Word Text="double" Rect="174,708,78,31" ID="12" />
      <Word Text="dare," Rect="259,708,58,31" ID="13" />
      <Word Text="you" Rect="101,740,42,31" ID="14" />
      <Word Text="can’t" Rect="150,740,54,31" ID="15" />
      <Word Text="catch" Rect="211,740,62,31" ID="16" />
      <Word Text="me." Rect="279,740,42,31" ID="17" />
      <Word Text="I’ll" Rect="101,772,29,31" ID="18" />
      <Word Text="beat" Rect="137,772,49,31" ID="19" />
      <Word Text="you" Rect="193,772,42,31" ID="20" />
      <Word Text="to" Rect="242,772,23,31" ID="21" />
      <Word Text="the" Rect="272,772,36,31" ID="22" />
      <Word Text="top" Rect="315,772,37,31" ID="23" />
      <Word Text="of" Rect="101,804,23,31" ID="24" />
      <Word Text="the" Rect="131,804,36,31" ID="25" />
      <Word Text="coconut" Rect="174,804,92,31" ID="26" />
      <Word Text="tree.”" Rect="273,804,61,31" ID="27" />
      <Word Text="Chicka" Rect="101,836,79,31" ID="28" />
      <Word Text="chicka" Rect="187,836,74,31" ID="29" />
      <Word Text="BOOM!" Rect="101,868,88,31" ID="30" />
      <Word Text="BOOM!" Rect="196,868,88,31" ID="31" />
    </Block>
  </Page>
  <Page PageIndex="37" />
  <Page PageIndex="38" />
  <Page PageIndex="39">
    <Block ID="0">
      <Word Text="BACK" Rect="315,367,180,83" ID="0" />
      <Word Text="Pastedown" Rect="241,447,326,83" ID="1" />
    </Block>
  </Page>
</Pages>