﻿<?xml version="1.0" encoding="utf-8"?>
<BookContents>
  <PageLocations>
    <PageRange Start="0" End="58" Source="Pages_0_58.xml" />
    <PageRange Start="59" End="103" Source="Pages_59_103.xml" />
    <PageRange Start="104" End="150" Source="Pages_104_150.xml" />
    <PageRange Start="151" End="201" Source="Pages_151_201.xml" />
    <PageRange Start="202" End="245" Source="Pages_202_245.xml" />
    <PageRange Start="246" End="287" Source="Pages_246_287.xml" />
    <PageRange Start="288" End="319" Source="Pages_288_319.xml" />
  </PageLocations>
  <Sections>
    <Section PageIndex="0">
      <FlowReference Source="Flow_0.xml" PageIndices="0-4,6,8-9,12,14-40,42,44-68,72-107,110-148,150-151,153-173,175-177,181-218,222-299,302-314,318-319" />
    </Section>
  </Sections>
</BookContents>