﻿<?xml version="1.0" encoding="utf-8"?>
<BookContents>
  <PageLocations>
    <PageRange Start="0" End="56" Source="Pages_0_56.xml" />
    <PageRange Start="57" End="100" Source="Pages_57_100.xml" />
    <PageRange Start="101" End="144" Source="Pages_101_144.xml" />
    <PageRange Start="145" End="195" Source="Pages_145_195.xml" />
    <PageRange Start="196" End="239" Source="Pages_196_239.xml" />
    <PageRange Start="240" End="281" Source="Pages_240_281.xml" />
    <PageRange Start="282" End="319" Source="Pages_282_319.xml" />
  </PageLocations>
  <Sections>
    <Section PageIndex="0" Name="">
      <FlowReference Source="Flow_0.xml" PageIndices="0-4,6,8-9,12,14-40,42,44-68,72-107,110-148,150-151,153-173,175-177,181-218,222-299,302-314,318-319" />
    </Section>
  </Sections>
</BookContents>