﻿<?xml version="1.0" encoding="utf-8"?>
<Pages>
  <Page PageIndex="392">
    <Block ID="0" Surround="True">
      <Word Text="interview" Rect="205,82,80,15" ID="0" />
    </Block>
    <Block ID="1" Surround="True">
      <Word Text="with" Rect="291,82,40,15" ID="0" />
    </Block>
    <Block ID="2" Surround="True">
      <Word Text="Matthew" Rect="338,82,76,15" ID="0" />
    </Block>
    <Block ID="3" Surround="True">
      <Word Text="Reilly" Rect="420,82,45,15" ID="0" />
    </Block>
    <Block ID="4">
      <Word Text="381" Rect="539,83,19,13" ID="0" />
    </Block>
    <Block ID="5">
      <Word Text="So" Rect="114,115,14,20" ID="0" />
      <Word Text="what’s" Rect="131,115,35,20" ID="1" />
      <Word Text="next?" Rect="169,115,31,20" ID="2" />
      <Word Text="What" Rect="202,115,31,20" ID="3" />
      <Word Text="does" Rect="237,115,23,20" ID="4" />
      <Word Text="the" Rect="263,115,17,20" ID="5" />
      <Word Text="future" Rect="283,115,34,20" ID="6" />
      <Word Text="hold" Rect="321,115,25,20" ID="7" />
      <Word Text="for" Rect="348,115,16,20" ID="8" />
      <Word Text="Matthew" Rect="367,115,51,20" ID="9" />
      <Word Text="Reilly?" Rect="421,115,40,20" ID="10" />
    </Block>
    <Block ID="6">
      <Word Text="Well," Rect="114,152,31,20" ID="0" />
      <Word Text="i" Rect="148,152,5,20" ID="1" />
      <Word Text="plan" Rect="156,152,26,20" ID="2" />
      <Word Text="to" Rect="185,152,11,20" ID="3" />
      <Word Text="write" Rect="199,152,31,20" ID="4" />
      <Word Text="my" Rect="233,152,19,20" ID="5" />
      <Word Text="next" Rect="255,152,26,20" ID="6" />
      <Word Text="novel" Rect="283,152,31,20" ID="7" />
      <Word Text="over" Rect="317,152,25,20" ID="8" />
      <Word Text="the" Rect="345,152,19,20" ID="9" />
      <Word Text="course" Rect="367,152,38,20" ID="10" />
      <Word Text="of" Rect="408,152,12,20" ID="11" />
      <Word Text="2010." Rect="422,152,30,20" ID="12" />
      <Word Text="i’m" Rect="455,152,20,20" ID="13" />
      <Word Text="not" Rect="478,152,19,20" ID="14" />
      <Word Text="sure" Rect="500,152,24,20" ID="15" />
      <Word Text="what" Rect="528,152,30,20" ID="16" />
      <Word Text="it" Rect="114,171,8,20" ID="17" />
      <Word Text="will" Rect="125,171,23,20" ID="18" />
      <Word Text="be" Rect="152,171,14,20" ID="19" />
      <Word Text="about" Rect="169,171,33,20" ID="20" />
      <Word Text="yet," Rect="205,171,20,20" ID="21" />
      <Word Text="whether" Rect="229,171,49,20" ID="22" />
      <Word Text="it" Rect="281,171,8,20" ID="23" />
      <Word Text="will" Rect="293,171,23,20" ID="24" />
      <Word Text="feature" Rect="319,171,41,20" ID="25" />
      <Word Text="Jack" Rect="364,171,25,20" ID="26" />
      <Word Text="West" Rect="393,171,30,20" ID="27" />
      <Word Text="Jr." Rect="426,171,13,20" ID="28" />
      <Word Text="or" Rect="442,171,13,20" ID="29" />
      <Word Text="the" Rect="458,171,19,20" ID="30" />
      <Word Text="Scarecrow" Rect="480,171,61,20" ID="31" />
      <Word Text="or" Rect="545,171,13,20" ID="32" />
      <Word Text="perhaps" Rect="114,189,46,20" ID="33" />
      <Word Text="a" Rect="163,189,7,20" ID="34" />
      <Word Text="new" Rect="172,189,25,20" ID="35" />
      <Word Text="hero" Rect="200,189,26,20" ID="36" />
      <Word Text="altogether." Rect="230,189,61,20" ID="37" />
      <Word Text="i’ve" Rect="294,189,21,20" ID="38" />
      <Word Text="even" Rect="318,189,27,20" ID="39" />
      <Word Text="got" Rect="347,189,19,20" ID="40" />
      <Word Text="a" Rect="369,189,7,20" ID="41" />
      <Word Text="story" Rect="379,189,29,20" ID="42" />
      <Word Text="idea" Rect="410,189,24,20" ID="43" />
      <Word Text="for" Rect="438,189,17,20" ID="44" />
      <Word Text="Aloysius" Rect="458,189,50,20" ID="45" />
      <Word Text="Knight," Rect="511,189,46,20" ID="46" />
      <Word Text="so" Rect="114,208,12,20" ID="47" />
      <Word Text="who" Rect="129,208,26,20" ID="48" />
      <Word Text="knows?" Rect="158,208,46,20" ID="49" />
      <Word Text="in" Rect="135,227,13,20" ID="50" />
      <Word Text="the" Rect="151,227,19,20" ID="51" />
      <Word Text="end," Rect="173,227,25,20" ID="52" />
      <Word Text="i" Rect="201,227,5,20" ID="53" />
      <Word Text="feel" Rect="210,227,21,20" ID="54" />
      <Word Text="extraordinarily" Rect="234,227,88,20" ID="55" />
      <Word Text="fortunate" Rect="325,227,55,20" ID="56" />
      <Word Text="to" Rect="383,227,11,20" ID="57" />
      <Word Text="tell" Rect="397,227,18,20" ID="58" />
      <Word Text="stories" Rect="419,227,37,20" ID="59" />
      <Word Text="for" Rect="458,227,17,20" ID="60" />
      <Word Text="a" Rect="478,227,7,20" ID="61" />
      <Word Text="living." Rect="488,227,37,20" ID="62" />
      <Word Text="i" Rect="528,227,5,20" ID="63" />
      <Word Text="just" Rect="536,227,21,20" ID="64" />
      <Word Text="keep" Rect="114,246,28,20" ID="65" />
      <Word Text="trying" Rect="144,246,36,20" ID="66" />
      <Word Text="to" Rect="184,246,11,20" ID="67" />
      <Word Text="top" Rect="198,246,19,20" ID="68" />
      <Word Text="myself" Rect="220,246,38,20" ID="69" />
      <Word Text="with" Rect="262,246,27,20" ID="70" />
      <Word Text="each" Rect="292,246,26,20" ID="71" />
      <Word Text="book" Rect="322,246,30,20" ID="72" />
      <Word Text="and" Rect="355,246,23,20" ID="73" />
      <Word Text="come" Rect="381,246,31,20" ID="74" />
      <Word Text="up" Rect="415,246,15,20" ID="75" />
      <Word Text="with" Rect="434,246,27,20" ID="76" />
      <Word Text="the" Rect="464,246,19,20" ID="77" />
      <Word Text="fastest," Rect="486,246,39,20" ID="78" />
      <Word Text="most" Rect="529,246,29,20" ID="79" />
      <Word Text="out-of-control" Rect="114,264,81,20" ID="80" />
      <Word Text="action-adventure" Rect="200,264,99,20" ID="81" />
      <Word Text="stories" Rect="304,264,37,20" ID="82" />
      <Word Text="imaginable," Rect="347,264,69,20" ID="83" />
      <Word Text="and" Rect="421,264,23,20" ID="84" />
      <Word Text="so" Rect="449,264,12,20" ID="85" />
      <Word Text="long" Rect="467,264,26,20" ID="86" />
      <Word Text="as" Rect="498,264,12,20" ID="87" />
      <Word Text="readers" Rect="515,264,42,20" ID="88" />
      <Word Text="keep" Rect="114,283,28,20" ID="89" />
      <Word Text="enjoying" Rect="144,283,50,20" ID="90" />
      <Word Text="them," Rect="197,283,34,20" ID="91" />
      <Word Text="i’ll" Rect="235,283,17,20" ID="92" />
      <Word Text="keep" Rect="255,283,28,20" ID="93" />
      <Word Text="writing" Rect="285,283,44,20" ID="94" />
      <Word Text="them." Rect="332,283,34,20" ID="95" />
      <Word Text="As" Rect="135,302,16,20" ID="96" />
      <Word Text="always," Rect="154,302,42,20" ID="97" />
      <Word Text="i" Rect="199,302,5,20" ID="98" />
      <Word Text="just" Rect="208,302,21,20" ID="99" />
      <Word Text="hope" Rect="232,302,29,20" ID="100" />
      <Word Text="you" Rect="264,302,21,20" ID="101" />
      <Word Text="liked" Rect="288,302,30,20" ID="102" />
      <Word Text="the" Rect="321,302,19,20" ID="103" />
      <Word Text="book" Rect="342,302,30,20" ID="104" />
      <Word Text="and" Rect="375,302,23,20" ID="105" />
      <Word Text="i’ll" Rect="401,302,17,20" ID="106" />
      <Word Text="see" Rect="421,302,18,20" ID="107" />
      <Word Text="you" Rect="442,302,21,20" ID="108" />
      <Word Text="next" Rect="466,302,26,20" ID="109" />
      <Word Text="time!" Rect="494,302,32,20" ID="110" />
    </Block>
    <Block ID="7">
      <Word Text="M.R." Rect="452,339,31,20" ID="0" />
      <Word Text="Sydney," Rect="452,358,46,20" ID="1" />
      <Word Text="Australia" Rect="501,358,57,20" ID="2" />
      <Word Text="August" Rect="452,376,45,20" ID="3" />
      <Word Text="2009" Rect="500,376,28,20" ID="4" />
    </Block>
    <Block ID="8" Surround="True">
      <Word Text="29053" Rect="51,947,22,10" ID="0" />
      <Word Text="Text.indd" Rect="75,947,33,10" ID="1" />
    </Block>
    <Block ID="9" Folio="True">
      <Word Text="381" Rect="115,947,13,10" ID="0" />
    </Block>
    <Block ID="10" Surround="True">
      <Word Text="11/30/09" Rect="554,947,31,10" ID="0" />
    </Block>
    <Block ID="11" Surround="True">
      <Word Text="3:48" Rect="591,947,16,10" ID="0" />
      <Word Text="PM" Rect="609,947,12,10" ID="1" />
    </Block>
  </Page>
  <Page PageIndex="393">
    <Block ID="0" Surround="True">
      <Word Text="29053" Rect="51,947,22,10" ID="0" />
      <Word Text="Text.indd" Rect="75,947,33,10" ID="1" />
    </Block>
    <Block ID="1" Folio="True">
      <Word Text="382" Rect="115,947,13,10" ID="0" />
    </Block>
    <Block ID="2" Surround="True">
      <Word Text="11/30/09" Rect="554,947,31,10" ID="0" />
    </Block>
    <Block ID="3" Surround="True">
      <Word Text="3:48" Rect="591,947,16,10" ID="0" />
      <Word Text="PM" Rect="609,947,12,10" ID="1" />
    </Block>
  </Page>
  <Page PageIndex="394">
    <Block ID="0">
      <Word Text="About" Rect="176,207,108,37" ID="0" />
      <Word Text="the" Rect="292,207,61,37" ID="1" />
      <Word Text="Author" Rect="360,207,135,37" ID="2" />
    </Block>
    <Block ID="1">
      <Word Text="Matthew" Rect="114,298,69,15" ID="0" />
      <Word Text="Reilly" Rect="186,298,39,15" ID="1" />
      <Word Text="is" Rect="228,294,9,20" ID="2" />
      <Word Text="the" Rect="240,294,19,20" ID="3" />
      <Word Text="international" Rect="262,294,76,20" ID="4" />
      <Word Text="bestselling" Rect="341,294,62,20" ID="5" />
      <Word Text="author" Rect="406,294,39,20" ID="6" />
      <Word Text="of" Rect="448,294,12,20" ID="7" />
      <Word Text="seven" Rect="462,294,32,20" ID="8" />
      <Word Text="other" Rect="497,294,31,20" ID="9" />
      <Word Text="nov-" Rect="532,294,26,20" ID="10" />
      <Word Text="els:The6SacredStones,7DeadlyWonders,IceStation,Temple,Contest,Area7," Rect="114,313,444,20" ID="11" />
      <Word Text="Scarecrow;thechildren’sbook" Rect="114,331,175,20" ID="12" />
      <Word Text="Hover" Rect="292,331,36,20" ID="13" />
      <Word Text="Car" Rect="331,331,21,20" ID="14" />
      <Word Text="Racer;andonenovella,HellIsland." Rect="355,331,203,20" ID="15" />
      <Word Text="his" Rect="114,350,22,20" ID="16" />
      <Word Text="books" Rect="140,350,35,20" ID="17" />
      <Word Text="are" Rect="180,350,18,20" ID="18" />
      <Word Text="published" Rect="203,350,57,20" ID="19" />
      <Word Text="in" Rect="265,350,12,20" ID="20" />
      <Word Text="more" Rect="282,350,31,20" ID="21" />
      <Word Text="than" Rect="317,350,27,20" ID="22" />
      <Word Text="twenty" Rect="350,350,41,20" ID="23" />
      <Word Text="languages," Rect="395,350,62,20" ID="24" />
      <Word Text="and" Rect="463,350,23,20" ID="25" />
      <Word Text="he" Rect="490,350,14,20" ID="26" />
      <Word Text="has" Rect="509,350,20,20" ID="27" />
      <Word Text="sold" Rect="534,350,24,20" ID="28" />
      <Word Text="more" Rect="114,369,31,20" ID="29" />
      <Word Text="than" Rect="147,369,27,20" ID="30" />
      <Word Text="4" Rect="177,369,7,20" ID="31" />
      <Word Text="million" Rect="187,369,43,20" ID="32" />
      <Word Text="books" Rect="233,369,35,20" ID="33" />
      <Word Text="worldwide." Rect="271,369,66,20" ID="34" />
    </Block>
    <Block ID="2" Surround="True">
      <Word Text="29053" Rect="51,947,22,10" ID="0" />
      <Word Text="Text.indd" Rect="75,947,33,10" ID="1" />
    </Block>
    <Block ID="3" Folio="True">
      <Word Text="383" Rect="115,947,13,10" ID="0" />
    </Block>
    <Block ID="4" Surround="True">
      <Word Text="11/30/09" Rect="554,947,31,10" ID="0" />
    </Block>
    <Block ID="5" Surround="True">
      <Word Text="3:48" Rect="591,947,16,10" ID="0" />
      <Word Text="PM" Rect="609,947,12,10" ID="1" />
    </Block>
  </Page>
  <Page PageIndex="395">
    <Block ID="0" Surround="True">
      <Word Text="29053" Rect="51,947,22,10" ID="0" />
      <Word Text="Text.indd" Rect="75,947,33,10" ID="1" />
    </Block>
    <Block ID="1" Folio="True">
      <Word Text="384" Rect="115,947,13,10" ID="0" />
    </Block>
    <Block ID="2" Surround="True">
      <Word Text="11/30/09" Rect="554,947,31,10" ID="0" />
    </Block>
    <Block ID="3" Surround="True">
      <Word Text="3:48" Rect="591,947,16,10" ID="0" />
      <Word Text="PM" Rect="609,947,12,10" ID="1" />
    </Block>
  </Page>
  <Page PageIndex="396">
    <Block ID="0" Surround="True">
      <Word Text="29053" Rect="51,947,22,10" ID="0" />
      <Word Text="Text.indd" Rect="75,947,33,10" ID="1" />
    </Block>
    <Block ID="1" Folio="True">
      <Word Text="385" Rect="115,947,13,10" ID="0" />
    </Block>
    <Block ID="2" Surround="True">
      <Word Text="11/30/09" Rect="554,947,31,10" ID="0" />
    </Block>
    <Block ID="3" Surround="True">
      <Word Text="3:48" Rect="591,947,16,10" ID="0" />
      <Word Text="PM" Rect="609,947,12,10" ID="1" />
    </Block>
  </Page>
  <Page PageIndex="397">
    <Block ID="0" Surround="True">
      <Word Text="29053" Rect="51,947,22,10" ID="0" />
      <Word Text="Text.indd" Rect="75,947,33,10" ID="1" />
    </Block>
    <Block ID="1" Folio="True">
      <Word Text="386" Rect="115,947,13,10" ID="0" />
    </Block>
    <Block ID="2" Surround="True">
      <Word Text="11/30/09" Rect="554,947,31,10" ID="0" />
    </Block>
    <Block ID="3" Surround="True">
      <Word Text="3:48" Rect="591,947,16,10" ID="0" />
      <Word Text="PM" Rect="609,947,12,10" ID="1" />
    </Block>
  </Page>
  <Page PageIndex="398">
    <Block ID="0" Surround="True">
      <Word Text="29053" Rect="51,947,22,10" ID="0" />
      <Word Text="Text.indd" Rect="75,947,33,10" ID="1" />
    </Block>
    <Block ID="1" Folio="True">
      <Word Text="387" Rect="115,947,13,10" ID="0" />
    </Block>
    <Block ID="2" Surround="True">
      <Word Text="11/30/09" Rect="554,947,31,10" ID="0" />
    </Block>
    <Block ID="3" Surround="True">
      <Word Text="3:48" Rect="591,947,16,10" ID="0" />
      <Word Text="PM" Rect="609,947,12,10" ID="1" />
    </Block>
  </Page>
  <Page PageIndex="399">
    <Block ID="0" Surround="True">
      <Word Text="29053" Rect="51,947,22,10" ID="0" />
      <Word Text="Text.indd" Rect="75,947,33,10" ID="1" />
    </Block>
    <Block ID="1" Folio="True">
      <Word Text="388" Rect="115,947,13,10" ID="0" />
    </Block>
    <Block ID="2" Surround="True">
      <Word Text="11/30/09" Rect="554,947,31,10" ID="0" />
    </Block>
    <Block ID="3" Surround="True">
      <Word Text="3:48" Rect="591,947,16,10" ID="0" />
      <Word Text="PM" Rect="609,947,12,10" ID="1" />
    </Block>
  </Page>
</Pages>