﻿<?xml version="1.0" encoding="utf-8"?>
<BookContents>
  <PageLocations>
    <PageRange Start="0" End="46" Source="Pages_0_46.xml" />
    <PageRange Start="47" End="83" Source="Pages_47_83.xml" />
    <PageRange Start="84" End="121" Source="Pages_84_121.xml" />
    <PageRange Start="122" End="162" Source="Pages_122_162.xml" />
    <PageRange Start="163" End="200" Source="Pages_163_200.xml" />
    <PageRange Start="201" End="239" Source="Pages_201_239.xml" />
    <PageRange Start="240" End="279" Source="Pages_240_279.xml" />
    <PageRange Start="280" End="317" Source="Pages_280_317.xml" />
    <PageRange Start="318" End="353" Source="Pages_318_353.xml" />
    <PageRange Start="354" End="391" Source="Pages_354_391.xml" />
    <PageRange Start="392" End="399" Source="Pages_392_399.xml" />
  </PageLocations>
  <Sections>
    <Section PageIndex="0" Name="">
      <FlowReference Source="Flow_0.xml" PageIndices="0-30,32,34-62,64-92,94,96-142,144-152,154-166,168-228,230-242,244-308,310,312-392,394" />
    </Section>
  </Sections>
</BookContents>