﻿<?xml version="1.0" encoding="utf-8"?>
<Flow Name="f0">
  <Paragraph>
    <Words Block="0" Page="2" />
  </Paragraph>
  <Paragraph>
    <Words Start="0" End="7" Block="0" Page="4" />
  </Paragraph>
  <Paragraph>
    <Words Start="8" End="8" Block="0" Page="4" />
  </Paragraph>
  <Paragraph>
    <Words Start="0" End="2" Block="1" Page="4" />
  </Paragraph>
  <Paragraph>
    <Words Start="3" End="3" Block="1" Page="4" />
  </Paragraph>
  <Paragraph>
    <Words Start="0" End="2" Block="2" Page="4" />
  </Paragraph>
  <Paragraph>
    <Words Start="3" End="3" Block="2" Page="4" />
  </Paragraph>
  <Paragraph>
    <Words Start="0" End="3" Block="3" Page="4" />
  </Paragraph>
  <Paragraph>
    <Words Start="4" End="4" Block="3" Page="4" />
  </Paragraph>
  <Paragraph>
    <Words Start="0" End="5" Block="4" Page="4" />
  </Paragraph>
  <Paragraph>
    <Words Start="6" End="6" Block="4" Page="4" />
  </Paragraph>
  <Paragraph>
    <Words Start="0" End="12" Block="5" Page="4" />
  </Paragraph>
  <Paragraph>
    <Words Start="13" End="13" Block="5" Page="4" />
  </Paragraph>
  <Paragraph>
    <Words Start="0" End="11" Block="6" Page="4" />
  </Paragraph>
  <Paragraph>
    <Words Start="12" End="15" Block="6" Page="4" />
  </Paragraph>
  <Paragraph>
    <Words Start="16" End="16" Block="6" Page="4" />
  </Paragraph>
  <Paragraph>
    <Words Start="0" End="8" Block="7" Page="4" />
  </Paragraph>
  <Paragraph>
    <Words Start="9" End="9" Block="7" Page="4" />
  </Paragraph>
  <Paragraph>
    <Words Start="0" End="7" Block="8" Page="4" />
  </Paragraph>
  <Paragraph>
    <Words Start="8" End="8" Block="8" Page="4" />
  </Paragraph>
  <Paragraph>
    <Words Start="0" End="3" Block="9" Page="4" />
  </Paragraph>
  <Paragraph>
    <Words Start="4" End="4" Block="9" Page="4" />
  </Paragraph>
  <Paragraph>
    <Words Start="0" End="17" Block="10" Page="4" />
  </Paragraph>
  <Paragraph>
    <Words Start="18" End="18" Block="10" Page="4" />
  </Paragraph>
</Flow>