﻿<?xml version="1.0" encoding="utf-8"?>
<Flow Name="f3">
  <Paragraph>
    <Words Block="0" Page="11" />
  </Paragraph>
  <Paragraph>
    <Words Start="0" End="4" Block="1" Page="11" />
  </Paragraph>
  <Paragraph>
    <Words Start="5" End="5" Block="1" Page="11" />
  </Paragraph>
  <Paragraph>
    <Words Block="2" Page="11" />
  </Paragraph>
  <Paragraph>
    <Words Start="0" End="7" Block="3" Page="11" />
  </Paragraph>
  <Paragraph>
    <Words Start="8" End="8" Block="3" Page="11" />
  </Paragraph>
  <Paragraph>
    <Words Block="4" Page="11" />
  </Paragraph>
  <Paragraph>
    <Words Block="5" Page="11" />
  </Paragraph>
  <Paragraph>
    <Words Start="0" End="11" Block="6" Page="11" />
  </Paragraph>
  <Paragraph>
    <Words Start="12" End="12" Block="6" Page="11" />
  </Paragraph>
  <Paragraph>
    <Words Start="0" End="4" Block="7" Page="11" />
  </Paragraph>
  <Paragraph>
    <Words Start="5" End="5" Block="7" Page="11" />
  </Paragraph>
  <Paragraph>
    <Words Start="0" End="8" Block="8" Page="11" />
  </Paragraph>
  <Paragraph>
    <Words Start="9" End="9" Block="8" Page="11" />
  </Paragraph>
  <Paragraph>
    <Words Block="0" Page="12" />
  </Paragraph>
  <Paragraph>
    <Words Block="1" Page="12" />
  </Paragraph>
  <Paragraph>
    <Words Block="2" Page="12" />
  </Paragraph>
  <Paragraph>
    <Words Block="3" Page="12" />
  </Paragraph>
  <Paragraph>
    <Words Block="4" Page="12" />
  </Paragraph>
  <Paragraph>
    <Words Start="0" End="8" Block="5" Page="12" />
  </Paragraph>
  <Paragraph>
    <Words Start="9" End="9" Block="5" Page="12" />
  </Paragraph>
  <Paragraph>
    <Words Start="0" End="10" Block="6" Page="12" />
  </Paragraph>
  <Paragraph>
    <Words Start="11" End="11" Block="6" Page="12" />
  </Paragraph>
  <Paragraph>
    <Words Start="0" End="9" Block="7" Page="12" />
  </Paragraph>
  <Paragraph>
    <Words Start="10" End="10" Block="7" Page="12" />
  </Paragraph>
  <Paragraph>
    <Words Start="0" End="7" Block="8" Page="12" />
  </Paragraph>
  <Paragraph>
    <Words Start="8" End="8" Block="8" Page="12" />
  </Paragraph>
  <Paragraph>
    <Words Start="0" End="9" Block="9" Page="12" />
  </Paragraph>
  <Paragraph>
    <Words Start="10" End="10" Block="9" Page="12" />
  </Paragraph>
  <Paragraph>
    <Words Start="0" End="5" Block="10" Page="12" />
  </Paragraph>
  <Paragraph>
    <Words Start="6" End="6" Block="10" Page="12" />
  </Paragraph>
  <Paragraph>
    <Words Block="11" Page="12" />
  </Paragraph>
  <Paragraph>
    <Words Start="0" End="10" Block="12" Page="12" />
  </Paragraph>
  <Paragraph>
    <Words Start="11" End="11" Block="12" Page="12" />
  </Paragraph>
  <Paragraph>
    <Words Block="13" Page="12" />
  </Paragraph>
  <Paragraph>
    <Words Block="0" Page="13" />
  </Paragraph>
  <Paragraph>
    <Words Start="0" End="9" Block="1" Page="13" />
  </Paragraph>
  <Paragraph>
    <Words Start="10" End="10" Block="1" Page="13" />
  </Paragraph>
  <Paragraph>
    <Words Start="0" End="6" Block="2" Page="13" />
  </Paragraph>
  <Paragraph>
    <Words Start="7" End="7" Block="2" Page="13" />
  </Paragraph>
  <Paragraph>
    <Words Block="3" Page="13" />
  </Paragraph>
  <Paragraph>
    <Words Block="4" Page="13" />
  </Paragraph>
  <Paragraph>
    <Words Start="0" End="4" Block="5" Page="13" />
  </Paragraph>
  <Paragraph>
    <Words Start="5" End="5" Block="5" Page="13" />
  </Paragraph>
  <Paragraph>
    <Words Block="6" Page="13" />
  </Paragraph>
  <Paragraph>
    <Words Start="0" End="9" Block="7" Page="13" />
  </Paragraph>
  <Paragraph>
    <Words Start="10" End="10" Block="7" Page="13" />
  </Paragraph>
  <Paragraph>
    <Words Block="8" Page="13" />
  </Paragraph>
  <Paragraph>
    <Words Start="0" End="7" Block="9" Page="13" />
  </Paragraph>
  <Paragraph>
    <Words Start="8" End="8" Block="9" Page="13" />
  </Paragraph>
  <Paragraph>
    <Words Start="0" End="2" Block="10" Page="13" />
  </Paragraph>
  <Paragraph>
    <Words Start="3" End="3" Block="10" Page="13" />
  </Paragraph>
  <Paragraph>
    <Words Block="11" Page="13" />
  </Paragraph>
  <Paragraph>
    <Words Start="0" End="13" Block="12" Page="13" />
  </Paragraph>
  <Paragraph>
    <Words Start="14" End="14" Block="12" Page="13" />
  </Paragraph>
  <Paragraph>
    <Words Block="14" Page="13" />
  </Paragraph>
  <Paragraph>
    <Words Block="0" Page="14" />
  </Paragraph>
  <Paragraph>
    <Words Block="1" Page="14" />
  </Paragraph>
  <Paragraph>
    <Words Block="2" Page="14" />
  </Paragraph>
  <Paragraph>
    <Words Block="3" Page="14" />
  </Paragraph>
  <Paragraph>
    <Words Start="0" End="9" Block="4" Page="14" />
  </Paragraph>
  <Paragraph>
    <Words Start="10" End="10" Block="4" Page="14" />
  </Paragraph>
  <Paragraph>
    <Words Start="0" End="13" Block="5" Page="14" />
  </Paragraph>
  <Paragraph>
    <Words Start="14" End="14" Block="5" Page="14" />
  </Paragraph>
  <Paragraph>
    <Words Block="6" Page="14" />
  </Paragraph>
  <Paragraph>
    <Words Block="7" Page="14" />
  </Paragraph>
  <Paragraph>
    <Words Block="9" Page="14" />
  </Paragraph>
</Flow>