﻿<?xml version="1.0" encoding="utf-8"?>
<Flow Name="f24">
  <Paragraph>
    <Words Start="0" End="0" Block="0" Page="354" />
  </Paragraph>
  <Paragraph>
    <Words Start="1" End="1" Block="0" Page="354" />
  </Paragraph>
  <Paragraph>
    <Words Start="0" End="11" Block="1" Page="354" />
  </Paragraph>
  <Paragraph>
    <Words Start="12" End="12" Block="1" Page="354" />
  </Paragraph>
  <Paragraph>
    <Words Block="5" Page="354" />
  </Paragraph>
  <Paragraph>
    <Words Start="0" End="87" Block="0" Page="355" />
  </Paragraph>
  <Paragraph>
    <Words Start="88" End="174" Block="0" Page="355" />
  </Paragraph>
  <Paragraph>
    <Words Start="175" End="222" Block="0" Page="355" />
  </Paragraph>
  <Paragraph>
    <Words Start="223" End="239" Block="0" Page="355" />
  </Paragraph>
  <Paragraph>
    <Words Start="240" End="304" Block="0" Page="355" />
  </Paragraph>
  <Paragraph>
    <Words Start="305" End="363" Block="0" Page="355" />
    <Words Start="0" End="35" Block="0" Page="356" />
  </Paragraph>
  <Paragraph>
    <Words Start="36" End="101" Block="0" Page="356" />
  </Paragraph>
  <Paragraph>
    <Words Start="102" End="222" Block="0" Page="356" />
  </Paragraph>
  <Paragraph>
    <Words Start="223" End="375" Block="0" Page="356" />
  </Paragraph>
  <Paragraph>
    <Words Start="376" End="415" Block="0" Page="356" />
  </Paragraph>
  <Paragraph>
    <Words Start="416" End="416" Block="0" Page="356" />
  </Paragraph>
  <Paragraph>
    <Words Start="0" End="67" Block="0" Page="357" />
  </Paragraph>
  <Paragraph>
    <Words Start="68" End="189" Block="0" Page="357" />
  </Paragraph>
  <Paragraph>
    <Words Start="190" End="271" Block="0" Page="357" />
  </Paragraph>
  <Paragraph>
    <Words Start="0" End="5" Block="1" Page="357" />
  </Paragraph>
  <Paragraph>
    <Words Start="6" End="6" Block="1" Page="357" />
  </Paragraph>
  <Paragraph>
    <Words Block="2" Page="357" />
    <Words Start="0" End="17" Block="0" Page="358" />
  </Paragraph>
  <Paragraph>
    <Words Start="18" End="111" Block="0" Page="358" />
  </Paragraph>
  <Paragraph>
    <Words Start="112" End="124" Block="0" Page="358" />
  </Paragraph>
  <Paragraph>
    <Words Block="1" Page="358" />
  </Paragraph>
  <Paragraph>
    <Words Block="2" Page="358" />
  </Paragraph>
  <Paragraph>
    <Words Block="3" Page="358" />
  </Paragraph>
  <Paragraph>
    <Words Block="4" Page="358" />
  </Paragraph>
  <Paragraph>
    <Words Block="5" Page="358" />
    <Words Start="0" End="41" Block="0" Page="359" />
  </Paragraph>
  <Paragraph>
    <Words Start="42" End="106" Block="0" Page="359" />
  </Paragraph>
  <Paragraph>
    <Words Start="107" End="310" Block="0" Page="359" />
  </Paragraph>
  <Paragraph>
    <Words Start="311" End="394" Block="0" Page="359" />
  </Paragraph>
  <Paragraph>
    <Words Start="395" End="395" Block="0" Page="359" />
  </Paragraph>
  <Paragraph>
    <Words Start="0" End="67" Block="0" Page="360" />
  </Paragraph>
  <Paragraph>
    <Words Start="68" End="69" Block="0" Page="360" />
  </Paragraph>
  <Paragraph>
    <Words Start="70" End="159" Block="0" Page="360" />
  </Paragraph>
  <Paragraph>
    <Words Start="0" End="1" Block="1" Page="360" />
  </Paragraph>
  <Paragraph>
    <Words Start="2" End="2" Block="1" Page="360" />
  </Paragraph>
  <Paragraph>
    <Words Start="0" End="139" Block="2" Page="360" />
  </Paragraph>
  <Paragraph>
    <Words Start="140" End="214" Block="2" Page="360" />
  </Paragraph>
  <Paragraph>
    <Words Block="0" Page="361" />
    <Words Block="0" Page="362" />
  </Paragraph>
  <Paragraph>
    <Words Start="0" End="1" Block="1" Page="362" />
  </Paragraph>
  <Paragraph>
    <Words Start="2" End="2" Block="1" Page="362" />
  </Paragraph>
  <Paragraph>
    <Words Start="0" End="144" Block="2" Page="362" />
  </Paragraph>
  <Paragraph>
    <Words Start="145" End="308" Block="2" Page="362" />
  </Paragraph>
  <Paragraph>
    <Words Start="309" End="322" Block="2" Page="362" />
  </Paragraph>
  <Paragraph>
    <Words Block="0" Page="363" />
    <Words Start="0" End="87" Block="0" Page="364" />
  </Paragraph>
  <Paragraph>
    <Words Start="88" End="147" Block="0" Page="364" />
  </Paragraph>
  <Paragraph>
    <Words Start="0" End="3" Block="1" Page="364" />
  </Paragraph>
  <Paragraph>
    <Words Start="4" End="4" Block="1" Page="364" />
  </Paragraph>
  <Paragraph>
    <Words Block="2" Page="364" />
  </Paragraph>
  <Paragraph>
    <Words Block="0" Page="365" />
  </Paragraph>
  <Paragraph>
    <Words Start="0" End="186" Block="0" Page="366" />
  </Paragraph>
  <Paragraph>
    <Words Start="187" End="241" Block="0" Page="366" />
  </Paragraph>
  <Paragraph>
    <Words Start="0" End="9" Block="1" Page="366" />
  </Paragraph>
  <Paragraph>
    <Words Start="10" End="10" Block="1" Page="366" />
  </Paragraph>
  <Paragraph>
    <Words Block="2" Page="366" />
    <Words Start="0" End="43" Block="0" Page="367" />
  </Paragraph>
  <Paragraph>
    <Words Start="44" End="268" Block="0" Page="367" />
  </Paragraph>
  <Paragraph>
    <Words Start="0" End="70" Block="1" Page="368" />
  </Paragraph>
  <Paragraph>
    <Words Start="71" End="138" Block="1" Page="368" />
  </Paragraph>
  <Paragraph>
    <Words Start="0" End="2" Block="2" Page="368" />
  </Paragraph>
  <Paragraph>
    <Words Start="3" End="3" Block="2" Page="368" />
  </Paragraph>
  <Paragraph>
    <Words Block="3" Page="368" />
    <Words Block="4" Page="368" />
  </Paragraph>
  <Paragraph>
    <Words Block="5" Page="368" />
  </Paragraph>
  <Paragraph>
    <Words Start="0" End="14" Block="6" Page="368" />
  </Paragraph>
  <Paragraph>
    <Words Start="15" End="15" Block="6" Page="368" />
  </Paragraph>
  <Paragraph>
    <Words Block="7" Page="368" />
  </Paragraph>
  <Paragraph>
    <Words Block="0" Page="369" />
  </Paragraph>
</Flow>