﻿<?xml version="1.0" encoding="utf-8"?>
<Flow Name="f26">
  <Paragraph>
    <Words Block="0" Page="376" />
    <Words Start="0" End="3" Block="1" Page="376" />
  </Paragraph>
  <Paragraph>
    <Words Start="4" End="27" Block="1" Page="376" />
  </Paragraph>
  <Paragraph>
    <Words Start="28" End="67" Block="1" Page="376" />
  </Paragraph>
  <Paragraph>
    <Words Start="68" End="73" Block="1" Page="376" />
  </Paragraph>
  <Paragraph>
    <Words Start="74" End="82" Block="1" Page="376" />
  </Paragraph>
  <Paragraph>
    <Words Start="83" End="104" Block="1" Page="376" />
  </Paragraph>
  <Paragraph>
    <Words Start="105" End="116" Block="1" Page="376" />
  </Paragraph>
  <Paragraph>
    <Words Start="117" End="123" Block="1" Page="376" />
  </Paragraph>
  <Paragraph>
    <Words Start="124" End="130" Block="1" Page="376" />
  </Paragraph>
  <Paragraph>
    <Words Start="131" End="136" Block="1" Page="376" />
  </Paragraph>
  <Paragraph>
    <Words Start="137" End="142" Block="1" Page="376" />
  </Paragraph>
  <Paragraph>
    <Words Start="143" End="149" Block="1" Page="376" />
  </Paragraph>
  <Paragraph>
    <Words Start="150" End="151" Block="1" Page="376" />
  </Paragraph>
  <Paragraph>
    <Words Start="152" End="152" Block="1" Page="376" />
  </Paragraph>
  <Paragraph>
    <Words Start="0" End="3" Block="2" Page="376" />
  </Paragraph>
  <Paragraph>
    <Words Start="4" End="11" Block="2" Page="376" />
  </Paragraph>
  <Paragraph>
    <Words Start="12" End="26" Block="2" Page="376" />
  </Paragraph>
  <Paragraph>
    <Words Start="27" End="53" Block="2" Page="376" />
  </Paragraph>
  <Paragraph>
    <Words Start="54" End="95" Block="2" Page="376" />
  </Paragraph>
  <Paragraph>
    <Words Start="96" End="110" Block="2" Page="376" />
  </Paragraph>
  <Paragraph>
    <Words Start="111" End="126" Block="2" Page="376" />
  </Paragraph>
  <Paragraph>
    <Words Start="127" End="131" Block="2" Page="376" />
  </Paragraph>
  <Paragraph>
    <Words Start="132" End="143" Block="2" Page="376" />
  </Paragraph>
  <Paragraph>
    <Words Start="144" End="145" Block="2" Page="376" />
  </Paragraph>
  <Paragraph>
    <Words Start="146" End="146" Block="2" Page="376" />
    <Words Start="0" End="19" Block="3" Page="376" />
  </Paragraph>
  <Paragraph>
    <Words Start="20" End="27" Block="3" Page="376" />
  </Paragraph>
  <Paragraph>
    <Words Start="28" End="50" Block="3" Page="376" />
  </Paragraph>
  <Paragraph>
    <Words Start="51" End="55" Block="3" Page="376" />
  </Paragraph>
  <Paragraph>
    <Words Start="56" End="66" Block="3" Page="376" />
  </Paragraph>
  <Paragraph>
    <Words Start="67" End="67" Block="3" Page="376" />
    <Words Start="0" End="26" Block="4" Page="376" />
  </Paragraph>
  <Paragraph>
    <Words Start="27" End="64" Block="4" Page="376" />
  </Paragraph>
  <Paragraph>
    <Words Start="65" End="70" Block="4" Page="376" />
  </Paragraph>
  <Paragraph>
    <Words Start="71" End="75" Block="4" Page="376" />
  </Paragraph>
  <Paragraph>
    <Words Start="76" End="76" Block="4" Page="376" />
    <Words Start="0" End="30" Block="0" Page="377" />
  </Paragraph>
  <Paragraph>
    <Words Start="31" End="40" Block="0" Page="377" />
  </Paragraph>
  <Paragraph>
    <Words Start="41" End="58" Block="0" Page="377" />
  </Paragraph>
  <Paragraph>
    <Words Start="59" End="62" Block="0" Page="377" />
  </Paragraph>
  <Paragraph>
    <Words Start="63" End="94" Block="0" Page="377" />
  </Paragraph>
  <Paragraph>
    <Words Start="95" End="141" Block="0" Page="377" />
  </Paragraph>
  <Paragraph>
    <Words Start="142" End="146" Block="0" Page="377" />
  </Paragraph>
  <Paragraph>
    <Words Start="147" End="165" Block="0" Page="377" />
  </Paragraph>
  <Paragraph>
    <Words Start="166" End="184" Block="0" Page="377" />
  </Paragraph>
  <Paragraph>
    <Words Start="185" End="198" Block="0" Page="377" />
  </Paragraph>
  <Paragraph>
    <Words Start="199" End="199" Block="0" Page="377" />
    <Words Start="0" End="3" Block="1" Page="377" />
  </Paragraph>
  <Paragraph>
    <Words Start="4" End="24" Block="1" Page="377" />
  </Paragraph>
  <Paragraph>
    <Words Start="25" End="28" Block="1" Page="377" />
  </Paragraph>
  <Paragraph>
    <Words Start="29" End="38" Block="1" Page="377" />
  </Paragraph>
  <Paragraph>
    <Words Start="39" End="64" Block="1" Page="377" />
  </Paragraph>
  <Paragraph>
    <Words Start="65" End="65" Block="1" Page="377" />
  </Paragraph>
  <Paragraph>
    <Words Start="66" End="66" Block="1" Page="377" />
  </Paragraph>
  <Paragraph>
    <Words Start="0" End="3" Block="2" Page="377" />
  </Paragraph>
  <Paragraph>
    <Words Start="4" End="46" Block="2" Page="377" />
  </Paragraph>
  <Paragraph>
    <Words Start="47" End="67" Block="2" Page="377" />
  </Paragraph>
  <Paragraph>
    <Words Start="68" End="73" Block="2" Page="377" />
  </Paragraph>
  <Paragraph>
    <Words Start="74" End="79" Block="2" Page="377" />
  </Paragraph>
  <Paragraph>
    <Words Start="80" End="93" Block="2" Page="377" />
  </Paragraph>
  <Paragraph>
    <Words Start="94" End="119" Block="2" Page="377" />
  </Paragraph>
  <Paragraph>
    <Words Start="120" End="120" Block="2" Page="377" />
    <Words Start="0" End="9" Block="3" Page="377" />
  </Paragraph>
  <Paragraph>
    <Words Start="10" End="15" Block="3" Page="377" />
  </Paragraph>
  <Paragraph>
    <Words Start="16" End="51" Block="3" Page="377" />
  </Paragraph>
  <Paragraph>
    <Words Start="52" End="55" Block="3" Page="377" />
  </Paragraph>
  <Paragraph>
    <Words Start="56" End="86" Block="3" Page="377" />
  </Paragraph>
  <Paragraph>
    <Words Start="87" End="99" Block="3" Page="377" />
  </Paragraph>
  <Paragraph>
    <Words Start="100" End="127" Block="3" Page="377" />
  </Paragraph>
  <Paragraph>
    <Words Start="128" End="144" Block="3" Page="377" />
  </Paragraph>
  <Paragraph>
    <Words Start="145" End="158" Block="3" Page="377" />
  </Paragraph>
  <Paragraph>
    <Words Start="159" End="163" Block="3" Page="377" />
  </Paragraph>
  <Paragraph>
    <Words Start="164" End="176" Block="3" Page="377" />
  </Paragraph>
  <Paragraph>
    <Words Start="177" End="177" Block="3" Page="377" />
    <Words Start="0" End="16" Block="0" Page="378" />
  </Paragraph>
  <Paragraph>
    <Words Start="17" End="34" Block="0" Page="378" />
  </Paragraph>
  <Paragraph>
    <Words Start="35" End="35" Block="0" Page="378" />
  </Paragraph>
  <Paragraph>
    <Words Start="36" End="43" Block="0" Page="378" />
  </Paragraph>
  <Paragraph>
    <Words Start="44" End="47" Block="0" Page="378" />
  </Paragraph>
  <Paragraph>
    <Words Start="48" End="51" Block="0" Page="378" />
  </Paragraph>
  <Paragraph>
    <Words Start="52" End="71" Block="0" Page="378" />
  </Paragraph>
  <Paragraph>
    <Words Start="72" End="77" Block="0" Page="378" />
  </Paragraph>
  <Paragraph>
    <Words Start="78" End="83" Block="0" Page="378" />
  </Paragraph>
  <Paragraph>
    <Words Start="84" End="90" Block="0" Page="378" />
  </Paragraph>
  <Paragraph>
    <Words Start="91" End="95" Block="0" Page="378" />
  </Paragraph>
  <Paragraph>
    <Words Start="96" End="101" Block="0" Page="378" />
  </Paragraph>
  <Paragraph>
    <Words Start="102" End="112" Block="0" Page="378" />
  </Paragraph>
  <Paragraph>
    <Words Start="113" End="114" Block="0" Page="378" />
  </Paragraph>
  <Paragraph>
    <Words Start="115" End="119" Block="0" Page="378" />
  </Paragraph>
  <Paragraph>
    <Words Start="120" End="124" Block="0" Page="378" />
  </Paragraph>
  <Paragraph>
    <Words Start="125" End="139" Block="0" Page="378" />
  </Paragraph>
  <Paragraph>
    <Words Start="140" End="158" Block="0" Page="378" />
  </Paragraph>
  <Paragraph>
    <Words Start="159" End="165" Block="0" Page="378" />
  </Paragraph>
  <Paragraph>
    <Words Start="166" End="182" Block="0" Page="378" />
  </Paragraph>
  <Paragraph>
    <Words Start="183" End="183" Block="0" Page="378" />
    <Words Start="0" End="34" Block="1" Page="378" />
  </Paragraph>
  <Paragraph>
    <Words Start="35" End="37" Block="1" Page="378" />
  </Paragraph>
  <Paragraph>
    <Words Start="38" End="46" Block="1" Page="378" />
  </Paragraph>
  <Paragraph>
    <Words Start="47" End="54" Block="1" Page="378" />
  </Paragraph>
  <Paragraph>
    <Words Start="55" End="62" Block="1" Page="378" />
  </Paragraph>
  <Paragraph>
    <Words Start="63" End="73" Block="1" Page="378" />
  </Paragraph>
  <Paragraph>
    <Words Start="74" End="88" Block="1" Page="378" />
  </Paragraph>
  <Paragraph>
    <Words Start="89" End="89" Block="1" Page="378" />
    <Words Start="0" End="11" Block="2" Page="378" />
  </Paragraph>
  <Paragraph>
    <Words Start="12" End="23" Block="2" Page="378" />
  </Paragraph>
  <Paragraph>
    <Words Start="24" End="44" Block="2" Page="378" />
  </Paragraph>
  <Paragraph>
    <Words Start="45" End="62" Block="2" Page="378" />
  </Paragraph>
  <Paragraph>
    <Words Start="63" End="67" Block="2" Page="378" />
  </Paragraph>
  <Paragraph>
    <Words Start="68" End="81" Block="2" Page="378" />
  </Paragraph>
  <Paragraph>
    <Words Start="82" End="89" Block="2" Page="378" />
  </Paragraph>
  <Paragraph>
    <Words Start="90" End="90" Block="2" Page="378" />
  </Paragraph>
  <Paragraph>
    <Words Start="0" End="34" Block="3" Page="378" />
  </Paragraph>
  <Paragraph>
    <Words Start="35" End="37" Block="3" Page="378" />
  </Paragraph>
  <Paragraph>
    <Words Start="38" End="42" Block="3" Page="378" />
  </Paragraph>
  <Paragraph>
    <Words Start="43" End="50" Block="3" Page="378" />
  </Paragraph>
  <Paragraph>
    <Words Start="51" End="52" Block="3" Page="378" />
  </Paragraph>
  <Paragraph>
    <Words Start="53" End="79" Block="3" Page="378" />
  </Paragraph>
  <Paragraph>
    <Words Start="80" End="87" Block="3" Page="378" />
  </Paragraph>
  <Paragraph>
    <Words Start="88" End="115" Block="3" Page="378" />
  </Paragraph>
  <Paragraph>
    <Words Start="116" End="120" Block="3" Page="378" />
  </Paragraph>
  <Paragraph>
    <Words Start="121" End="126" Block="3" Page="378" />
  </Paragraph>
  <Paragraph>
    <Words Start="127" End="130" Block="3" Page="378" />
  </Paragraph>
  <Paragraph>
    <Words Start="131" End="132" Block="3" Page="378" />
  </Paragraph>
  <Paragraph>
    <Words Start="133" End="141" Block="3" Page="378" />
  </Paragraph>
  <Paragraph>
    <Words Start="142" End="171" Block="3" Page="378" />
  </Paragraph>
  <Paragraph>
    <Words Start="172" End="176" Block="3" Page="378" />
  </Paragraph>
  <Paragraph>
    <Words Start="177" End="177" Block="3" Page="378" />
    <Words Start="0" End="1" Block="0" Page="379" />
  </Paragraph>
  <Paragraph>
    <Words Start="2" End="5" Block="0" Page="379" />
  </Paragraph>
  <Paragraph>
    <Words Start="6" End="21" Block="0" Page="379" />
  </Paragraph>
  <Paragraph>
    <Words Start="22" End="31" Block="0" Page="379" />
  </Paragraph>
  <Paragraph>
    <Words Start="32" End="37" Block="0" Page="379" />
  </Paragraph>
  <Paragraph>
    <Words Start="38" End="74" Block="0" Page="379" />
  </Paragraph>
  <Paragraph>
    <Words Start="75" End="88" Block="0" Page="379" />
  </Paragraph>
  <Paragraph>
    <Words Start="89" End="89" Block="0" Page="379" />
    <Words Start="0" End="22" Block="1" Page="379" />
  </Paragraph>
  <Paragraph>
    <Words Start="23" End="24" Block="1" Page="379" />
  </Paragraph>
  <Paragraph>
    <Words Start="25" End="28" Block="1" Page="379" />
  </Paragraph>
  <Paragraph>
    <Words Start="29" End="65" Block="1" Page="379" />
  </Paragraph>
  <Paragraph>
    <Words Start="66" End="87" Block="1" Page="379" />
  </Paragraph>
  <Paragraph>
    <Words Start="88" End="88" Block="1" Page="379" />
    <Words Start="0" End="15" Block="2" Page="379" />
  </Paragraph>
  <Paragraph>
    <Words Start="16" End="26" Block="2" Page="379" />
  </Paragraph>
  <Paragraph>
    <Words Start="27" End="33" Block="2" Page="379" />
  </Paragraph>
  <Paragraph>
    <Words Start="34" End="49" Block="2" Page="379" />
  </Paragraph>
  <Paragraph>
    <Words Start="50" End="78" Block="2" Page="379" />
  </Paragraph>
  <Paragraph>
    <Words Start="79" End="87" Block="2" Page="379" />
  </Paragraph>
  <Paragraph>
    <Words Start="88" End="92" Block="2" Page="379" />
  </Paragraph>
  <Paragraph>
    <Words Start="93" End="129" Block="2" Page="379" />
  </Paragraph>
  <Paragraph>
    <Words Start="130" End="148" Block="2" Page="379" />
  </Paragraph>
  <Paragraph>
    <Words Start="149" End="183" Block="2" Page="379" />
  </Paragraph>
  <Paragraph>
    <Words Start="184" End="184" Block="2" Page="379" />
    <Words Start="0" End="35" Block="3" Page="379" />
  </Paragraph>
  <Paragraph>
    <Words Start="36" End="47" Block="3" Page="379" />
  </Paragraph>
  <Paragraph>
    <Words Start="48" End="48" Block="3" Page="379" />
    <Words Start="0" End="9" Block="4" Page="379" />
  </Paragraph>
  <Paragraph>
    <Words Start="10" End="30" Block="4" Page="379" />
  </Paragraph>
  <Paragraph>
    <Words Start="31" End="61" Block="4" Page="379" />
  </Paragraph>
  <Paragraph>
    <Words Start="62" End="66" Block="4" Page="379" />
  </Paragraph>
  <Paragraph>
    <Words Start="67" End="73" Block="4" Page="379" />
  </Paragraph>
  <Paragraph>
    <Words Start="74" End="79" Block="4" Page="379" />
  </Paragraph>
  <Paragraph>
    <Words Start="80" End="88" Block="4" Page="379" />
  </Paragraph>
  <Paragraph>
    <Words Start="89" End="104" Block="4" Page="379" />
  </Paragraph>
  <Paragraph>
    <Words Start="105" End="110" Block="4" Page="379" />
  </Paragraph>
  <Paragraph>
    <Words Start="111" End="121" Block="4" Page="379" />
  </Paragraph>
  <Paragraph>
    <Words Start="122" End="128" Block="4" Page="379" />
  </Paragraph>
  <Paragraph>
    <Words Start="129" End="153" Block="4" Page="379" />
    <Words Start="0" End="22" Block="0" Page="380" />
  </Paragraph>
  <Paragraph>
    <Words Start="23" End="69" Block="0" Page="380" />
  </Paragraph>
  <Paragraph>
    <Words Start="70" End="102" Block="0" Page="380" />
  </Paragraph>
  <Paragraph>
    <Words Start="103" End="114" Block="0" Page="380" />
  </Paragraph>
  <Paragraph>
    <Words Start="115" End="121" Block="0" Page="380" />
  </Paragraph>
  <Paragraph>
    <Words Start="122" End="127" Block="0" Page="380" />
  </Paragraph>
  <Paragraph>
    <Words Start="128" End="137" Block="0" Page="380" />
  </Paragraph>
  <Paragraph>
    <Words Start="138" End="149" Block="0" Page="380" />
  </Paragraph>
  <Paragraph>
    <Words Start="150" End="168" Block="0" Page="380" />
  </Paragraph>
  <Paragraph>
    <Words Start="169" End="171" Block="0" Page="380" />
  </Paragraph>
  <Paragraph>
    <Words Start="0" End="11" Block="1" Page="380" />
  </Paragraph>
  <Paragraph>
    <Words Start="12" End="24" Block="1" Page="380" />
  </Paragraph>
  <Paragraph>
    <Words Start="25" End="30" Block="1" Page="380" />
  </Paragraph>
  <Paragraph>
    <Words Start="31" End="61" Block="1" Page="380" />
  </Paragraph>
  <Paragraph>
    <Words Start="62" End="95" Block="1" Page="380" />
  </Paragraph>
  <Paragraph>
    <Words Start="96" End="111" Block="1" Page="380" />
  </Paragraph>
  <Paragraph>
    <Words Start="112" End="130" Block="1" Page="380" />
  </Paragraph>
  <Paragraph>
    <Words Start="131" End="162" Block="1" Page="380" />
  </Paragraph>
  <Paragraph>
    <Words Start="163" End="166" Block="1" Page="380" />
  </Paragraph>
  <Paragraph>
    <Words Start="167" End="174" Block="1" Page="380" />
  </Paragraph>
  <Paragraph>
    <Words Start="175" End="185" Block="1" Page="380" />
  </Paragraph>
  <Paragraph>
    <Words Start="186" End="192" Block="1" Page="380" />
  </Paragraph>
  <Paragraph>
    <Words Start="193" End="193" Block="1" Page="380" />
  </Paragraph>
  <Paragraph>
    <Words Start="0" End="11" Block="2" Page="380" />
  </Paragraph>
  <Paragraph>
    <Words Start="12" End="26" Block="2" Page="380" />
  </Paragraph>
  <Paragraph>
    <Words Start="27" End="43" Block="2" Page="380" />
  </Paragraph>
  <Paragraph>
    <Words Start="44" End="52" Block="2" Page="380" />
  </Paragraph>
  <Paragraph>
    <Words Start="53" End="68" Block="2" Page="380" />
  </Paragraph>
  <Paragraph>
    <Words Start="69" End="73" Block="2" Page="380" />
  </Paragraph>
  <Paragraph>
    <Words Start="74" End="79" Block="2" Page="380" />
  </Paragraph>
  <Paragraph>
    <Words Start="80" End="115" Block="2" Page="380" />
  </Paragraph>
  <Paragraph>
    <Words Start="116" End="127" Block="2" Page="380" />
  </Paragraph>
  <Paragraph>
    <Words Start="128" End="155" Block="2" Page="380" />
  </Paragraph>
  <Paragraph>
    <Words Start="156" End="165" Block="2" Page="380" />
  </Paragraph>
  <Paragraph>
    <Words Start="166" End="182" Block="2" Page="380" />
  </Paragraph>
  <Paragraph>
    <Words Start="183" End="183" Block="2" Page="380" />
    <Words Start="0" End="8" Block="0" Page="381" />
  </Paragraph>
  <Paragraph>
    <Words Start="9" End="12" Block="0" Page="381" />
  </Paragraph>
  <Paragraph>
    <Words Start="13" End="19" Block="0" Page="381" />
  </Paragraph>
  <Paragraph>
    <Words Start="20" End="28" Block="0" Page="381" />
  </Paragraph>
  <Paragraph>
    <Words Start="29" End="31" Block="0" Page="381" />
  </Paragraph>
  <Paragraph>
    <Words Start="32" End="32" Block="0" Page="381" />
    <Words Start="0" End="10" Block="1" Page="381" />
  </Paragraph>
  <Paragraph>
    <Words Start="11" End="35" Block="1" Page="381" />
  </Paragraph>
  <Paragraph>
    <Words Start="36" End="44" Block="1" Page="381" />
  </Paragraph>
  <Paragraph>
    <Words Start="45" End="49" Block="1" Page="381" />
  </Paragraph>
  <Paragraph>
    <Words Start="50" End="108" Block="1" Page="381" />
  </Paragraph>
  <Paragraph>
    <Words Start="109" End="122" Block="1" Page="381" />
  </Paragraph>
  <Paragraph>
    <Words Start="123" End="131" Block="1" Page="381" />
  </Paragraph>
  <Paragraph>
    <Words Start="132" End="139" Block="1" Page="381" />
  </Paragraph>
  <Paragraph>
    <Words Start="140" End="142" Block="1" Page="381" />
  </Paragraph>
  <Paragraph>
    <Words Start="143" End="147" Block="1" Page="381" />
  </Paragraph>
  <Paragraph>
    <Words Start="148" End="148" Block="1" Page="381" />
  </Paragraph>
  <Paragraph>
    <Words Start="0" End="3" Block="2" Page="381" />
  </Paragraph>
  <Paragraph>
    <Words Start="4" End="6" Block="2" Page="381" />
  </Paragraph>
  <Paragraph>
    <Words Start="7" End="23" Block="2" Page="381" />
  </Paragraph>
  <Paragraph>
    <Words Start="24" End="29" Block="2" Page="381" />
  </Paragraph>
  <Paragraph>
    <Words Start="30" End="30" Block="2" Page="381" />
    <Words Start="0" End="8" Block="3" Page="381" />
  </Paragraph>
  <Paragraph>
    <Words Start="9" End="9" Block="3" Page="381" />
    <Words Start="0" End="5" Block="4" Page="381" />
  </Paragraph>
  <Paragraph>
    <Words Start="6" End="25" Block="4" Page="381" />
  </Paragraph>
  <Paragraph>
    <Words Start="26" End="30" Block="4" Page="381" />
  </Paragraph>
  <Paragraph>
    <Words Start="31" End="34" Block="4" Page="381" />
  </Paragraph>
  <Paragraph>
    <Words Start="35" End="41" Block="4" Page="381" />
  </Paragraph>
  <Paragraph>
    <Words Start="42" End="77" Block="4" Page="381" />
  </Paragraph>
  <Paragraph>
    <Words Start="78" End="94" Block="4" Page="381" />
  </Paragraph>
  <Paragraph>
    <Words Start="95" End="101" Block="4" Page="381" />
  </Paragraph>
  <Paragraph>
    <Words Start="102" End="120" Block="4" Page="381" />
  </Paragraph>
  <Paragraph>
    <Words Start="121" End="129" Block="4" Page="381" />
  </Paragraph>
  <Paragraph>
    <Words Start="130" End="141" Block="4" Page="381" />
  </Paragraph>
  <Paragraph>
    <Words Start="142" End="142" Block="4" Page="381" />
    <Words Start="0" End="24" Block="5" Page="381" />
  </Paragraph>
  <Paragraph>
    <Words Start="25" End="26" Block="5" Page="381" />
  </Paragraph>
  <Paragraph>
    <Words Start="27" End="27" Block="5" Page="381" />
    <Words Start="0" End="20" Block="6" Page="381" />
  </Paragraph>
  <Paragraph>
    <Words Start="21" End="56" Block="6" Page="381" />
  </Paragraph>
  <Paragraph>
    <Words Start="57" End="59" Block="6" Page="381" />
  </Paragraph>
  <Paragraph>
    <Words Start="60" End="63" Block="6" Page="381" />
  </Paragraph>
  <Paragraph>
    <Words Start="64" End="100" Block="6" Page="381" />
  </Paragraph>
  <Paragraph>
    <Words Start="101" End="106" Block="6" Page="381" />
  </Paragraph>
  <Paragraph>
    <Words Start="107" End="109" Block="6" Page="381" />
  </Paragraph>
  <Paragraph>
    <Words Start="110" End="125" Block="6" Page="381" />
  </Paragraph>
  <Paragraph>
    <Words Start="126" End="126" Block="6" Page="381" />
    <Words Start="0" End="48" Block="0" Page="382" />
  </Paragraph>
  <Paragraph>
    <Words Start="49" End="53" Block="0" Page="382" />
  </Paragraph>
  <Paragraph>
    <Words Start="54" End="55" Block="0" Page="382" />
  </Paragraph>
  <Paragraph>
    <Words Start="56" End="85" Block="0" Page="382" />
  </Paragraph>
  <Paragraph>
    <Words Start="86" End="94" Block="0" Page="382" />
  </Paragraph>
  <Paragraph>
    <Words Start="95" End="104" Block="0" Page="382" />
  </Paragraph>
  <Paragraph>
    <Words Start="105" End="114" Block="0" Page="382" />
  </Paragraph>
  <Paragraph>
    <Words Start="115" End="131" Block="0" Page="382" />
  </Paragraph>
  <Paragraph>
    <Words Start="132" End="136" Block="0" Page="382" />
  </Paragraph>
  <Paragraph>
    <Words Start="137" End="182" Block="0" Page="382" />
  </Paragraph>
  <Paragraph>
    <Words Start="183" End="183" Block="0" Page="382" />
    <Words Start="0" End="10" Block="1" Page="382" />
  </Paragraph>
  <Paragraph>
    <Words Start="11" End="25" Block="1" Page="382" />
  </Paragraph>
  <Paragraph>
    <Words Start="26" End="44" Block="1" Page="382" />
  </Paragraph>
  <Paragraph>
    <Words Start="45" End="59" Block="1" Page="382" />
  </Paragraph>
  <Paragraph>
    <Words Start="0" End="2" Block="2" Page="382" />
  </Paragraph>
  <Paragraph>
    <Words Start="3" End="4" Block="2" Page="382" />
  </Paragraph>
  <Paragraph>
    <Words Start="5" End="47" Block="2" Page="382" />
  </Paragraph>
  <Paragraph>
    <Words Start="48" End="54" Block="2" Page="382" />
  </Paragraph>
  <Paragraph>
    <Words Start="55" End="64" Block="2" Page="382" />
  </Paragraph>
  <Paragraph>
    <Words Start="65" End="65" Block="2" Page="382" />
    <Words Start="0" End="37" Block="3" Page="382" />
  </Paragraph>
  <Paragraph>
    <Words Start="38" End="49" Block="3" Page="382" />
  </Paragraph>
  <Paragraph>
    <Words Start="50" End="58" Block="3" Page="382" />
  </Paragraph>
  <Paragraph>
    <Words Start="59" End="59" Block="3" Page="382" />
    <Words Start="0" End="6" Block="4" Page="382" />
  </Paragraph>
  <Paragraph>
    <Words Start="7" End="19" Block="4" Page="382" />
  </Paragraph>
  <Paragraph>
    <Words Start="20" End="30" Block="4" Page="382" />
  </Paragraph>
  <Paragraph>
    <Words Start="31" End="40" Block="4" Page="382" />
  </Paragraph>
  <Paragraph>
    <Words Start="41" End="43" Block="4" Page="382" />
  </Paragraph>
  <Paragraph>
    <Words Start="44" End="51" Block="4" Page="382" />
  </Paragraph>
  <Paragraph>
    <Words Start="52" End="52" Block="4" Page="382" />
    <Words Start="0" End="54" Block="5" Page="382" />
  </Paragraph>
  <Paragraph>
    <Words Start="55" End="87" Block="5" Page="382" />
  </Paragraph>
  <Paragraph>
    <Words Start="88" End="98" Block="5" Page="382" />
  </Paragraph>
  <Paragraph>
    <Words Start="99" End="122" Block="5" Page="382" />
  </Paragraph>
  <Paragraph>
    <Words Start="123" End="123" Block="5" Page="382" />
    <Words Start="0" End="28" Block="0" Page="383" />
  </Paragraph>
  <Paragraph>
    <Words Start="29" End="36" Block="0" Page="383" />
  </Paragraph>
  <Paragraph>
    <Words Start="37" End="49" Block="0" Page="383" />
  </Paragraph>
  <Paragraph>
    <Words Start="50" End="68" Block="0" Page="383" />
  </Paragraph>
  <Paragraph>
    <Words Start="69" End="91" Block="0" Page="383" />
  </Paragraph>
  <Paragraph>
    <Words Start="92" End="113" Block="0" Page="383" />
  </Paragraph>
  <Paragraph>
    <Words Start="114" End="129" Block="0" Page="383" />
  </Paragraph>
  <Paragraph>
    <Words Start="130" End="148" Block="0" Page="383" />
  </Paragraph>
  <Paragraph>
    <Words Start="149" End="168" Block="0" Page="383" />
  </Paragraph>
  <Paragraph>
    <Words Start="169" End="177" Block="0" Page="383" />
  </Paragraph>
  <Paragraph>
    <Words Start="178" End="178" Block="0" Page="383" />
  </Paragraph>
  <Paragraph>
    <Words Start="179" End="179" Block="0" Page="383" />
    <Words Start="0" End="6" Block="1" Page="383" />
  </Paragraph>
  <Paragraph>
    <Words Start="7" End="7" Block="1" Page="383" />
    <Words Start="0" End="38" Block="2" Page="383" />
  </Paragraph>
  <Paragraph>
    <Words Start="39" End="45" Block="2" Page="383" />
  </Paragraph>
  <Paragraph>
    <Words Start="46" End="61" Block="2" Page="383" />
  </Paragraph>
  <Paragraph>
    <Words Start="62" End="68" Block="2" Page="383" />
  </Paragraph>
  <Paragraph>
    <Words Start="69" End="71" Block="2" Page="383" />
  </Paragraph>
  <Paragraph>
    <Words Start="72" End="86" Block="2" Page="383" />
  </Paragraph>
  <Paragraph>
    <Words Start="87" End="88" Block="2" Page="383" />
  </Paragraph>
  <Paragraph>
    <Words Start="89" End="89" Block="2" Page="383" />
    <Words Start="0" End="28" Block="3" Page="383" />
  </Paragraph>
  <Paragraph>
    <Words Start="29" End="41" Block="3" Page="383" />
  </Paragraph>
  <Paragraph>
    <Words Start="42" End="46" Block="3" Page="383" />
  </Paragraph>
  <Paragraph>
    <Words Start="47" End="63" Block="3" Page="383" />
  </Paragraph>
  <Paragraph>
    <Words Start="64" End="75" Block="3" Page="383" />
  </Paragraph>
  <Paragraph>
    <Words Start="76" End="76" Block="3" Page="383" />
  </Paragraph>
  <Paragraph>
    <Words Start="0" End="17" Block="4" Page="383" />
  </Paragraph>
  <Paragraph>
    <Words Start="18" End="23" Block="4" Page="383" />
  </Paragraph>
  <Paragraph>
    <Words Start="24" End="56" Block="4" Page="383" />
  </Paragraph>
  <Paragraph>
    <Words Start="57" End="70" Block="4" Page="383" />
  </Paragraph>
  <Paragraph>
    <Words Start="71" End="79" Block="4" Page="383" />
  </Paragraph>
  <Paragraph>
    <Words Start="80" End="82" Block="4" Page="383" />
  </Paragraph>
  <Paragraph>
    <Words Start="83" End="99" Block="4" Page="383" />
  </Paragraph>
  <Paragraph>
    <Words Start="100" End="155" Block="4" Page="383" />
  </Paragraph>
  <Paragraph>
    <Words Start="156" End="164" Block="4" Page="383" />
  </Paragraph>
  <Paragraph>
    <Words Start="165" End="173" Block="4" Page="383" />
  </Paragraph>
  <Paragraph>
    <Words Start="174" End="197" Block="4" Page="383" />
  </Paragraph>
  <Paragraph>
    <Words Start="198" End="198" Block="4" Page="383" />
    <Words Start="0" End="7" Block="0" Page="384" />
  </Paragraph>
  <Paragraph>
    <Words Start="8" End="14" Block="0" Page="384" />
  </Paragraph>
  <Paragraph>
    <Words Start="15" End="19" Block="0" Page="384" />
  </Paragraph>
  <Paragraph>
    <Words Start="20" End="45" Block="0" Page="384" />
  </Paragraph>
  <Paragraph>
    <Words Start="46" End="53" Block="0" Page="384" />
  </Paragraph>
  <Paragraph>
    <Words Start="54" End="68" Block="0" Page="384" />
  </Paragraph>
  <Paragraph>
    <Words Start="69" End="84" Block="0" Page="384" />
  </Paragraph>
  <Paragraph>
    <Words Start="85" End="89" Block="0" Page="384" />
  </Paragraph>
  <Paragraph>
    <Words Start="90" End="120" Block="0" Page="384" />
  </Paragraph>
  <Paragraph>
    <Words Start="121" End="150" Block="0" Page="384" />
  </Paragraph>
  <Paragraph>
    <Words Start="151" End="163" Block="0" Page="384" />
  </Paragraph>
  <Paragraph>
    <Words Start="164" End="181" Block="0" Page="384" />
  </Paragraph>
  <Paragraph>
    <Words Start="182" End="187" Block="0" Page="384" />
  </Paragraph>
  <Paragraph>
    <Words Start="188" End="193" Block="0" Page="384" />
  </Paragraph>
  <Paragraph>
    <Words Start="194" End="201" Block="0" Page="384" />
  </Paragraph>
  <Paragraph>
    <Words Start="202" End="202" Block="0" Page="384" />
    <Words Start="0" End="3" Block="1" Page="384" />
  </Paragraph>
  <Paragraph>
    <Words Start="4" End="19" Block="1" Page="384" />
  </Paragraph>
  <Paragraph>
    <Words Start="20" End="29" Block="1" Page="384" />
  </Paragraph>
  <Paragraph>
    <Words Start="30" End="40" Block="1" Page="384" />
  </Paragraph>
  <Paragraph>
    <Words Start="41" End="45" Block="1" Page="384" />
  </Paragraph>
  <Paragraph>
    <Words Start="46" End="46" Block="1" Page="384" />
    <Words Start="0" End="20" Block="2" Page="384" />
  </Paragraph>
  <Paragraph>
    <Words Start="21" End="30" Block="2" Page="384" />
  </Paragraph>
  <Paragraph>
    <Words Start="31" End="60" Block="2" Page="384" />
  </Paragraph>
  <Paragraph>
    <Words Start="61" End="65" Block="2" Page="384" />
  </Paragraph>
  <Paragraph>
    <Words Start="66" End="70" Block="2" Page="384" />
  </Paragraph>
  <Paragraph>
    <Words Start="71" End="103" Block="2" Page="384" />
  </Paragraph>
  <Paragraph>
    <Words Start="104" End="127" Block="2" Page="384" />
  </Paragraph>
  <Paragraph>
    <Words Start="128" End="128" Block="2" Page="384" />
  </Paragraph>
  <Paragraph>
    <Words Start="0" End="2" Block="3" Page="384" />
  </Paragraph>
  <Paragraph>
    <Words Start="3" End="13" Block="3" Page="384" />
  </Paragraph>
  <Paragraph>
    <Words Start="14" End="21" Block="3" Page="384" />
  </Paragraph>
  <Paragraph>
    <Words Start="22" End="25" Block="3" Page="384" />
  </Paragraph>
  <Paragraph>
    <Words Start="26" End="33" Block="3" Page="384" />
  </Paragraph>
  <Paragraph>
    <Words Start="34" End="34" Block="3" Page="384" />
  </Paragraph>
  <Paragraph>
    <Words Start="0" End="10" Block="4" Page="384" />
  </Paragraph>
  <Paragraph>
    <Words Start="11" End="11" Block="4" Page="384" />
    <Words Start="0" End="5" Block="5" Page="384" />
  </Paragraph>
  <Paragraph>
    <Words Start="6" End="17" Block="5" Page="384" />
  </Paragraph>
  <Paragraph>
    <Words Start="18" End="25" Block="5" Page="384" />
  </Paragraph>
  <Paragraph>
    <Words Start="26" End="26" Block="5" Page="384" />
  </Paragraph>
  <Paragraph>
    <Words Start="0" End="19" Block="6" Page="384" />
  </Paragraph>
  <Paragraph>
    <Words Start="20" End="30" Block="6" Page="384" />
  </Paragraph>
  <Paragraph>
    <Words Start="31" End="47" Block="6" Page="384" />
  </Paragraph>
  <Paragraph>
    <Words Start="48" End="113" Block="6" Page="384" />
  </Paragraph>
  <Paragraph>
    <Words Start="114" End="114" Block="6" Page="384" />
    <Words Start="0" End="7" Block="0" Page="385" />
  </Paragraph>
  <Paragraph>
    <Words Start="8" End="32" Block="0" Page="385" />
  </Paragraph>
  <Paragraph>
    <Words Start="33" End="59" Block="0" Page="385" />
  </Paragraph>
  <Paragraph>
    <Words Start="60" End="64" Block="0" Page="385" />
  </Paragraph>
  <Paragraph>
    <Words Start="65" End="97" Block="0" Page="385" />
  </Paragraph>
  <Paragraph>
    <Words Start="98" End="121" Block="0" Page="385" />
  </Paragraph>
  <Paragraph>
    <Words Start="122" End="145" Block="0" Page="385" />
  </Paragraph>
  <Paragraph>
    <Words Start="146" End="146" Block="0" Page="385" />
    <Words Start="0" End="9" Block="1" Page="385" />
  </Paragraph>
  <Paragraph>
    <Words Start="10" End="42" Block="1" Page="385" />
  </Paragraph>
  <Paragraph>
    <Words Start="43" End="65" Block="1" Page="385" />
  </Paragraph>
  <Paragraph>
    <Words Start="66" End="77" Block="1" Page="385" />
  </Paragraph>
  <Paragraph>
    <Words Start="78" End="87" Block="1" Page="385" />
  </Paragraph>
  <Paragraph>
    <Words Start="88" End="110" Block="1" Page="385" />
  </Paragraph>
  <Paragraph>
    <Words Start="111" End="139" Block="1" Page="385" />
  </Paragraph>
  <Paragraph>
    <Words Start="140" End="151" Block="1" Page="385" />
  </Paragraph>
  <Paragraph>
    <Words Start="152" End="152" Block="1" Page="385" />
    <Words Start="0" End="11" Block="2" Page="385" />
  </Paragraph>
  <Paragraph>
    <Words Start="12" End="18" Block="2" Page="385" />
  </Paragraph>
  <Paragraph>
    <Words Start="19" End="26" Block="2" Page="385" />
  </Paragraph>
  <Paragraph>
    <Words Start="27" End="31" Block="2" Page="385" />
  </Paragraph>
  <Paragraph>
    <Words Start="32" End="32" Block="2" Page="385" />
  </Paragraph>
  <Paragraph>
    <Words Start="0" End="40" Block="3" Page="385" />
  </Paragraph>
  <Paragraph>
    <Words Start="41" End="70" Block="3" Page="385" />
  </Paragraph>
  <Paragraph>
    <Words Start="71" End="79" Block="3" Page="385" />
  </Paragraph>
  <Paragraph>
    <Words Start="80" End="89" Block="3" Page="385" />
  </Paragraph>
  <Paragraph>
    <Words Start="90" End="90" Block="3" Page="385" />
  </Paragraph>
  <Paragraph>
    <Words Start="91" End="91" Block="3" Page="385" />
  </Paragraph>
  <Paragraph>
    <Words Start="0" End="7" Block="4" Page="385" />
  </Paragraph>
  <Paragraph>
    <Words Start="8" End="8" Block="4" Page="385" />
  </Paragraph>
</Flow>