﻿<?xml version="1.0" encoding="utf-8"?>
<Flow Name="f18">
  <Paragraph>
    <Words Start="0" End="10" Block="0" Page="208" />
  </Paragraph>
  <Paragraph>
    <Words Start="11" End="14" Block="0" Page="208" />
  </Paragraph>
  <Paragraph>
    <Words Start="15" End="18" Block="0" Page="208" />
  </Paragraph>
  <Paragraph>
    <Words Start="19" End="19" Block="0" Page="208" />
  </Paragraph>
  <Paragraph>
    <Words Start="0" End="127" Block="0" Page="209" />
  </Paragraph>
  <Paragraph>
    <Words Start="128" End="233" Block="0" Page="209" />
  </Paragraph>
  <Paragraph>
    <Words Start="234" End="267" Block="0" Page="209" />
  </Paragraph>
  <Paragraph>
    <Words Start="268" End="398" Block="0" Page="209" />
  </Paragraph>
  <Paragraph>
    <Words Block="0" Page="210" />
    <Words Start="0" End="35" Block="0" Page="211" />
  </Paragraph>
  <Paragraph>
    <Words Start="36" End="155" Block="0" Page="211" />
  </Paragraph>
  <Paragraph>
    <Words Start="156" End="223" Block="0" Page="211" />
  </Paragraph>
  <Paragraph>
    <Words Start="224" End="275" Block="0" Page="211" />
  </Paragraph>
  <Paragraph>
    <Words Start="276" End="355" Block="0" Page="211" />
  </Paragraph>
  <Paragraph>
    <Words Start="356" End="356" Block="0" Page="211" />
  </Paragraph>
  <Paragraph>
    <Words Start="0" End="99" Block="1" Page="212" />
  </Paragraph>
  <Paragraph>
    <Words Start="100" End="115" Block="1" Page="212" />
  </Paragraph>
  <Paragraph>
    <Words Start="116" End="144" Block="1" Page="212" />
  </Paragraph>
  <Paragraph>
    <Words Start="145" End="160" Block="1" Page="212" />
  </Paragraph>
  <Paragraph>
    <Words Start="161" End="311" Block="1" Page="212" />
  </Paragraph>
  <Paragraph>
    <Words Start="312" End="320" Block="1" Page="212" />
  </Paragraph>
  <Paragraph>
    <Words Start="321" End="329" Block="1" Page="212" />
  </Paragraph>
  <Paragraph>
    <Words Start="330" End="338" Block="1" Page="212" />
  </Paragraph>
  <Paragraph>
    <Words Start="339" End="344" Block="1" Page="212" />
  </Paragraph>
  <Paragraph>
    <Words Start="345" End="399" Block="1" Page="212" />
    <Words Block="2" Page="212" />
    <Words Start="0" End="16" Block="0" Page="213" />
  </Paragraph>
  <Paragraph>
    <Words Start="17" End="32" Block="0" Page="213" />
  </Paragraph>
  <Paragraph>
    <Words Start="0" End="165" Block="1" Page="213" />
  </Paragraph>
  <Paragraph>
    <Words Start="166" End="306" Block="1" Page="213" />
  </Paragraph>
  <Paragraph>
    <Words Block="2" Page="213" />
  </Paragraph>
  <Paragraph>
    <Words Start="0" End="137" Block="0" Page="214" />
  </Paragraph>
  <Paragraph>
    <Words Start="138" End="190" Block="0" Page="214" />
    <Words Start="0" End="275" Block="1" Page="214" />
  </Paragraph>
  <Paragraph>
    <Words Start="276" End="312" Block="1" Page="214" />
    <Words Block="0" Page="215" />
  </Paragraph>
  <Paragraph>
    <Words Start="0" End="156" Block="1" Page="215" />
  </Paragraph>
  <Paragraph>
    <Words Start="157" End="185" Block="1" Page="215" />
  </Paragraph>
  <Paragraph>
    <Words Start="0" End="1" Block="2" Page="215" />
  </Paragraph>
  <Paragraph>
    <Words Start="2" End="2" Block="2" Page="215" />
  </Paragraph>
  <Paragraph>
    <Words Block="3" Page="215" />
  </Paragraph>
  <Paragraph>
    <Words Start="0" End="6" Block="4" Page="215" />
  </Paragraph>
  <Paragraph>
    <Words Start="7" End="7" Block="4" Page="215" />
  </Paragraph>
  <Paragraph>
    <Words Block="5" Page="215" />
  </Paragraph>
  <Paragraph>
    <Words Block="6" Page="215" />
  </Paragraph>
  <Paragraph>
    <Words Block="7" Page="215" />
  </Paragraph>
  <Paragraph>
    <Words Block="8" Page="215" />
  </Paragraph>
  <Paragraph>
    <Words Block="0" Page="216" />
  </Paragraph>
  <Paragraph>
    <Words Block="1" Page="216" />
  </Paragraph>
  <Paragraph>
    <Words Block="2" Page="216" />
  </Paragraph>
  <Paragraph>
    <Words Block="3" Page="216" />
  </Paragraph>
  <Paragraph>
    <Words Block="4" Page="216" />
  </Paragraph>
  <Paragraph>
    <Words Block="5" Page="216" />
  </Paragraph>
  <Paragraph>
    <Words Block="6" Page="216" />
  </Paragraph>
  <Paragraph>
    <Words Block="7" Page="216" />
  </Paragraph>
  <Paragraph>
    <Words Block="8" Page="216" />
  </Paragraph>
  <Paragraph>
    <Words Block="9" Page="216" />
  </Paragraph>
  <Paragraph>
    <Words Start="0" End="2" Block="10" Page="216" />
  </Paragraph>
  <Paragraph>
    <Words Start="3" End="3" Block="10" Page="216" />
    <Words Block="11" Page="216" />
    <Words Start="0" End="175" Block="0" Page="217" />
  </Paragraph>
  <Paragraph>
    <Words Start="176" End="252" Block="0" Page="217" />
  </Paragraph>
  <Paragraph>
    <Words Start="0" End="2" Block="1" Page="217" />
  </Paragraph>
  <Paragraph>
    <Words Start="3" End="3" Block="1" Page="217" />
    <Words Block="2" Page="217" />
  </Paragraph>
  <Paragraph>
    <Words Start="0" End="5" Block="0" Page="218" />
  </Paragraph>
  <Paragraph>
    <Words Start="6" End="6" Block="0" Page="218" />
    <Words Block="1" Page="218" />
  </Paragraph>
  <Paragraph>
    <Words Start="0" End="2" Block="2" Page="218" />
  </Paragraph>
  <Paragraph>
    <Words Start="3" End="3" Block="2" Page="218" />
    <Words Start="0" End="18" Block="3" Page="218" />
  </Paragraph>
  <Paragraph>
    <Words Start="19" End="69" Block="3" Page="218" />
  </Paragraph>
  <Paragraph>
    <Words Start="0" End="3" Block="4" Page="218" />
  </Paragraph>
  <Paragraph>
    <Words Start="4" End="4" Block="4" Page="218" />
    <Words Block="5" Page="218" />
  </Paragraph>
</Flow>