﻿<?xml version="1.0" encoding="utf-8"?>
<Flow Name="f22">
  <Paragraph>
    <Words Start="0" End="0" Block="0" Page="328" />
  </Paragraph>
  <Paragraph>
    <Words Start="1" End="1" Block="0" Page="328" />
  </Paragraph>
  <Paragraph>
    <Words Start="0" End="11" Block="1" Page="328" />
  </Paragraph>
  <Paragraph>
    <Words Start="12" End="12" Block="1" Page="328" />
  </Paragraph>
  <Paragraph>
    <Words Block="5" Page="328" />
  </Paragraph>
  <Paragraph>
    <Words Start="0" End="62" Block="0" Page="329" />
  </Paragraph>
  <Paragraph>
    <Words Start="63" End="84" Block="0" Page="329" />
  </Paragraph>
  <Paragraph>
    <Words Start="85" End="99" Block="0" Page="329" />
  </Paragraph>
  <Paragraph>
    <Words Start="100" End="100" Block="0" Page="329" />
  </Paragraph>
  <Paragraph>
    <Words Start="101" End="141" Block="0" Page="329" />
  </Paragraph>
  <Paragraph>
    <Words Start="142" End="179" Block="0" Page="329" />
  </Paragraph>
  <Paragraph>
    <Words Start="180" End="196" Block="0" Page="329" />
  </Paragraph>
  <Paragraph>
    <Words Start="197" End="235" Block="0" Page="329" />
  </Paragraph>
  <Paragraph>
    <Words Start="236" End="242" Block="0" Page="329" />
  </Paragraph>
  <Paragraph>
    <Words Start="243" End="276" Block="0" Page="329" />
  </Paragraph>
  <Paragraph>
    <Words Start="277" End="283" Block="0" Page="329" />
  </Paragraph>
  <Paragraph>
    <Words Start="0" End="4" Block="0" Page="330" />
  </Paragraph>
  <Paragraph>
    <Words Start="5" End="5" Block="0" Page="330" />
  </Paragraph>
  <Paragraph>
    <Words Block="1" Page="330" />
    <Words Block="2" Page="330" />
  </Paragraph>
  <Paragraph>
    <Words Block="1" Page="331" />
    <Words Start="0" End="72" Block="2" Page="331" />
  </Paragraph>
  <Paragraph>
    <Words Start="73" End="117" Block="2" Page="331" />
  </Paragraph>
  <Paragraph>
    <Words Start="118" End="173" Block="2" Page="331" />
  </Paragraph>
  <Paragraph>
    <Words Block="3" Page="331" />
  </Paragraph>
  <Paragraph>
    <Words Start="0" End="1" Block="4" Page="331" />
  </Paragraph>
  <Paragraph>
    <Words Start="2" End="2" Block="4" Page="331" />
  </Paragraph>
  <Paragraph>
    <Words Block="5" Page="331" />
  </Paragraph>
  <Paragraph>
    <Words Block="0" Page="332" />
    <Words Start="0" End="173" Block="0" Page="333" />
  </Paragraph>
  <Paragraph>
    <Words Start="174" End="192" Block="0" Page="333" />
  </Paragraph>
  <Paragraph>
    <Words Start="0" End="0" Block="1" Page="333" />
  </Paragraph>
  <Paragraph>
    <Words Start="1" End="1" Block="1" Page="333" />
  </Paragraph>
  <Paragraph>
    <Words Block="2" Page="333" />
  </Paragraph>
  <Paragraph>
    <Words Block="0" Page="334" />
  </Paragraph>
  <Paragraph>
    <Words Start="0" End="103" Block="0" Page="335" />
  </Paragraph>
  <Paragraph>
    <Words Start="104" End="214" Block="0" Page="335" />
  </Paragraph>
  <Paragraph>
    <Words Start="215" End="247" Block="0" Page="335" />
  </Paragraph>
  <Paragraph>
    <Words Start="0" End="0" Block="1" Page="335" />
  </Paragraph>
  <Paragraph>
    <Words Start="1" End="2" Block="1" Page="335" />
  </Paragraph>
  <Paragraph>
    <Words Start="3" End="3" Block="1" Page="335" />
  </Paragraph>
  <Paragraph>
    <Words Start="4" End="4" Block="1" Page="335" />
  </Paragraph>
  <Paragraph>
    <Words Start="5" End="58" Block="1" Page="335" />
  </Paragraph>
  <Paragraph>
    <Words Start="0" End="3" Block="0" Page="336" />
  </Paragraph>
  <Paragraph>
    <Words Start="4" End="4" Block="0" Page="336" />
  </Paragraph>
  <Paragraph>
    <Words Block="1" Page="336" />
    <Words Block="2" Page="336" />
  </Paragraph>
  <Paragraph>
    <Words Block="3" Page="336" />
  </Paragraph>
  <Paragraph>
    <Words Block="4" Page="336" />
  </Paragraph>
  <Paragraph>
    <Words Start="0" End="62" Block="0" Page="337" />
  </Paragraph>
  <Paragraph>
    <Words Start="63" End="235" Block="0" Page="337" />
  </Paragraph>
  <Paragraph>
    <Words Start="236" End="403" Block="0" Page="337" />
  </Paragraph>
  <Paragraph>
    <Words Block="2" Page="337" />
    <Words Block="2" Page="338" />
  </Paragraph>
  <Paragraph>
    <Words Start="0" End="0" Block="0" Page="339" />
  </Paragraph>
  <Paragraph>
    <Words Start="1" End="7" Block="0" Page="339" />
  </Paragraph>
  <Paragraph>
    <Words Start="8" End="133" Block="0" Page="339" />
  </Paragraph>
  <Paragraph>
    <Words Start="134" End="226" Block="0" Page="339" />
  </Paragraph>
  <Paragraph>
    <Words Start="227" End="237" Block="0" Page="339" />
  </Paragraph>
  <Paragraph>
    <Words Start="0" End="76" Block="1" Page="339" />
  </Paragraph>
  <Paragraph>
    <Words Start="77" End="299" Block="1" Page="339" />
  </Paragraph>
</Flow>