﻿<?xml version="1.0" encoding="utf-8"?>
<Flow Name="f17">
  <Paragraph>
    <Words Start="0" End="0" Block="0" Page="206" />
  </Paragraph>
  <Paragraph>
    <Words Start="1" End="1" Block="0" Page="206" />
  </Paragraph>
  <Paragraph>
    <Words Start="0" End="4" Block="1" Page="206" />
  </Paragraph>
  <Paragraph>
    <Words Start="5" End="5" Block="1" Page="206" />
  </Paragraph>
  <Paragraph>
    <Words Start="0" End="9" Block="2" Page="206" />
  </Paragraph>
  <Paragraph>
    <Words Start="10" End="10" Block="2" Page="206" />
  </Paragraph>
</Flow>