﻿<?xml version="1.0" encoding="utf-8"?>
<Flow Name="f14">
  <Paragraph>
    <Words Start="0" End="0" Block="0" Page="168" />
  </Paragraph>
  <Paragraph>
    <Words Start="1" End="1" Block="0" Page="168" />
  </Paragraph>
  <Paragraph>
    <Words Start="0" End="3" Block="1" Page="168" />
  </Paragraph>
  <Paragraph>
    <Words Start="4" End="4" Block="1" Page="168" />
  </Paragraph>
  <Paragraph>
    <Words Start="0" End="6" Block="2" Page="168" />
  </Paragraph>
  <Paragraph>
    <Words Start="7" End="10" Block="2" Page="168" />
  </Paragraph>
  <Paragraph>
    <Words Start="11" End="11" Block="2" Page="168" />
  </Paragraph>
</Flow>