﻿<?xml version="1.0" encoding="utf-8"?>
<Flow Name="f1">
  <Paragraph>
    <Words Start="0" End="0" Block="0" Page="6" />
  </Paragraph>
  <Paragraph>
    <Words Start="1" End="8" Block="0" Page="6" />
  </Paragraph>
  <Paragraph>
    <Words Start="9" End="9" Block="0" Page="6" />
  </Paragraph>
  <Paragraph>
    <Words Start="0" End="7" Block="1" Page="6" />
  </Paragraph>
  <Paragraph>
    <Words Start="8" End="8" Block="1" Page="6" />
  </Paragraph>
  <Paragraph>
    <Words Start="0" End="7" Block="2" Page="6" />
  </Paragraph>
  <Paragraph>
    <Words Start="8" End="10" Block="2" Page="6" />
  </Paragraph>
  <Paragraph>
    <Words Start="11" End="11" Block="2" Page="6" />
  </Paragraph>
  <Paragraph>
    <Words Start="0" End="0" Block="3" Page="6" />
  </Paragraph>
  <Paragraph>
    <Words Start="1" End="1" Block="3" Page="6" />
  </Paragraph>
  <Paragraph>
    <Words Start="0" End="0" Block="4" Page="6" />
  </Paragraph>
  <Paragraph>
    <Words Start="1" End="1" Block="4" Page="6" />
  </Paragraph>
  <Paragraph>
    <Words Block="5" Page="6" />
  </Paragraph>
  <Paragraph>
    <Words Block="6" Page="6" />
  </Paragraph>
  <Paragraph>
    <Words Block="7" Page="6" />
  </Paragraph>
</Flow>