﻿<?xml version="1.0" encoding="utf-8"?>
<Flow Name="f2">
  <Paragraph>
    <Words Start="0" End="8" Block="0" Page="7" />
  </Paragraph>
  <Paragraph>
    <Words Start="9" End="13" Block="0" Page="7" />
  </Paragraph>
  <Paragraph>
    <Words Start="14" End="16" Block="0" Page="7" />
  </Paragraph>
  <Paragraph>
    <Words Start="17" End="17" Block="0" Page="7" />
  </Paragraph>
  <Paragraph>
    <Words Start="0" End="15" Block="1" Page="7" />
  </Paragraph>
  <Paragraph>
    <Words Start="16" End="31" Block="1" Page="7" />
  </Paragraph>
  <Paragraph>
    <Words Start="0" End="9" Block="2" Page="7" />
  </Paragraph>
  <Paragraph>
    <Words Start="10" End="10" Block="2" Page="7" />
  </Paragraph>
  <Paragraph>
    <Words Start="0" End="3" Block="3" Page="7" />
  </Paragraph>
  <Paragraph>
    <Words Start="4" End="4" Block="3" Page="7" />
  </Paragraph>
  <Paragraph>
    <Words Start="0" End="3" Block="4" Page="7" />
  </Paragraph>
  <Paragraph>
    <Words Start="4" End="4" Block="4" Page="7" />
  </Paragraph>
  <Paragraph>
    <Words Start="0" End="2" Block="5" Page="7" />
  </Paragraph>
  <Paragraph>
    <Words Start="3" End="32" Block="5" Page="7" />
  </Paragraph>
  <Paragraph>
    <Words Start="33" End="34" Block="5" Page="7" />
  </Paragraph>
  <Paragraph>
    <Words Block="6" Page="7" />
  </Paragraph>
  <Paragraph>
    <Words Block="7" Page="7" />
  </Paragraph>
  <Paragraph>
    <Words Block="8" Page="7" />
  </Paragraph>
  <Paragraph>
    <Words Block="9" Page="7" />
  </Paragraph>
  <Paragraph>
    <Words Block="10" Page="7" />
  </Paragraph>
  <Paragraph>
    <Words Block="11" Page="7" />
  </Paragraph>
  <Paragraph>
    <Words Block="12" Page="7" />
  </Paragraph>
  <Paragraph>
    <Words Block="13" Page="7" />
  </Paragraph>
  <Paragraph>
    <Words Block="14" Page="7" />
  </Paragraph>
  <Paragraph>
    <Words Start="0" End="2" Block="15" Page="7" />
  </Paragraph>
  <Paragraph>
    <Words Start="3" End="3" Block="15" Page="7" />
  </Paragraph>
  <Paragraph>
    <Words Block="16" Page="7" />
  </Paragraph>
  <Paragraph>
    <Words Block="17" Page="7" />
  </Paragraph>
  <Paragraph>
    <Words Block="18" Page="7" />
  </Paragraph>
  <Paragraph>
    <Words Start="0" End="0" Block="19" Page="7" />
  </Paragraph>
  <Paragraph>
    <Words Start="1" End="1" Block="19" Page="7" />
  </Paragraph>
  <Paragraph>
    <Words Block="20" Page="7" />
  </Paragraph>
  <Paragraph>
    <Words Block="0" Page="8" />
  </Paragraph>
  <Paragraph>
    <Words Start="0" End="83" Block="1" Page="8" />
  </Paragraph>
  <Paragraph>
    <Words Start="84" End="124" Block="1" Page="8" />
  </Paragraph>
  <Paragraph>
    <Words Block="0" Page="10" />
  </Paragraph>
</Flow>