﻿<?xml version="1.0" encoding="utf-8"?>
<Flow Name="f7">
  <Paragraph>
    <Words Start="0" End="0" Block="0" Page="48" />
  </Paragraph>
  <Paragraph>
    <Words Start="1" End="1" Block="0" Page="48" />
  </Paragraph>
  <Paragraph>
    <Words Start="0" End="2" Block="1" Page="48" />
  </Paragraph>
  <Paragraph>
    <Words Start="3" End="3" Block="1" Page="48" />
  </Paragraph>
  <Paragraph>
    <Words Start="0" End="8" Block="2" Page="48" />
  </Paragraph>
  <Paragraph>
    <Words Start="9" End="16" Block="2" Page="48" />
  </Paragraph>
  <Paragraph>
    <Words Start="17" End="17" Block="2" Page="48" />
  </Paragraph>
</Flow>