﻿<?xml version="1.0" encoding="utf-8"?>
<Flow Name="f9">
  <Paragraph>
    <Words Start="0" End="1" Block="0" Page="66" />
  </Paragraph>
  <Paragraph>
    <Words Start="2" End="8" Block="0" Page="66" />
  </Paragraph>
  <Paragraph>
    <Words Start="9" End="9" Block="0" Page="66" />
  </Paragraph>
  <Paragraph>
    <Words Block="4" Page="66" />
  </Paragraph>
  <Paragraph>
    <Words Start="0" End="61" Block="0" Page="67" />
  </Paragraph>
  <Paragraph>
    <Words Start="62" End="128" Block="0" Page="67" />
  </Paragraph>
  <Paragraph>
    <Words Start="0" End="3" Block="1" Page="67" />
  </Paragraph>
  <Paragraph>
    <Words Start="4" End="4" Block="1" Page="67" />
  </Paragraph>
  <Paragraph>
    <Words Start="0" End="102" Block="2" Page="67" />
  </Paragraph>
  <Paragraph>
    <Words Start="103" End="115" Block="2" Page="67" />
  </Paragraph>
  <Paragraph>
    <Words Block="5" Page="67" />
  </Paragraph>
  <Paragraph>
    <Words Start="0" End="64" Block="0" Page="68" />
  </Paragraph>
  <Paragraph>
    <Words Start="65" End="66" Block="0" Page="68" />
  </Paragraph>
  <Paragraph>
    <Words Start="67" End="87" Block="0" Page="68" />
  </Paragraph>
  <Paragraph>
    <Words Start="88" End="111" Block="0" Page="68" />
  </Paragraph>
  <Paragraph>
    <Words Start="112" End="132" Block="0" Page="68" />
  </Paragraph>
  <Paragraph>
    <Words Start="133" End="143" Block="0" Page="68" />
  </Paragraph>
  <Paragraph>
    <Words Start="0" End="0" Block="0" Page="69" />
  </Paragraph>
  <Paragraph>
    <Words Start="1" End="141" Block="0" Page="69" />
  </Paragraph>
  <Paragraph>
    <Words Start="142" End="194" Block="0" Page="69" />
  </Paragraph>
  <Paragraph>
    <Words Start="195" End="222" Block="0" Page="69" />
  </Paragraph>
  <Paragraph>
    <Words Start="223" End="308" Block="0" Page="69" />
  </Paragraph>
  <Paragraph>
    <Words Start="309" End="318" Block="0" Page="69" />
  </Paragraph>
  <Paragraph>
    <Words Start="319" End="371" Block="0" Page="69" />
  </Paragraph>
  <Paragraph>
    <Words Start="372" End="388" Block="0" Page="69" />
  </Paragraph>
  <Paragraph>
    <Words Start="389" End="418" Block="0" Page="69" />
  </Paragraph>
  <Paragraph>
    <Words Block="0" Page="70" />
  </Paragraph>
  <Paragraph>
    <Words Block="0" Page="71" />
  </Paragraph>
  <Paragraph>
    <Words Start="0" End="0" Block="0" Page="72" />
  </Paragraph>
  <Paragraph>
    <Words Start="1" End="16" Block="0" Page="72" />
  </Paragraph>
  <Paragraph>
    <Words Start="17" End="158" Block="0" Page="72" />
  </Paragraph>
  <Paragraph>
    <Words Start="159" End="302" Block="0" Page="72" />
  </Paragraph>
  <Paragraph>
    <Words Start="0" End="6" Block="1" Page="72" />
  </Paragraph>
  <Paragraph>
    <Words Start="7" End="7" Block="1" Page="72" />
  </Paragraph>
  <Paragraph>
    <Words Block="2" Page="72" />
  </Paragraph>
  <Paragraph>
    <Words Start="0" End="1" Block="0" Page="73" />
  </Paragraph>
  <Paragraph>
    <Words Start="2" End="2" Block="0" Page="73" />
  </Paragraph>
  <Paragraph>
    <Words Block="1" Page="73" />
    <Words Start="0" End="103" Block="2" Page="73" />
  </Paragraph>
  <Paragraph>
    <Words Start="104" End="171" Block="2" Page="73" />
  </Paragraph>
  <Paragraph>
    <Words Block="3" Page="73" />
  </Paragraph>
  <Paragraph>
    <Words Block="4" Page="73" />
  </Paragraph>
  <Paragraph>
    <Words Block="0" Page="74" />
  </Paragraph>
  <Paragraph>
    <Words Block="0" Page="75" />
    <Words Block="0" Page="76" />
  </Paragraph>
  <Paragraph>
    <Words Block="1" Page="76" />
  </Paragraph>
  <Paragraph>
    <Words Block="2" Page="76" />
  </Paragraph>
  <Paragraph>
    <Words Start="0" End="2" Block="3" Page="76" />
  </Paragraph>
  <Paragraph>
    <Words Start="3" End="4" Block="3" Page="76" />
  </Paragraph>
  <Paragraph>
    <Words Start="5" End="5" Block="3" Page="76" />
  </Paragraph>
  <Paragraph>
    <Words Block="4" Page="76" />
  </Paragraph>
  <Paragraph>
    <Words Block="0" Page="77" />
  </Paragraph>
  <Paragraph>
    <Words Start="0" End="20" Block="0" Page="78" />
  </Paragraph>
  <Paragraph>
    <Words Start="21" End="59" Block="0" Page="78" />
  </Paragraph>
  <Paragraph>
    <Words Start="60" End="104" Block="0" Page="78" />
  </Paragraph>
  <Paragraph>
    <Words Start="105" End="220" Block="0" Page="78" />
  </Paragraph>
  <Paragraph>
    <Words Start="221" End="313" Block="0" Page="78" />
  </Paragraph>
  <Paragraph>
    <Words Start="314" End="340" Block="0" Page="78" />
  </Paragraph>
  <Paragraph>
    <Words Start="341" End="398" Block="0" Page="78" />
  </Paragraph>
  <Paragraph>
    <Words Start="399" End="413" Block="0" Page="78" />
  </Paragraph>
  <Paragraph>
    <Words Start="0" End="2" Block="0" Page="79" />
  </Paragraph>
  <Paragraph>
    <Words Start="3" End="3" Block="0" Page="79" />
  </Paragraph>
  <Paragraph>
    <Words Block="1" Page="79" />
    <Words Start="0" End="116" Block="2" Page="79" />
  </Paragraph>
  <Paragraph>
    <Words Start="117" End="151" Block="2" Page="79" />
  </Paragraph>
  <Paragraph>
    <Words Block="0" Page="80" />
    <Words Block="1" Page="80" />
  </Paragraph>
  <Paragraph>
    <Words Start="0" End="2" Block="0" Page="81" />
  </Paragraph>
  <Paragraph>
    <Words Start="3" End="3" Block="0" Page="81" />
  </Paragraph>
  <Paragraph>
    <Words Block="1" Page="81" />
  </Paragraph>
  <Paragraph>
    <Words Block="2" Page="81" />
  </Paragraph>
  <Paragraph>
    <Words Block="3" Page="81" />
  </Paragraph>
  <Paragraph>
    <Words Block="0" Page="82" />
  </Paragraph>
  <Paragraph>
    <Words Block="1" Page="83" />
  </Paragraph>
  <Paragraph>
    <Words Start="0" End="65" Block="2" Page="83" />
  </Paragraph>
  <Paragraph>
    <Words Start="66" End="164" Block="2" Page="83" />
  </Paragraph>
  <Paragraph>
    <Words Start="165" End="218" Block="2" Page="83" />
  </Paragraph>
  <Paragraph>
    <Words Start="219" End="256" Block="2" Page="83" />
  </Paragraph>
  <Paragraph>
    <Words Block="0" Page="84" />
  </Paragraph>
  <Paragraph>
    <Words Block="1" Page="84" />
  </Paragraph>
  <Paragraph>
    <Words Block="2" Page="84" />
  </Paragraph>
  <Paragraph>
    <Words Start="0" End="0" Block="0" Page="85" />
  </Paragraph>
  <Paragraph>
    <Words Start="1" End="1" Block="0" Page="85" />
  </Paragraph>
  <Paragraph>
    <Words Start="0" End="2" Block="1" Page="85" />
  </Paragraph>
  <Paragraph>
    <Words Start="3" End="3" Block="1" Page="85" />
  </Paragraph>
  <Paragraph>
    <Words Start="0" End="48" Block="2" Page="85" />
  </Paragraph>
  <Paragraph>
    <Words Start="49" End="181" Block="2" Page="85" />
  </Paragraph>
  <Paragraph>
    <Words Start="182" End="185" Block="2" Page="85" />
  </Paragraph>
  <Paragraph>
    <Words Block="3" Page="85" />
  </Paragraph>
  <Paragraph>
    <Words Block="4" Page="85" />
  </Paragraph>
</Flow>