﻿<?xml version="1.0" encoding="utf-8"?>
<Flow Name="f11">
  <Paragraph>
    <Words Start="0" End="5" Block="0" Page="114" />
  </Paragraph>
  <Paragraph>
    <Words Start="6" End="9" Block="0" Page="114" />
  </Paragraph>
  <Paragraph>
    <Words Start="10" End="10" Block="0" Page="114" />
  </Paragraph>
  <Paragraph>
    <Words Start="0" End="30" Block="4" Page="114" />
  </Paragraph>
  <Paragraph>
    <Words Start="31" End="31" Block="4" Page="114" />
  </Paragraph>
  <Paragraph>
    <Words Start="0" End="85" Block="0" Page="115" />
  </Paragraph>
  <Paragraph>
    <Words Start="86" End="122" Block="0" Page="115" />
  </Paragraph>
  <Paragraph>
    <Words Start="123" End="197" Block="0" Page="115" />
  </Paragraph>
  <Paragraph>
    <Words Start="198" End="224" Block="0" Page="115" />
  </Paragraph>
  <Paragraph>
    <Words Start="225" End="237" Block="0" Page="115" />
  </Paragraph>
  <Paragraph>
    <Words Start="238" End="365" Block="0" Page="115" />
  </Paragraph>
  <Paragraph>
    <Words Start="0" End="5" Block="0" Page="116" />
  </Paragraph>
  <Paragraph>
    <Words Start="6" End="6" Block="0" Page="116" />
  </Paragraph>
  <Paragraph>
    <Words Start="0" End="152" Block="1" Page="116" />
  </Paragraph>
  <Paragraph>
    <Words Start="153" End="311" Block="1" Page="116" />
  </Paragraph>
  <Paragraph>
    <Words Start="312" End="337" Block="1" Page="116" />
  </Paragraph>
  <Paragraph>
    <Words Start="0" End="68" Block="0" Page="117" />
  </Paragraph>
  <Paragraph>
    <Words Start="69" End="134" Block="0" Page="117" />
  </Paragraph>
  <Paragraph>
    <Words Start="135" End="214" Block="0" Page="117" />
  </Paragraph>
  <Paragraph>
    <Words Start="215" End="356" Block="0" Page="117" />
  </Paragraph>
  <Paragraph>
    <Words Start="357" End="400" Block="0" Page="117" />
  </Paragraph>
  <Paragraph>
    <Words Block="0" Page="118" />
  </Paragraph>
  <Paragraph>
    <Words Block="1" Page="119" />
    <Words Start="0" End="47" Block="2" Page="119" />
  </Paragraph>
  <Paragraph>
    <Words Start="48" End="84" Block="2" Page="119" />
  </Paragraph>
  <Paragraph>
    <Words Start="0" End="1" Block="3" Page="119" />
  </Paragraph>
  <Paragraph>
    <Words Start="2" End="2" Block="3" Page="119" />
  </Paragraph>
  <Paragraph>
    <Words Start="0" End="57" Block="4" Page="119" />
  </Paragraph>
  <Paragraph>
    <Words Start="58" End="58" Block="4" Page="119" />
  </Paragraph>
  <Paragraph>
    <Words Block="5" Page="119" />
  </Paragraph>
  <Paragraph>
    <Words Block="6" Page="119" />
  </Paragraph>
  <Paragraph>
    <Words Block="0" Page="120" />
    <Words Block="0" Page="121" />
  </Paragraph>
  <Paragraph>
    <Words Block="1" Page="121" />
  </Paragraph>
  <Paragraph>
    <Words Start="0" End="56" Block="2" Page="121" />
  </Paragraph>
  <Paragraph>
    <Words Start="57" End="161" Block="2" Page="121" />
  </Paragraph>
  <Paragraph>
    <Words Start="0" End="2" Block="3" Page="121" />
  </Paragraph>
  <Paragraph>
    <Words Start="3" End="3" Block="3" Page="121" />
  </Paragraph>
  <Paragraph>
    <Words Block="4" Page="121" />
  </Paragraph>
  <Paragraph>
    <Words Block="5" Page="121" />
  </Paragraph>
  <Paragraph>
    <Words Block="0" Page="122" />
  </Paragraph>
  <Paragraph>
    <Words Start="0" End="0" Block="0" Page="123" />
  </Paragraph>
  <Paragraph>
    <Words Start="1" End="1" Block="0" Page="123" />
  </Paragraph>
  <Paragraph>
    <Words Start="0" End="0" Block="1" Page="123" />
  </Paragraph>
  <Paragraph>
    <Words Start="1" End="1" Block="1" Page="123" />
    <Words Block="2" Page="123" />
  </Paragraph>
  <Paragraph>
    <Words Start="0" End="5" Block="0" Page="124" />
  </Paragraph>
  <Paragraph>
    <Words Start="6" End="6" Block="0" Page="124" />
  </Paragraph>
  <Paragraph>
    <Words Block="1" Page="124" />
  </Paragraph>
  <Paragraph>
    <Words Start="0" End="117" Block="2" Page="124" />
  </Paragraph>
  <Paragraph>
    <Words Start="118" End="250" Block="2" Page="124" />
  </Paragraph>
  <Paragraph>
    <Words Start="251" End="304" Block="2" Page="124" />
  </Paragraph>
  <Paragraph>
    <Words Block="0" Page="125" />
    <Words Start="0" End="32" Block="0" Page="126" />
  </Paragraph>
  <Paragraph>
    <Words Start="33" End="111" Block="0" Page="126" />
  </Paragraph>
  <Paragraph>
    <Words Start="112" End="112" Block="0" Page="126" />
  </Paragraph>
  <Paragraph>
    <Words Start="0" End="43" Block="1" Page="126" />
  </Paragraph>
  <Paragraph>
    <Words Start="44" End="108" Block="1" Page="126" />
  </Paragraph>
  <Paragraph>
    <Words Start="109" End="118" Block="1" Page="126" />
  </Paragraph>
  <Paragraph>
    <Words Start="119" End="209" Block="1" Page="126" />
    <Words Start="0" End="20" Block="0" Page="127" />
  </Paragraph>
  <Paragraph>
    <Words Start="21" End="64" Block="0" Page="127" />
  </Paragraph>
  <Paragraph>
    <Words Start="65" End="151" Block="0" Page="127" />
  </Paragraph>
  <Paragraph>
    <Words Start="152" End="238" Block="0" Page="127" />
  </Paragraph>
  <Paragraph>
    <Words Start="239" End="260" Block="0" Page="127" />
  </Paragraph>
  <Paragraph>
    <Words Start="261" End="304" Block="0" Page="127" />
  </Paragraph>
  <Paragraph>
    <Words Start="305" End="360" Block="0" Page="127" />
  </Paragraph>
  <Paragraph>
    <Words Start="361" End="374" Block="0" Page="127" />
    <Words Start="0" End="59" Block="0" Page="128" />
  </Paragraph>
  <Paragraph>
    <Words Start="60" End="112" Block="0" Page="128" />
  </Paragraph>
  <Paragraph>
    <Words Start="113" End="129" Block="0" Page="128" />
  </Paragraph>
  <Paragraph>
    <Words Start="130" End="164" Block="0" Page="128" />
  </Paragraph>
  <Paragraph>
    <Words Start="165" End="223" Block="0" Page="128" />
  </Paragraph>
  <Paragraph>
    <Words Start="224" End="272" Block="0" Page="128" />
  </Paragraph>
  <Paragraph>
    <Words Block="1" Page="128" />
    <Words Start="0" End="58" Block="0" Page="129" />
  </Paragraph>
  <Paragraph>
    <Words Start="59" End="86" Block="0" Page="129" />
  </Paragraph>
  <Paragraph>
    <Words Start="87" End="148" Block="0" Page="129" />
  </Paragraph>
  <Paragraph>
    <Words Start="149" End="225" Block="0" Page="129" />
  </Paragraph>
  <Paragraph>
    <Words Start="226" End="325" Block="0" Page="129" />
  </Paragraph>
  <Paragraph>
    <Words Start="326" End="448" Block="0" Page="129" />
  </Paragraph>
  <Paragraph>
    <Words Block="0" Page="130" />
  </Paragraph>
  <Paragraph>
    <Words Start="0" End="0" Block="0" Page="131" />
  </Paragraph>
  <Paragraph>
    <Words Start="1" End="69" Block="0" Page="131" />
  </Paragraph>
  <Paragraph>
    <Words Start="70" End="147" Block="0" Page="131" />
  </Paragraph>
  <Paragraph>
    <Words Start="148" End="158" Block="0" Page="131" />
  </Paragraph>
  <Paragraph>
    <Words Start="159" End="165" Block="0" Page="131" />
  </Paragraph>
  <Paragraph>
    <Words Start="166" End="179" Block="0" Page="131" />
  </Paragraph>
  <Paragraph>
    <Words Start="180" End="236" Block="0" Page="131" />
  </Paragraph>
  <Paragraph>
    <Words Start="237" End="252" Block="0" Page="131" />
  </Paragraph>
  <Paragraph>
    <Words Start="253" End="287" Block="0" Page="131" />
  </Paragraph>
  <Paragraph>
    <Words Start="288" End="345" Block="0" Page="131" />
  </Paragraph>
  <Paragraph>
    <Words Start="0" End="15" Block="0" Page="132" />
  </Paragraph>
  <Paragraph>
    <Words Start="16" End="100" Block="0" Page="132" />
  </Paragraph>
  <Paragraph>
    <Words Start="101" End="217" Block="0" Page="132" />
  </Paragraph>
  <Paragraph>
    <Words Start="0" End="178" Block="1" Page="132" />
  </Paragraph>
  <Paragraph>
    <Words Start="179" End="202" Block="1" Page="132" />
    <Words Block="0" Page="133" />
  </Paragraph>
  <Paragraph>
    <Words Start="0" End="4" Block="1" Page="133" />
  </Paragraph>
  <Paragraph>
    <Words Start="5" End="5" Block="1" Page="133" />
  </Paragraph>
  <Paragraph>
    <Words Block="2" Page="133" />
  </Paragraph>
  <Paragraph>
    <Words Block="3" Page="133" />
  </Paragraph>
  <Paragraph>
    <Words Start="0" End="138" Block="4" Page="133" />
  </Paragraph>
  <Paragraph>
    <Words Start="139" End="164" Block="4" Page="133" />
  </Paragraph>
  <Paragraph>
    <Words Block="0" Page="134" />
    <Words Block="0" Page="135" />
  </Paragraph>
  <Paragraph>
    <Words Start="0" End="150" Block="1" Page="135" />
  </Paragraph>
  <Paragraph>
    <Words Start="151" End="199" Block="1" Page="135" />
  </Paragraph>
  <Paragraph>
    <Words Start="200" End="258" Block="1" Page="135" />
  </Paragraph>
  <Paragraph>
    <Words Block="1" Page="136" />
  </Paragraph>
  <Paragraph>
    <Words Start="0" End="4" Block="2" Page="136" />
  </Paragraph>
  <Paragraph>
    <Words Start="5" End="5" Block="2" Page="136" />
  </Paragraph>
  <Paragraph>
    <Words Block="3" Page="136" />
  </Paragraph>
  <Paragraph>
    <Words Start="0" End="8" Block="4" Page="136" />
  </Paragraph>
  <Paragraph>
    <Words Start="9" End="9" Block="4" Page="136" />
  </Paragraph>
  <Paragraph>
    <Words Block="5" Page="136" />
  </Paragraph>
  <Paragraph>
    <Words Block="6" Page="136" />
  </Paragraph>
  <Paragraph>
    <Words Start="0" End="4" Block="0" Page="137" />
  </Paragraph>
  <Paragraph>
    <Words Start="5" End="5" Block="0" Page="137" />
  </Paragraph>
  <Paragraph>
    <Words Block="1" Page="137" />
  </Paragraph>
  <Paragraph>
    <Words Start="0" End="8" Block="2" Page="137" />
  </Paragraph>
  <Paragraph>
    <Words Start="9" End="9" Block="2" Page="137" />
  </Paragraph>
  <Paragraph>
    <Words Block="3" Page="137" />
  </Paragraph>
  <Paragraph>
    <Words Start="0" End="118" Block="4" Page="137" />
  </Paragraph>
  <Paragraph>
    <Words Start="119" End="128" Block="4" Page="137" />
  </Paragraph>
  <Paragraph>
    <Words Start="0" End="2" Block="5" Page="137" />
  </Paragraph>
  <Paragraph>
    <Words Start="3" End="3" Block="5" Page="137" />
  </Paragraph>
  <Paragraph>
    <Words Start="0" End="2" Block="6" Page="137" />
  </Paragraph>
  <Paragraph>
    <Words Start="3" End="3" Block="6" Page="137" />
  </Paragraph>
  <Paragraph>
    <Words Start="0" End="2" Block="7" Page="137" />
  </Paragraph>
  <Paragraph>
    <Words Start="3" End="3" Block="7" Page="137" />
  </Paragraph>
  <Paragraph>
    <Words Start="0" End="2" Block="8" Page="137" />
  </Paragraph>
  <Paragraph>
    <Words Start="3" End="3" Block="8" Page="137" />
  </Paragraph>
  <Paragraph>
    <Words Start="0" End="1" Block="9" Page="137" />
  </Paragraph>
  <Paragraph>
    <Words Start="2" End="2" Block="9" Page="137" />
  </Paragraph>
  <Paragraph>
    <Words Start="0" End="1" Block="10" Page="137" />
  </Paragraph>
  <Paragraph>
    <Words Start="2" End="2" Block="10" Page="137" />
  </Paragraph>
  <Paragraph>
    <Words Start="0" End="2" Block="11" Page="137" />
  </Paragraph>
  <Paragraph>
    <Words Start="3" End="3" Block="11" Page="137" />
  </Paragraph>
  <Paragraph>
    <Words Start="0" End="2" Block="12" Page="137" />
  </Paragraph>
  <Paragraph>
    <Words Start="3" End="3" Block="12" Page="137" />
  </Paragraph>
  <Paragraph>
    <Words Block="0" Page="138" />
    <Words Block="1" Page="138" />
  </Paragraph>
  <Paragraph>
    <Words Block="2" Page="138" />
  </Paragraph>
  <Paragraph>
    <Words Block="0" Page="139" />
  </Paragraph>
  <Paragraph>
    <Words Block="1" Page="139" />
  </Paragraph>
  <Paragraph>
    <Words Start="0" End="38" Block="2" Page="139" />
  </Paragraph>
  <Paragraph>
    <Words Start="39" End="142" Block="2" Page="139" />
  </Paragraph>
  <Paragraph>
    <Words Start="143" End="206" Block="2" Page="139" />
  </Paragraph>
  <Paragraph>
    <Words Start="207" End="212" Block="2" Page="139" />
  </Paragraph>
  <Paragraph>
    <Words Start="213" End="217" Block="2" Page="139" />
  </Paragraph>
  <Paragraph>
    <Words Start="0" End="103" Block="0" Page="140" />
  </Paragraph>
  <Paragraph>
    <Words Start="104" End="104" Block="0" Page="140" />
  </Paragraph>
  <Paragraph>
    <Words Block="1" Page="140" />
  </Paragraph>
  <Paragraph>
    <Words Block="2" Page="140" />
  </Paragraph>
  <Paragraph>
    <Words Block="3" Page="140" />
  </Paragraph>
  <Paragraph>
    <Words Block="4" Page="140" />
  </Paragraph>
  <Paragraph>
    <Words Start="0" End="1" Block="0" Page="141" />
  </Paragraph>
  <Paragraph>
    <Words Start="2" End="9" Block="0" Page="141" />
  </Paragraph>
  <Paragraph>
    <Words Start="10" End="10" Block="0" Page="141" />
  </Paragraph>
  <Paragraph>
    <Words Block="1" Page="141" />
  </Paragraph>
  <Paragraph>
    <Words Start="0" End="1" Block="2" Page="141" />
  </Paragraph>
  <Paragraph>
    <Words Start="2" End="2" Block="2" Page="141" />
  </Paragraph>
  <Paragraph>
    <Words Start="0" End="11" Block="3" Page="141" />
  </Paragraph>
  <Paragraph>
    <Words Start="12" End="12" Block="3" Page="141" />
  </Paragraph>
  <Paragraph>
    <Words Start="0" End="1" Block="4" Page="141" />
  </Paragraph>
  <Paragraph>
    <Words Start="2" End="2" Block="4" Page="141" />
  </Paragraph>
  <Paragraph>
    <Words Block="5" Page="141" />
  </Paragraph>
  <Paragraph>
    <Words Start="0" End="1" Block="6" Page="141" />
  </Paragraph>
  <Paragraph>
    <Words Start="2" End="2" Block="6" Page="141" />
  </Paragraph>
  <Paragraph>
    <Words Block="7" Page="141" />
  </Paragraph>
  <Paragraph>
    <Words Start="0" End="1" Block="8" Page="141" />
  </Paragraph>
  <Paragraph>
    <Words Start="2" End="2" Block="8" Page="141" />
  </Paragraph>
  <Paragraph>
    <Words Block="9" Page="141" />
  </Paragraph>
</Flow>