﻿<?xml version="1.0" encoding="utf-8"?>
<Flow Name="f10">
  <Paragraph>
    <Words Start="0" End="1" Block="3" Page="86" />
  </Paragraph>
  <Paragraph>
    <Words Start="2" End="10" Block="3" Page="86" />
  </Paragraph>
  <Paragraph>
    <Words Start="11" End="11" Block="3" Page="86" />
  </Paragraph>
  <Paragraph>
    <Words Block="4" Page="86" />
  </Paragraph>
  <Paragraph>
    <Words Start="0" End="103" Block="0" Page="87" />
  </Paragraph>
  <Paragraph>
    <Words Start="104" End="195" Block="0" Page="87" />
  </Paragraph>
  <Paragraph>
    <Words Start="196" End="282" Block="0" Page="87" />
  </Paragraph>
  <Paragraph>
    <Words Start="283" End="394" Block="0" Page="87" />
  </Paragraph>
  <Paragraph>
    <Words Start="0" End="2" Block="0" Page="88" />
  </Paragraph>
  <Paragraph>
    <Words Start="3" End="3" Block="0" Page="88" />
  </Paragraph>
  <Paragraph>
    <Words Block="1" Page="88" />
    <Words Start="0" End="78" Block="2" Page="88" />
  </Paragraph>
  <Paragraph>
    <Words Start="79" End="215" Block="2" Page="88" />
  </Paragraph>
  <Paragraph>
    <Words Block="3" Page="88" />
  </Paragraph>
  <Paragraph>
    <Words Start="0" End="0" Block="0" Page="89" />
  </Paragraph>
  <Paragraph>
    <Words Start="1" End="60" Block="0" Page="89" />
  </Paragraph>
  <Paragraph>
    <Words Start="61" End="79" Block="0" Page="89" />
  </Paragraph>
  <Paragraph>
    <Words Start="80" End="156" Block="0" Page="89" />
  </Paragraph>
  <Paragraph>
    <Words Start="157" End="229" Block="0" Page="89" />
  </Paragraph>
  <Paragraph>
    <Words Start="230" End="379" Block="0" Page="89" />
  </Paragraph>
  <Paragraph>
    <Words Start="380" End="407" Block="0" Page="89" />
  </Paragraph>
  <Paragraph>
    <Words Start="0" End="20" Block="0" Page="90" />
  </Paragraph>
  <Paragraph>
    <Words Start="21" End="33" Block="0" Page="90" />
  </Paragraph>
  <Paragraph>
    <Words Start="34" End="47" Block="0" Page="90" />
  </Paragraph>
  <Paragraph>
    <Words Start="48" End="166" Block="0" Page="90" />
  </Paragraph>
  <Paragraph>
    <Words Start="167" End="239" Block="0" Page="90" />
    <Words Block="2" Page="90" />
  </Paragraph>
  <Paragraph>
    <Words Block="3" Page="90" />
  </Paragraph>
  <Paragraph>
    <Words Block="1" Page="91" />
    <Words Start="0" End="32" Block="2" Page="91" />
  </Paragraph>
  <Paragraph>
    <Words Start="33" End="36" Block="2" Page="91" />
  </Paragraph>
  <Paragraph>
    <Words Start="37" End="40" Block="2" Page="91" />
  </Paragraph>
  <Paragraph>
    <Words Start="41" End="42" Block="2" Page="91" />
  </Paragraph>
  <Paragraph>
    <Words Start="43" End="86" Block="2" Page="91" />
  </Paragraph>
  <Paragraph>
    <Words Block="3" Page="91" />
  </Paragraph>
  <Paragraph>
    <Words Start="0" End="21" Block="4" Page="91" />
  </Paragraph>
  <Paragraph>
    <Words Start="22" End="63" Block="4" Page="91" />
  </Paragraph>
  <Paragraph>
    <Words Start="64" End="64" Block="4" Page="91" />
  </Paragraph>
  <Paragraph>
    <Words Start="0" End="6" Block="0" Page="92" />
  </Paragraph>
  <Paragraph>
    <Words Start="7" End="7" Block="0" Page="92" />
  </Paragraph>
  <Paragraph>
    <Words Block="1" Page="92" />
    <Words Block="2" Page="92" />
  </Paragraph>
  <Paragraph>
    <Words Block="3" Page="92" />
  </Paragraph>
  <Paragraph>
    <Words Start="0" End="57" Block="4" Page="92" />
  </Paragraph>
  <Paragraph>
    <Words Start="58" End="66" Block="4" Page="92" />
  </Paragraph>
  <Paragraph>
    <Words Start="67" End="80" Block="4" Page="92" />
  </Paragraph>
  <Paragraph>
    <Words Start="81" End="150" Block="4" Page="92" />
  </Paragraph>
  <Paragraph>
    <Words Start="0" End="50" Block="0" Page="93" />
  </Paragraph>
  <Paragraph>
    <Words Start="51" End="63" Block="0" Page="93" />
  </Paragraph>
  <Paragraph>
    <Words Start="64" End="137" Block="0" Page="93" />
  </Paragraph>
  <Paragraph>
    <Words Start="138" End="307" Block="0" Page="93" />
  </Paragraph>
  <Paragraph>
    <Words Start="308" End="339" Block="0" Page="93" />
  </Paragraph>
  <Paragraph>
    <Words Start="340" End="351" Block="0" Page="93" />
  </Paragraph>
  <Paragraph>
    <Words Start="0" End="2" Block="0" Page="94" />
  </Paragraph>
  <Paragraph>
    <Words Start="3" End="3" Block="0" Page="94" />
  </Paragraph>
  <Paragraph>
    <Words Block="1" Page="94" />
    <Words Start="0" End="166" Block="2" Page="94" />
  </Paragraph>
  <Paragraph>
    <Words Start="167" End="255" Block="2" Page="94" />
  </Paragraph>
  <Paragraph>
    <Words Block="1" Page="95" />
    <Words Start="0" End="96" Block="2" Page="95" />
  </Paragraph>
  <Paragraph>
    <Words Start="97" End="208" Block="2" Page="95" />
  </Paragraph>
  <Paragraph>
    <Words Block="0" Page="96" />
  </Paragraph>
  <Paragraph>
    <Words Block="1" Page="97" />
    <Words Start="0" End="10" Block="2" Page="97" />
  </Paragraph>
  <Paragraph>
    <Words Start="11" End="51" Block="2" Page="97" />
  </Paragraph>
  <Paragraph>
    <Words Start="52" End="116" Block="2" Page="97" />
    <Words Start="0" End="74" Block="3" Page="97" />
  </Paragraph>
  <Paragraph>
    <Words Start="75" End="164" Block="3" Page="97" />
  </Paragraph>
  <Paragraph>
    <Words Start="165" End="260" Block="3" Page="97" />
  </Paragraph>
  <Paragraph>
    <Words Start="0" End="0" Block="0" Page="98" />
  </Paragraph>
  <Paragraph>
    <Words Start="1" End="1" Block="0" Page="98" />
  </Paragraph>
  <Paragraph>
    <Words Block="1" Page="98" />
    <Words Block="2" Page="98" />
  </Paragraph>
  <Paragraph>
    <Words Block="3" Page="98" />
  </Paragraph>
  <Paragraph>
    <Words Block="4" Page="98" />
  </Paragraph>
  <Paragraph>
    <Words Block="5" Page="98" />
  </Paragraph>
  <Paragraph>
    <Words Block="6" Page="98" />
  </Paragraph>
  <Paragraph>
    <Words Block="0" Page="99" />
  </Paragraph>
  <Paragraph>
    <Words Start="0" End="7" Block="0" Page="100" />
  </Paragraph>
  <Paragraph>
    <Words Start="8" End="68" Block="0" Page="100" />
  </Paragraph>
  <Paragraph>
    <Words Start="69" End="199" Block="0" Page="100" />
  </Paragraph>
  <Paragraph>
    <Words Start="200" End="248" Block="0" Page="100" />
  </Paragraph>
  <Paragraph>
    <Words Start="249" End="368" Block="0" Page="100" />
  </Paragraph>
  <Paragraph>
    <Words Start="369" End="397" Block="0" Page="100" />
  </Paragraph>
  <Paragraph>
    <Words Start="0" End="102" Block="0" Page="101" />
  </Paragraph>
  <Paragraph>
    <Words Start="103" End="123" Block="0" Page="101" />
  </Paragraph>
  <Paragraph>
    <Words Start="124" End="174" Block="0" Page="101" />
  </Paragraph>
  <Paragraph>
    <Words Start="175" End="190" Block="0" Page="101" />
  </Paragraph>
  <Paragraph>
    <Words Start="191" End="200" Block="0" Page="101" />
  </Paragraph>
  <Paragraph>
    <Words Start="201" End="427" Block="0" Page="101" />
  </Paragraph>
  <Paragraph>
    <Words Block="0" Page="102" />
    <Words Start="0" End="17" Block="0" Page="103" />
  </Paragraph>
  <Paragraph>
    <Words Start="18" End="18" Block="0" Page="103" />
    <Words Block="3" Page="103" />
  </Paragraph>
  <Paragraph>
    <Words Start="0" End="2" Block="4" Page="103" />
  </Paragraph>
  <Paragraph>
    <Words Start="3" End="3" Block="4" Page="103" />
  </Paragraph>
  <Paragraph>
    <Words Start="0" End="25" Block="5" Page="103" />
  </Paragraph>
  <Paragraph>
    <Words Start="26" End="98" Block="5" Page="103" />
  </Paragraph>
  <Paragraph>
    <Words Start="99" End="143" Block="5" Page="103" />
  </Paragraph>
  <Paragraph>
    <Words Start="144" End="210" Block="5" Page="103" />
  </Paragraph>
  <Paragraph>
    <Words Start="211" End="284" Block="5" Page="103" />
  </Paragraph>
  <Paragraph>
    <Words Start="0" End="1" Block="0" Page="104" />
  </Paragraph>
  <Paragraph>
    <Words Start="2" End="2" Block="0" Page="104" />
  </Paragraph>
  <Paragraph>
    <Words Start="0" End="153" Block="1" Page="104" />
  </Paragraph>
  <Paragraph>
    <Words Start="154" End="286" Block="1" Page="104" />
  </Paragraph>
  <Paragraph>
    <Words Start="287" End="409" Block="1" Page="104" />
  </Paragraph>
  <Paragraph>
    <Words Block="2" Page="104" />
  </Paragraph>
  <Paragraph>
    <Words Start="0" End="2" Block="0" Page="105" />
  </Paragraph>
  <Paragraph>
    <Words Start="3" End="3" Block="0" Page="105" />
  </Paragraph>
  <Paragraph>
    <Words Block="1" Page="105" />
    <Words Start="0" End="40" Block="2" Page="105" />
  </Paragraph>
  <Paragraph>
    <Words Start="41" End="189" Block="2" Page="105" />
  </Paragraph>
  <Paragraph>
    <Words Start="190" End="216" Block="2" Page="105" />
  </Paragraph>
  <Paragraph>
    <Words Block="0" Page="106" />
  </Paragraph>
  <Paragraph>
    <Words Start="0" End="2" Block="0" Page="107" />
  </Paragraph>
  <Paragraph>
    <Words Start="3" End="3" Block="0" Page="107" />
  </Paragraph>
  <Paragraph>
    <Words Block="1" Page="107" />
  </Paragraph>
  <Paragraph>
    <Words Block="2" Page="107" />
  </Paragraph>
  <Paragraph>
    <Words Block="3" Page="107" />
  </Paragraph>
  <Paragraph>
    <Words Start="0" End="31" Block="4" Page="107" />
  </Paragraph>
  <Paragraph>
    <Words Start="32" End="32" Block="4" Page="107" />
  </Paragraph>
  <Paragraph>
    <Words Block="5" Page="107" />
  </Paragraph>
  <Paragraph>
    <Words Block="6" Page="107" />
    <Words Block="7" Page="107" />
  </Paragraph>
  <Paragraph>
    <Words Start="0" End="5" Block="8" Page="107" />
  </Paragraph>
  <Paragraph>
    <Words Start="6" End="6" Block="8" Page="107" />
  </Paragraph>
  <Paragraph>
    <Words Block="9" Page="107" />
  </Paragraph>
  <Paragraph>
    <Words Block="0" Page="108" />
  </Paragraph>
  <Paragraph>
    <Words Start="0" End="7" Block="0" Page="109" />
  </Paragraph>
  <Paragraph>
    <Words Start="8" End="8" Block="0" Page="109" />
  </Paragraph>
  <Paragraph>
    <Words Block="1" Page="109" />
    <Words Block="2" Page="109" />
  </Paragraph>
  <Paragraph>
    <Words Block="6" Page="109" />
  </Paragraph>
  <Paragraph>
    <Words Block="7" Page="109" />
  </Paragraph>
  <Paragraph>
    <Words Start="0" End="133" Block="1" Page="110" />
  </Paragraph>
  <Paragraph>
    <Words Start="134" End="181" Block="1" Page="110" />
  </Paragraph>
  <Paragraph>
    <Words Block="2" Page="110" />
  </Paragraph>
  <Paragraph>
    <Words Block="3" Page="110" />
  </Paragraph>
  <Paragraph>
    <Words Block="4" Page="110" />
  </Paragraph>
  <Paragraph>
    <Words Block="5" Page="110" />
  </Paragraph>
  <Paragraph>
    <Words Block="6" Page="110" />
  </Paragraph>
  <Paragraph>
    <Words Start="0" End="34" Block="7" Page="110" />
  </Paragraph>
  <Paragraph>
    <Words Start="35" End="41" Block="7" Page="110" />
  </Paragraph>
  <Paragraph>
    <Words Block="0" Page="111" />
  </Paragraph>
  <Paragraph>
    <Words Start="0" End="1" Block="1" Page="111" />
  </Paragraph>
  <Paragraph>
    <Words Start="2" End="2" Block="1" Page="111" />
  </Paragraph>
  <Paragraph>
    <Words Block="2" Page="111" />
  </Paragraph>
  <Paragraph>
    <Words Block="3" Page="111" />
  </Paragraph>
  <Paragraph>
    <Words Start="0" End="0" Block="4" Page="111" />
  </Paragraph>
  <Paragraph>
    <Words Start="1" End="1" Block="4" Page="111" />
  </Paragraph>
  <Paragraph>
    <Words Block="5" Page="111" />
  </Paragraph>
  <Paragraph>
    <Words Block="6" Page="111" />
  </Paragraph>
  <Paragraph>
    <Words Block="7" Page="111" />
  </Paragraph>
  <Paragraph>
    <Words Block="8" Page="111" />
  </Paragraph>
  <Paragraph>
    <Words Block="9" Page="111" />
  </Paragraph>
  <Paragraph>
    <Words Block="10" Page="111" />
  </Paragraph>
  <Paragraph>
    <Words Block="11" Page="111" />
  </Paragraph>
  <Paragraph>
    <Words Block="12" Page="111" />
  </Paragraph>
  <Paragraph>
    <Words Block="13" Page="111" />
  </Paragraph>
  <Paragraph>
    <Words Block="14" Page="111" />
  </Paragraph>
  <Paragraph>
    <Words Block="15" Page="111" />
  </Paragraph>
  <Paragraph>
    <Words Block="16" Page="111" />
  </Paragraph>
  <Paragraph>
    <Words Block="17" Page="111" />
  </Paragraph>
  <Paragraph>
    <Words Block="18" Page="111" />
  </Paragraph>
  <Paragraph>
    <Words Block="19" Page="111" />
  </Paragraph>
  <Paragraph>
    <Words Block="20" Page="111" />
  </Paragraph>
  <Paragraph>
    <Words Block="21" Page="111" />
  </Paragraph>
  <Paragraph>
    <Words Block="22" Page="111" />
    <Words Start="0" End="66" Block="0" Page="112" />
  </Paragraph>
  <Paragraph>
    <Words Start="67" End="141" Block="0" Page="112" />
  </Paragraph>
  <Paragraph>
    <Words Block="1" Page="112" />
  </Paragraph>
  <Paragraph>
    <Words Block="2" Page="112" />
  </Paragraph>
  <Paragraph>
    <Words Block="0" Page="113" />
  </Paragraph>
  <Paragraph>
    <Words Block="1" Page="113" />
  </Paragraph>
  <Paragraph>
    <Words Block="2" Page="113" />
  </Paragraph>
  <Paragraph>
    <Words Block="3" Page="113" />
  </Paragraph>
  <Paragraph>
    <Words Block="4" Page="113" />
  </Paragraph>
  <Paragraph>
    <Words Block="5" Page="113" />
  </Paragraph>
  <Paragraph>
    <Words Start="0" End="0" Block="6" Page="113" />
  </Paragraph>
  <Paragraph>
    <Words Start="1" End="1" Block="6" Page="113" />
  </Paragraph>
  <Paragraph>
    <Words Block="7" Page="113" />
  </Paragraph>
  <Paragraph>
    <Words Block="8" Page="113" />
  </Paragraph>
  <Paragraph>
    <Words Block="9" Page="113" />
  </Paragraph>
  <Paragraph>
    <Words Block="10" Page="113" />
  </Paragraph>
  <Paragraph>
    <Words Block="11" Page="113" />
  </Paragraph>
  <Paragraph>
    <Words Start="0" End="1" Block="12" Page="113" />
  </Paragraph>
  <Paragraph>
    <Words Start="2" End="2" Block="12" Page="113" />
  </Paragraph>
  <Paragraph>
    <Words Block="13" Page="113" />
  </Paragraph>
  <Paragraph>
    <Words Block="14" Page="113" />
  </Paragraph>
  <Paragraph>
    <Words Block="15" Page="113" />
  </Paragraph>
  <Paragraph>
    <Words Block="16" Page="113" />
  </Paragraph>
  <Paragraph>
    <Words Block="17" Page="113" />
  </Paragraph>
</Flow>