﻿<?xml version="1.0" encoding="utf-8"?>
<Flow Name="f23">
  <Paragraph>
    <Words Start="0" End="0" Block="0" Page="340" />
  </Paragraph>
  <Paragraph>
    <Words Start="1" End="1" Block="0" Page="340" />
  </Paragraph>
  <Paragraph>
    <Words Start="0" End="7" Block="1" Page="340" />
  </Paragraph>
  <Paragraph>
    <Words Start="8" End="8" Block="1" Page="340" />
  </Paragraph>
  <Paragraph>
    <Words Block="5" Page="340" />
  </Paragraph>
  <Paragraph>
    <Words Start="0" End="77" Block="0" Page="341" />
  </Paragraph>
  <Paragraph>
    <Words Start="78" End="155" Block="0" Page="341" />
  </Paragraph>
  <Paragraph>
    <Words Start="156" End="387" Block="0" Page="341" />
  </Paragraph>
  <Paragraph>
    <Words Start="388" End="388" Block="0" Page="341" />
  </Paragraph>
  <Paragraph>
    <Words Start="0" End="16" Block="0" Page="342" />
  </Paragraph>
  <Paragraph>
    <Words Start="17" End="27" Block="0" Page="342" />
  </Paragraph>
  <Paragraph>
    <Words Start="28" End="38" Block="0" Page="342" />
  </Paragraph>
  <Paragraph>
    <Words Start="39" End="61" Block="0" Page="342" />
  </Paragraph>
  <Paragraph>
    <Words Start="62" End="77" Block="0" Page="342" />
  </Paragraph>
  <Paragraph>
    <Words Start="78" End="116" Block="0" Page="342" />
  </Paragraph>
  <Paragraph>
    <Words Start="117" End="137" Block="0" Page="342" />
  </Paragraph>
  <Paragraph>
    <Words Start="138" End="152" Block="0" Page="342" />
  </Paragraph>
  <Paragraph>
    <Words Start="153" End="197" Block="0" Page="342" />
  </Paragraph>
  <Paragraph>
    <Words Start="198" End="206" Block="0" Page="342" />
  </Paragraph>
  <Paragraph>
    <Words Start="207" End="209" Block="0" Page="342" />
  </Paragraph>
  <Paragraph>
    <Words Start="210" End="220" Block="0" Page="342" />
  </Paragraph>
  <Paragraph>
    <Words Start="221" End="235" Block="0" Page="342" />
  </Paragraph>
  <Paragraph>
    <Words Start="236" End="252" Block="0" Page="342" />
  </Paragraph>
  <Paragraph>
    <Words Start="253" End="391" Block="0" Page="342" />
  </Paragraph>
  <Paragraph>
    <Words Block="0" Page="343" />
  </Paragraph>
  <Paragraph>
    <Words Start="0" End="0" Block="0" Page="344" />
  </Paragraph>
  <Paragraph>
    <Words Start="1" End="20" Block="0" Page="344" />
  </Paragraph>
  <Paragraph>
    <Words Start="21" End="75" Block="0" Page="344" />
  </Paragraph>
  <Paragraph>
    <Words Start="76" End="128" Block="0" Page="344" />
  </Paragraph>
  <Paragraph>
    <Words Start="129" End="158" Block="0" Page="344" />
  </Paragraph>
  <Paragraph>
    <Words Start="159" End="414" Block="0" Page="344" />
  </Paragraph>
  <Paragraph>
    <Words Block="1" Page="345" />
    <Words Block="2" Page="345" />
    <Words Block="3" Page="345" />
    <Words Block="4" Page="345" />
    <Words Block="5" Page="345" />
    <Words Block="6" Page="345" />
  </Paragraph>
  <Paragraph>
    <Words Block="7" Page="345" />
  </Paragraph>
  <Paragraph>
    <Words Block="8" Page="345" />
  </Paragraph>
  <Paragraph>
    <Words Block="0" Page="346" />
  </Paragraph>
  <Paragraph>
    <Words Block="1" Page="347" />
    <Words Start="0" End="3" Block="2" Page="347" />
  </Paragraph>
  <Paragraph>
    <Words Start="4" End="132" Block="2" Page="347" />
  </Paragraph>
  <Paragraph>
    <Words Start="133" End="239" Block="2" Page="347" />
  </Paragraph>
  <Paragraph>
    <Words Start="240" End="274" Block="2" Page="347" />
  </Paragraph>
  <Paragraph>
    <Words Block="0" Page="348" />
  </Paragraph>
  <Paragraph>
    <Words Start="0" End="180" Block="0" Page="349" />
  </Paragraph>
  <Paragraph>
    <Words Start="181" End="298" Block="0" Page="349" />
  </Paragraph>
  <Paragraph>
    <Words Block="1" Page="349" />
  </Paragraph>
  <Paragraph>
    <Words Block="1" Page="350" />
  </Paragraph>
  <Paragraph>
    <Words Start="0" End="146" Block="2" Page="350" />
  </Paragraph>
  <Paragraph>
    <Words Start="147" End="295" Block="2" Page="350" />
  </Paragraph>
  <Paragraph>
    <Words Block="3" Page="350" />
  </Paragraph>
  <Paragraph>
    <Words Start="0" End="80" Block="0" Page="351" />
  </Paragraph>
  <Paragraph>
    <Words Start="81" End="130" Block="0" Page="351" />
  </Paragraph>
  <Paragraph>
    <Words Start="131" End="209" Block="0" Page="351" />
  </Paragraph>
  <Paragraph>
    <Words Start="210" End="242" Block="0" Page="351" />
  </Paragraph>
  <Paragraph>
    <Words Start="243" End="415" Block="0" Page="351" />
  </Paragraph>
  <Paragraph>
    <Words Start="416" End="460" Block="0" Page="351" />
  </Paragraph>
  <Paragraph>
    <Words Block="1" Page="351" />
    <Words Block="0" Page="352" />
  </Paragraph>
</Flow>