﻿<?xml version="1.0" encoding="utf-8"?>
<Flow Name="f6">
  <Paragraph>
    <Words Start="0" End="1" Block="3" Page="40" />
  </Paragraph>
  <Paragraph>
    <Words Start="2" End="11" Block="3" Page="40" />
  </Paragraph>
  <Paragraph>
    <Words Start="12" End="12" Block="3" Page="40" />
  </Paragraph>
  <Paragraph>
    <Words Block="4" Page="40" />
  </Paragraph>
  <Paragraph>
    <Words Start="0" End="26" Block="0" Page="41" />
  </Paragraph>
  <Paragraph>
    <Words Start="27" End="35" Block="0" Page="41" />
  </Paragraph>
  <Paragraph>
    <Words Start="36" End="128" Block="0" Page="41" />
  </Paragraph>
  <Paragraph>
    <Words Start="129" End="199" Block="0" Page="41" />
  </Paragraph>
  <Paragraph>
    <Words Start="200" End="254" Block="0" Page="41" />
  </Paragraph>
  <Paragraph>
    <Words Start="255" End="334" Block="0" Page="41" />
  </Paragraph>
  <Paragraph>
    <Words Start="0" End="4" Block="0" Page="42" />
  </Paragraph>
  <Paragraph>
    <Words Start="5" End="5" Block="0" Page="42" />
  </Paragraph>
  <Paragraph>
    <Words Start="0" End="240" Block="1" Page="42" />
  </Paragraph>
  <Paragraph>
    <Words Start="241" End="377" Block="1" Page="42" />
    <Words Start="0" End="47" Block="2" Page="42" />
  </Paragraph>
  <Paragraph>
    <Words Start="48" End="111" Block="2" Page="42" />
  </Paragraph>
  <Paragraph>
    <Words Start="0" End="1" Block="3" Page="42" />
  </Paragraph>
  <Paragraph>
    <Words Start="2" End="2" Block="3" Page="42" />
  </Paragraph>
  <Paragraph>
    <Words Start="0" End="65" Block="0" Page="43" />
  </Paragraph>
  <Paragraph>
    <Words Start="66" End="148" Block="0" Page="43" />
  </Paragraph>
  <Paragraph>
    <Words Start="149" End="191" Block="0" Page="43" />
  </Paragraph>
  <Paragraph>
    <Words Start="192" End="233" Block="0" Page="43" />
  </Paragraph>
  <Paragraph>
    <Words Start="234" End="256" Block="0" Page="43" />
  </Paragraph>
  <Paragraph>
    <Words Start="257" End="299" Block="0" Page="43" />
  </Paragraph>
  <Paragraph>
    <Words Start="300" End="360" Block="0" Page="43" />
  </Paragraph>
  <Paragraph>
    <Words Start="361" End="395" Block="0" Page="43" />
  </Paragraph>
  <Paragraph>
    <Words Start="396" End="418" Block="0" Page="43" />
  </Paragraph>
  <Paragraph>
    <Words Start="0" End="18" Block="0" Page="44" />
  </Paragraph>
  <Paragraph>
    <Words Start="19" End="30" Block="0" Page="44" />
  </Paragraph>
  <Paragraph>
    <Words Start="31" End="146" Block="0" Page="44" />
  </Paragraph>
  <Paragraph>
    <Words Start="147" End="238" Block="0" Page="44" />
  </Paragraph>
  <Paragraph>
    <Words Start="239" End="417" Block="0" Page="44" />
  </Paragraph>
  <Paragraph>
    <Words Start="0" End="1" Block="1" Page="44" />
  </Paragraph>
  <Paragraph>
    <Words Start="2" End="2" Block="1" Page="44" />
  </Paragraph>
  <Paragraph>
    <Words Start="0" End="79" Block="1" Page="45" />
  </Paragraph>
  <Paragraph>
    <Words Start="80" End="140" Block="1" Page="45" />
  </Paragraph>
  <Paragraph>
    <Words Start="141" End="179" Block="1" Page="45" />
  </Paragraph>
  <Paragraph>
    <Words Start="180" End="204" Block="1" Page="45" />
    <Words Start="0" End="13" Block="2" Page="45" />
  </Paragraph>
  <Paragraph>
    <Words Start="14" End="60" Block="2" Page="45" />
  </Paragraph>
  <Paragraph>
    <Words Start="0" End="41" Block="3" Page="45" />
  </Paragraph>
  <Paragraph>
    <Words Start="42" End="42" Block="3" Page="45" />
  </Paragraph>
  <Paragraph>
    <Words Block="4" Page="45" />
    <Words Block="0" Page="46" />
  </Paragraph>
  <Paragraph>
    <Words Block="1" Page="46" />
  </Paragraph>
  <Paragraph>
    <Words Start="0" End="0" Block="2" Page="46" />
  </Paragraph>
  <Paragraph>
    <Words Start="1" End="1" Block="2" Page="46" />
  </Paragraph>
  <Paragraph>
    <Words Start="0" End="1" Block="3" Page="46" />
  </Paragraph>
  <Paragraph>
    <Words Start="2" End="2" Block="3" Page="46" />
  </Paragraph>
  <Paragraph>
    <Words Block="4" Page="46" />
  </Paragraph>
  <Paragraph>
    <Words Start="0" End="1" Block="5" Page="46" />
  </Paragraph>
  <Paragraph>
    <Words Start="2" End="2" Block="5" Page="46" />
  </Paragraph>
  <Paragraph>
    <Words Start="0" End="0" Block="0" Page="47" />
  </Paragraph>
  <Paragraph>
    <Words Start="1" End="1" Block="0" Page="47" />
  </Paragraph>
  <Paragraph>
    <Words Start="0" End="6" Block="1" Page="47" />
  </Paragraph>
  <Paragraph>
    <Words Start="7" End="10" Block="1" Page="47" />
  </Paragraph>
  <Paragraph>
    <Words Start="11" End="11" Block="1" Page="47" />
  </Paragraph>
  <Paragraph>
    <Words Start="0" End="140" Block="2" Page="47" />
  </Paragraph>
  <Paragraph>
    <Words Start="141" End="252" Block="2" Page="47" />
  </Paragraph>
</Flow>