﻿<?xml version="1.0" encoding="utf-8"?>
<Flow Name="f4">
  <Paragraph>
    <Words Start="0" End="0" Block="0" Page="16" />
  </Paragraph>
  <Paragraph>
    <Words Start="1" End="1" Block="0" Page="16" />
  </Paragraph>
  <Paragraph>
    <Words Start="0" End="2" Block="1" Page="16" />
  </Paragraph>
  <Paragraph>
    <Words Start="3" End="3" Block="1" Page="16" />
  </Paragraph>
  <Paragraph>
    <Words Start="0" End="6" Block="2" Page="16" />
  </Paragraph>
  <Paragraph>
    <Words Start="7" End="7" Block="2" Page="16" />
  </Paragraph>
</Flow>