﻿<?xml version="1.0" encoding="utf-8"?>
<Flow Name="f5">
  <Paragraph>
    <Words Start="0" End="3" Block="0" Page="18" />
  </Paragraph>
  <Paragraph>
    <Words Start="4" End="4" Block="0" Page="18" />
  </Paragraph>
  <Paragraph>
    <Words Start="0" End="2" Block="1" Page="18" />
  </Paragraph>
  <Paragraph>
    <Words Start="3" End="3" Block="1" Page="18" />
  </Paragraph>
  <Paragraph>
    <Words Start="0" End="102" Block="2" Page="18" />
  </Paragraph>
  <Paragraph>
    <Words Start="103" End="113" Block="2" Page="18" />
  </Paragraph>
  <Paragraph>
    <Words Start="114" End="118" Block="2" Page="18" />
  </Paragraph>
  <Paragraph>
    <Words Start="119" End="199" Block="2" Page="18" />
  </Paragraph>
  <Paragraph>
    <Words Start="200" End="218" Block="2" Page="18" />
    <Words Start="0" End="96" Block="0" Page="19" />
  </Paragraph>
  <Paragraph>
    <Words Start="97" End="259" Block="0" Page="19" />
  </Paragraph>
  <Paragraph>
    <Words Start="260" End="409" Block="0" Page="19" />
  </Paragraph>
  <Paragraph>
    <Words Start="410" End="429" Block="0" Page="19" />
  </Paragraph>
  <Paragraph>
    <Words Start="430" End="444" Block="0" Page="19" />
  </Paragraph>
  <Paragraph>
    <Words Block="0" Page="20" />
  </Paragraph>
  <Paragraph>
    <Words Block="1" Page="20" />
  </Paragraph>
  <Paragraph>
    <Words Block="2" Page="20" />
  </Paragraph>
  <Paragraph>
    <Words Block="3" Page="20" />
  </Paragraph>
  <Paragraph>
    <Words Block="4" Page="20" />
  </Paragraph>
  <Paragraph>
    <Words Start="0" End="30" Block="0" Page="21" />
  </Paragraph>
  <Paragraph>
    <Words Start="31" End="120" Block="0" Page="21" />
  </Paragraph>
  <Paragraph>
    <Words Start="0" End="62" Block="1" Page="21" />
  </Paragraph>
  <Paragraph>
    <Words Start="63" End="70" Block="1" Page="21" />
  </Paragraph>
  <Paragraph>
    <Words Block="2" Page="21" />
  </Paragraph>
  <Paragraph>
    <Words Start="0" End="67" Block="3" Page="21" />
  </Paragraph>
  <Paragraph>
    <Words Start="68" End="68" Block="3" Page="21" />
  </Paragraph>
  <Paragraph>
    <Words Block="0" Page="22" />
  </Paragraph>
  <Paragraph>
    <Words Block="1" Page="22" />
  </Paragraph>
  <Paragraph>
    <Words Start="0" End="30" Block="2" Page="22" />
  </Paragraph>
  <Paragraph>
    <Words Start="31" End="106" Block="2" Page="22" />
  </Paragraph>
  <Paragraph>
    <Words Start="0" End="4" Block="3" Page="22" />
  </Paragraph>
  <Paragraph>
    <Words Start="5" End="5" Block="3" Page="22" />
  </Paragraph>
  <Paragraph>
    <Words Block="4" Page="22" />
  </Paragraph>
  <Paragraph>
    <Words Start="0" End="105" Block="0" Page="23" />
  </Paragraph>
  <Paragraph>
    <Words Start="106" End="125" Block="0" Page="23" />
  </Paragraph>
  <Paragraph>
    <Words Start="126" End="343" Block="0" Page="23" />
  </Paragraph>
  <Paragraph>
    <Words Start="0" End="5" Block="1" Page="23" />
  </Paragraph>
  <Paragraph>
    <Words Start="6" End="6" Block="1" Page="23" />
  </Paragraph>
  <Paragraph>
    <Words Block="2" Page="23" />
  </Paragraph>
  <Paragraph>
    <Words Start="0" End="21" Block="0" Page="24" />
  </Paragraph>
  <Paragraph>
    <Words Start="22" End="142" Block="0" Page="24" />
  </Paragraph>
  <Paragraph>
    <Words Start="143" End="219" Block="0" Page="24" />
  </Paragraph>
  <Paragraph>
    <Words Start="220" End="294" Block="0" Page="24" />
  </Paragraph>
  <Paragraph>
    <Words Start="295" End="391" Block="0" Page="24" />
  </Paragraph>
  <Paragraph>
    <Words Start="0" End="3" Block="0" Page="25" />
  </Paragraph>
  <Paragraph>
    <Words Start="4" End="4" Block="0" Page="25" />
  </Paragraph>
  <Paragraph>
    <Words Start="0" End="156" Block="1" Page="25" />
  </Paragraph>
  <Paragraph>
    <Words Start="157" End="247" Block="1" Page="25" />
  </Paragraph>
  <Paragraph>
    <Words Start="0" End="4" Block="2" Page="25" />
  </Paragraph>
  <Paragraph>
    <Words Start="5" End="5" Block="2" Page="25" />
  </Paragraph>
  <Paragraph>
    <Words Block="3" Page="25" />
  </Paragraph>
  <Paragraph>
    <Words Start="0" End="0" Block="0" Page="26" />
  </Paragraph>
  <Paragraph>
    <Words Start="1" End="1" Block="0" Page="26" />
  </Paragraph>
  <Paragraph>
    <Words Start="0" End="2" Block="1" Page="26" />
  </Paragraph>
  <Paragraph>
    <Words Start="3" End="3" Block="1" Page="26" />
  </Paragraph>
  <Paragraph>
    <Words Block="2" Page="26" />
  </Paragraph>
  <Paragraph>
    <Words Start="0" End="3" Block="3" Page="26" />
  </Paragraph>
  <Paragraph>
    <Words Start="4" End="4" Block="3" Page="26" />
  </Paragraph>
  <Paragraph>
    <Words Start="0" End="21" Block="4" Page="26" />
  </Paragraph>
  <Paragraph>
    <Words Start="22" End="43" Block="4" Page="26" />
  </Paragraph>
  <Paragraph>
    <Words Start="44" End="157" Block="4" Page="26" />
  </Paragraph>
  <Paragraph>
    <Words Start="158" End="158" Block="4" Page="26" />
    <Words Start="0" End="52" Block="5" Page="26" />
  </Paragraph>
  <Paragraph>
    <Words Start="53" End="123" Block="5" Page="26" />
  </Paragraph>
  <Paragraph>
    <Words Start="124" End="124" Block="5" Page="26" />
    <Words Start="0" End="78" Block="0" Page="27" />
  </Paragraph>
  <Paragraph>
    <Words Start="79" End="161" Block="0" Page="27" />
  </Paragraph>
  <Paragraph>
    <Words Start="0" End="8" Block="1" Page="27" />
  </Paragraph>
  <Paragraph>
    <Words Start="9" End="9" Block="1" Page="27" />
  </Paragraph>
  <Paragraph>
    <Words Block="2" Page="27" />
  </Paragraph>
  <Paragraph>
    <Words Start="0" End="97" Block="0" Page="28" />
  </Paragraph>
  <Paragraph>
    <Words Start="98" End="202" Block="0" Page="28" />
  </Paragraph>
  <Paragraph>
    <Words Start="203" End="274" Block="0" Page="28" />
    <Words Block="0" Page="29" />
  </Paragraph>
  <Paragraph>
    <Words Start="0" End="3" Block="1" Page="29" />
  </Paragraph>
  <Paragraph>
    <Words Start="4" End="4" Block="1" Page="29" />
  </Paragraph>
  <Paragraph>
    <Words Start="0" End="78" Block="2" Page="29" />
  </Paragraph>
  <Paragraph>
    <Words Start="79" End="202" Block="2" Page="29" />
  </Paragraph>
  <Paragraph>
    <Words Start="0" End="3" Block="3" Page="29" />
  </Paragraph>
  <Paragraph>
    <Words Start="4" End="4" Block="3" Page="29" />
  </Paragraph>
  <Paragraph>
    <Words Block="4" Page="29" />
    <Words Block="0" Page="30" />
  </Paragraph>
  <Paragraph>
    <Words Start="0" End="2" Block="1" Page="30" />
  </Paragraph>
  <Paragraph>
    <Words Start="3" End="3" Block="1" Page="30" />
  </Paragraph>
  <Paragraph>
    <Words Block="2" Page="30" />
  </Paragraph>
  <Paragraph>
    <Words Start="0" End="4" Block="0" Page="31" />
  </Paragraph>
  <Paragraph>
    <Words Start="5" End="5" Block="0" Page="31" />
  </Paragraph>
  <Paragraph>
    <Words Start="0" End="109" Block="1" Page="31" />
  </Paragraph>
  <Paragraph>
    <Words Start="110" End="261" Block="1" Page="31" />
  </Paragraph>
  <Paragraph>
    <Words Start="262" End="329" Block="1" Page="31" />
  </Paragraph>
  <Paragraph>
    <Words Start="330" End="369" Block="1" Page="31" />
  </Paragraph>
  <Paragraph>
    <Words Start="370" End="372" Block="1" Page="31" />
  </Paragraph>
  <Paragraph>
    <Words Start="0" End="2" Block="0" Page="32" />
  </Paragraph>
  <Paragraph>
    <Words Start="3" End="3" Block="0" Page="32" />
  </Paragraph>
  <Paragraph>
    <Words Start="0" End="10" Block="1" Page="32" />
  </Paragraph>
  <Paragraph>
    <Words Start="11" End="11" Block="1" Page="32" />
  </Paragraph>
  <Paragraph>
    <Words Block="2" Page="32" />
  </Paragraph>
  <Paragraph>
    <Words Block="3" Page="32" />
  </Paragraph>
  <Paragraph>
    <Words Start="0" End="18" Block="4" Page="32" />
  </Paragraph>
  <Paragraph>
    <Words Start="19" End="31" Block="4" Page="32" />
  </Paragraph>
  <Paragraph>
    <Words Start="32" End="44" Block="4" Page="32" />
  </Paragraph>
  <Paragraph>
    <Words Block="5" Page="32" />
  </Paragraph>
  <Paragraph>
    <Words Start="0" End="6" Block="6" Page="32" />
  </Paragraph>
  <Paragraph>
    <Words Start="7" End="31" Block="6" Page="32" />
  </Paragraph>
  <Paragraph>
    <Words Start="32" End="48" Block="6" Page="32" />
  </Paragraph>
  <Paragraph>
    <Words Start="49" End="49" Block="6" Page="32" />
  </Paragraph>
  <Paragraph>
    <Words Block="0" Page="33" />
  </Paragraph>
  <Paragraph>
    <Words Block="1" Page="33" />
  </Paragraph>
  <Paragraph>
    <Words Block="2" Page="33" />
  </Paragraph>
  <Paragraph>
    <Words Block="3" Page="33" />
  </Paragraph>
  <Paragraph>
    <Words Block="4" Page="33" />
  </Paragraph>
  <Paragraph>
    <Words Start="0" End="13" Block="5" Page="33" />
  </Paragraph>
  <Paragraph>
    <Words Start="14" End="28" Block="5" Page="33" />
  </Paragraph>
  <Paragraph>
    <Words Start="29" End="38" Block="5" Page="33" />
  </Paragraph>
  <Paragraph>
    <Words Start="0" End="20" Block="6" Page="33" />
  </Paragraph>
  <Paragraph>
    <Words Start="21" End="26" Block="6" Page="33" />
  </Paragraph>
  <Paragraph>
    <Words Start="27" End="30" Block="6" Page="33" />
  </Paragraph>
  <Paragraph>
    <Words Start="0" End="2" Block="7" Page="33" />
  </Paragraph>
  <Paragraph>
    <Words Start="3" End="20" Block="7" Page="33" />
  </Paragraph>
  <Paragraph>
    <Words Start="21" End="40" Block="7" Page="33" />
  </Paragraph>
  <Paragraph>
    <Words Start="0" End="2" Block="8" Page="33" />
  </Paragraph>
  <Paragraph>
    <Words Start="3" End="23" Block="8" Page="33" />
  </Paragraph>
  <Paragraph>
    <Words Start="24" End="45" Block="8" Page="33" />
  </Paragraph>
  <Paragraph>
    <Words Start="0" End="11" Block="9" Page="33" />
  </Paragraph>
  <Paragraph>
    <Words Start="12" End="14" Block="9" Page="33" />
  </Paragraph>
  <Paragraph>
    <Words Start="15" End="26" Block="9" Page="33" />
  </Paragraph>
  <Paragraph>
    <Words Block="0" Page="34" />
  </Paragraph>
  <Paragraph>
    <Words Start="0" End="9" Block="1" Page="34" />
  </Paragraph>
  <Paragraph>
    <Words Start="10" End="30" Block="1" Page="34" />
  </Paragraph>
  <Paragraph>
    <Words Start="31" End="51" Block="1" Page="34" />
  </Paragraph>
  <Paragraph>
    <Words Block="2" Page="34" />
  </Paragraph>
  <Paragraph>
    <Words Start="0" End="13" Block="3" Page="34" />
  </Paragraph>
  <Paragraph>
    <Words Start="14" End="21" Block="3" Page="34" />
  </Paragraph>
  <Paragraph>
    <Words Start="22" End="39" Block="3" Page="34" />
  </Paragraph>
  <Paragraph>
    <Words Start="0" End="10" Block="4" Page="34" />
  </Paragraph>
  <Paragraph>
    <Words Start="11" End="18" Block="4" Page="34" />
  </Paragraph>
  <Paragraph>
    <Words Start="19" End="31" Block="4" Page="34" />
  </Paragraph>
  <Paragraph>
    <Words Start="0" End="14" Block="5" Page="34" />
  </Paragraph>
  <Paragraph>
    <Words Start="15" End="27" Block="5" Page="34" />
  </Paragraph>
  <Paragraph>
    <Words Start="28" End="36" Block="5" Page="34" />
  </Paragraph>
  <Paragraph>
    <Words Start="0" End="8" Block="6" Page="34" />
  </Paragraph>
  <Paragraph>
    <Words Start="9" End="11" Block="6" Page="34" />
  </Paragraph>
  <Paragraph>
    <Words Start="12" End="14" Block="6" Page="34" />
  </Paragraph>
  <Paragraph>
    <Words Start="15" End="15" Block="6" Page="34" />
  </Paragraph>
  <Paragraph>
    <Words Start="0" End="16" Block="0" Page="35" />
  </Paragraph>
  <Paragraph>
    <Words Start="17" End="20" Block="0" Page="35" />
  </Paragraph>
  <Paragraph>
    <Words Start="21" End="37" Block="0" Page="35" />
  </Paragraph>
  <Paragraph>
    <Words Start="0" End="14" Block="1" Page="35" />
  </Paragraph>
  <Paragraph>
    <Words Start="15" End="17" Block="1" Page="35" />
  </Paragraph>
  <Paragraph>
    <Words Start="18" End="22" Block="1" Page="35" />
  </Paragraph>
  <Paragraph>
    <Words Start="0" End="13" Block="2" Page="35" />
  </Paragraph>
  <Paragraph>
    <Words Start="14" End="19" Block="2" Page="35" />
  </Paragraph>
  <Paragraph>
    <Words Start="20" End="37" Block="2" Page="35" />
  </Paragraph>
  <Paragraph>
    <Words Start="0" End="8" Block="3" Page="35" />
  </Paragraph>
  <Paragraph>
    <Words Start="9" End="19" Block="3" Page="35" />
  </Paragraph>
  <Paragraph>
    <Words Start="20" End="35" Block="3" Page="35" />
  </Paragraph>
  <Paragraph>
    <Words Start="36" End="36" Block="3" Page="35" />
  </Paragraph>
  <Paragraph>
    <Words Block="4" Page="35" />
  </Paragraph>
  <Paragraph>
    <Words Start="0" End="4" Block="5" Page="35" />
  </Paragraph>
  <Paragraph>
    <Words Start="5" End="19" Block="5" Page="35" />
  </Paragraph>
  <Paragraph>
    <Words Start="20" End="29" Block="5" Page="35" />
  </Paragraph>
  <Paragraph>
    <Words Start="0" End="11" Block="0" Page="36" />
  </Paragraph>
  <Paragraph>
    <Words Start="12" End="19" Block="0" Page="36" />
  </Paragraph>
  <Paragraph>
    <Words Start="20" End="20" Block="0" Page="36" />
  </Paragraph>
  <Paragraph>
    <Words Start="21" End="33" Block="0" Page="36" />
  </Paragraph>
  <Paragraph>
    <Words Start="0" End="17" Block="1" Page="36" />
  </Paragraph>
  <Paragraph>
    <Words Start="18" End="23" Block="1" Page="36" />
  </Paragraph>
  <Paragraph>
    <Words Start="24" End="30" Block="1" Page="36" />
  </Paragraph>
  <Paragraph>
    <Words Start="0" End="4" Block="2" Page="36" />
  </Paragraph>
  <Paragraph>
    <Words Start="5" End="21" Block="2" Page="36" />
  </Paragraph>
  <Paragraph>
    <Words Start="22" End="39" Block="2" Page="36" />
  </Paragraph>
  <Paragraph>
    <Words Start="0" End="11" Block="3" Page="36" />
  </Paragraph>
  <Paragraph>
    <Words Start="12" End="24" Block="3" Page="36" />
  </Paragraph>
  <Paragraph>
    <Words Start="25" End="35" Block="3" Page="36" />
  </Paragraph>
  <Paragraph>
    <Words Start="0" End="6" Block="4" Page="36" />
  </Paragraph>
  <Paragraph>
    <Words Start="7" End="17" Block="4" Page="36" />
  </Paragraph>
  <Paragraph>
    <Words Start="18" End="33" Block="4" Page="36" />
  </Paragraph>
  <Paragraph>
    <Words Start="0" End="14" Block="0" Page="37" />
  </Paragraph>
  <Paragraph>
    <Words Start="15" End="17" Block="0" Page="37" />
  </Paragraph>
  <Paragraph>
    <Words Start="18" End="20" Block="0" Page="37" />
  </Paragraph>
  <Paragraph>
    <Words Start="21" End="21" Block="0" Page="37" />
  </Paragraph>
  <Paragraph>
    <Words Start="0" End="9" Block="1" Page="37" />
  </Paragraph>
  <Paragraph>
    <Words Start="10" End="15" Block="1" Page="37" />
  </Paragraph>
  <Paragraph>
    <Words Start="16" End="27" Block="1" Page="37" />
  </Paragraph>
  <Paragraph>
    <Words Start="28" End="28" Block="1" Page="37" />
  </Paragraph>
  <Paragraph>
    <Words Start="0" End="9" Block="2" Page="37" />
  </Paragraph>
  <Paragraph>
    <Words Start="10" End="23" Block="2" Page="37" />
  </Paragraph>
  <Paragraph>
    <Words Start="24" End="35" Block="2" Page="37" />
  </Paragraph>
  <Paragraph>
    <Words Block="3" Page="37" />
  </Paragraph>
  <Paragraph>
    <Words Block="4" Page="37" />
  </Paragraph>
  <Paragraph>
    <Words Block="5" Page="37" />
  </Paragraph>
  <Paragraph>
    <Words Block="6" Page="37" />
  </Paragraph>
  <Paragraph>
    <Words Block="7" Page="37" />
  </Paragraph>
  <Paragraph>
    <Words Block="8" Page="37" />
    <Words Block="9" Page="37" />
  </Paragraph>
  <Paragraph>
    <Words Block="0" Page="38" />
  </Paragraph>
  <Paragraph>
    <Words Block="1" Page="38" />
  </Paragraph>
  <Paragraph>
    <Words Block="2" Page="38" />
  </Paragraph>
  <Paragraph>
    <Words Block="3" Page="38" />
  </Paragraph>
  <Paragraph>
    <Words Block="4" Page="38" />
  </Paragraph>
  <Paragraph>
    <Words Block="5" Page="38" />
  </Paragraph>
  <Paragraph>
    <Words Block="6" Page="38" />
  </Paragraph>
  <Paragraph>
    <Words Block="7" Page="38" />
  </Paragraph>
  <Paragraph>
    <Words Block="8" Page="38" />
  </Paragraph>
  <Paragraph>
    <Words Block="9" Page="38" />
    <Words Start="0" End="271" Block="10" Page="38" />
  </Paragraph>
  <Paragraph>
    <Words Start="272" End="358" Block="10" Page="38" />
  </Paragraph>
  <Paragraph>
    <Words Block="0" Page="39" />
  </Paragraph>
  <Paragraph>
    <Words Block="1" Page="39" />
    <Words Block="2" Page="39" />
  </Paragraph>
  <Paragraph>
    <Words Block="3" Page="39" />
  </Paragraph>
  <Paragraph>
    <Words Block="4" Page="39" />
  </Paragraph>
  <Paragraph>
    <Words Block="5" Page="39" />
  </Paragraph>
  <Paragraph>
    <Words Block="6" Page="39" />
  </Paragraph>
  <Paragraph>
    <Words Block="7" Page="39" />
  </Paragraph>
</Flow>