﻿<?xml version="1.0" encoding="utf-8"?>
<Flow Name="f19">
  <Paragraph>
    <Words Start="0" End="9" Block="0" Page="220" />
  </Paragraph>
  <Paragraph>
    <Words Start="10" End="10" Block="0" Page="220" />
  </Paragraph>
  <Paragraph>
    <Words Start="0" End="38" Block="0" Page="221" />
  </Paragraph>
  <Paragraph>
    <Words Start="39" End="48" Block="0" Page="221" />
  </Paragraph>
  <Paragraph>
    <Words Start="49" End="109" Block="0" Page="221" />
  </Paragraph>
  <Paragraph>
    <Words Block="3" Page="221" />
  </Paragraph>
  <Paragraph>
    <Words Start="0" End="60" Block="4" Page="221" />
  </Paragraph>
  <Paragraph>
    <Words Start="61" End="145" Block="4" Page="221" />
  </Paragraph>
  <Paragraph>
    <Words Start="146" End="160" Block="4" Page="221" />
    <Words Block="0" Page="222" />
  </Paragraph>
  <Paragraph>
    <Words Start="0" End="2" Block="1" Page="222" />
  </Paragraph>
  <Paragraph>
    <Words Start="3" End="3" Block="1" Page="222" />
  </Paragraph>
  <Paragraph>
    <Words Start="0" End="0" Block="2" Page="222" />
  </Paragraph>
  <Paragraph>
    <Words Start="1" End="1" Block="2" Page="222" />
  </Paragraph>
  <Paragraph>
    <Words Block="5" Page="222" />
  </Paragraph>
  <Paragraph>
    <Words Start="0" End="2" Block="6" Page="222" />
  </Paragraph>
  <Paragraph>
    <Words Start="3" End="3" Block="6" Page="222" />
  </Paragraph>
  <Paragraph>
    <Words Block="7" Page="222" />
  </Paragraph>
  <Paragraph>
    <Words Start="0" End="6" Block="0" Page="223" />
  </Paragraph>
  <Paragraph>
    <Words Start="7" End="7" Block="0" Page="223" />
  </Paragraph>
  <Paragraph>
    <Words Start="0" End="6" Block="1" Page="223" />
  </Paragraph>
  <Paragraph>
    <Words Start="7" End="7" Block="1" Page="223" />
  </Paragraph>
  <Paragraph>
    <Words Block="2" Page="223" />
  </Paragraph>
  <Paragraph>
    <Words Block="3" Page="223" />
  </Paragraph>
  <Paragraph>
    <Words Block="4" Page="223" />
  </Paragraph>
  <Paragraph>
    <Words Block="5" Page="223" />
  </Paragraph>
  <Paragraph>
    <Words Block="6" Page="223" />
  </Paragraph>
  <Paragraph>
    <Words Block="7" Page="223" />
  </Paragraph>
  <Paragraph>
    <Words Block="8" Page="223" />
  </Paragraph>
  <Paragraph>
    <Words Block="9" Page="223" />
  </Paragraph>
  <Paragraph>
    <Words Block="10" Page="223" />
  </Paragraph>
  <Paragraph>
    <Words Start="0" End="2" Block="0" Page="224" />
  </Paragraph>
  <Paragraph>
    <Words Start="3" End="3" Block="0" Page="224" />
  </Paragraph>
  <Paragraph>
    <Words Block="1" Page="224" />
  </Paragraph>
  <Paragraph>
    <Words Start="0" End="121" Block="2" Page="224" />
  </Paragraph>
  <Paragraph>
    <Words Start="122" End="125" Block="2" Page="224" />
  </Paragraph>
  <Paragraph>
    <Words Start="126" End="142" Block="2" Page="224" />
  </Paragraph>
  <Paragraph>
    <Words Start="143" End="155" Block="2" Page="224" />
  </Paragraph>
  <Paragraph>
    <Words Start="156" End="230" Block="2" Page="224" />
  </Paragraph>
  <Paragraph>
    <Words Start="0" End="2" Block="3" Page="224" />
  </Paragraph>
  <Paragraph>
    <Words Start="3" End="3" Block="3" Page="224" />
  </Paragraph>
  <Paragraph>
    <Words Start="0" End="3" Block="4" Page="224" />
  </Paragraph>
  <Paragraph>
    <Words Start="4" End="88" Block="4" Page="224" />
  </Paragraph>
  <Paragraph>
    <Words Start="0" End="1" Block="0" Page="225" />
  </Paragraph>
  <Paragraph>
    <Words Start="2" End="2" Block="0" Page="225" />
  </Paragraph>
  <Paragraph>
    <Words Start="0" End="37" Block="1" Page="225" />
  </Paragraph>
  <Paragraph>
    <Words Start="38" End="256" Block="1" Page="225" />
  </Paragraph>
  <Paragraph>
    <Words Start="257" End="303" Block="1" Page="225" />
  </Paragraph>
  <Paragraph>
    <Words Start="304" End="349" Block="1" Page="225" />
  </Paragraph>
  <Paragraph>
    <Words Start="350" End="422" Block="1" Page="225" />
  </Paragraph>
  <Paragraph>
    <Words Start="0" End="2" Block="2" Page="225" />
  </Paragraph>
  <Paragraph>
    <Words Start="3" End="3" Block="2" Page="225" />
  </Paragraph>
  <Paragraph>
    <Words Start="0" End="1" Block="3" Page="225" />
  </Paragraph>
  <Paragraph>
    <Words Start="2" End="29" Block="3" Page="225" />
    <Words Block="0" Page="226" />
  </Paragraph>
  <Paragraph>
    <Words Start="0" End="2" Block="1" Page="226" />
  </Paragraph>
  <Paragraph>
    <Words Start="3" End="3" Block="1" Page="226" />
  </Paragraph>
  <Paragraph>
    <Words Start="0" End="3" Block="2" Page="226" />
  </Paragraph>
  <Paragraph>
    <Words Start="4" End="47" Block="2" Page="226" />
  </Paragraph>
  <Paragraph>
    <Words Start="0" End="1" Block="3" Page="226" />
  </Paragraph>
  <Paragraph>
    <Words Start="2" End="2" Block="3" Page="226" />
  </Paragraph>
  <Paragraph>
    <Words Start="0" End="1" Block="4" Page="226" />
  </Paragraph>
  <Paragraph>
    <Words Start="2" End="173" Block="4" Page="226" />
  </Paragraph>
  <Paragraph>
    <Words Start="0" End="0" Block="0" Page="227" />
  </Paragraph>
  <Paragraph>
    <Words Start="1" End="1" Block="0" Page="227" />
  </Paragraph>
  <Paragraph>
    <Words Block="1" Page="227" />
    <Words Start="0" End="14" Block="2" Page="227" />
  </Paragraph>
  <Paragraph>
    <Words Start="15" End="26" Block="2" Page="227" />
  </Paragraph>
  <Paragraph>
    <Words Start="27" End="143" Block="2" Page="227" />
    <Words Block="3" Page="227" />
  </Paragraph>
  <Paragraph>
    <Words Start="0" End="2" Block="4" Page="227" />
  </Paragraph>
  <Paragraph>
    <Words Start="3" End="3" Block="4" Page="227" />
  </Paragraph>
  <Paragraph>
    <Words Start="0" End="3" Block="5" Page="227" />
  </Paragraph>
  <Paragraph>
    <Words Start="4" End="83" Block="5" Page="227" />
  </Paragraph>
  <Paragraph>
    <Words Start="0" End="3" Block="0" Page="228" />
  </Paragraph>
  <Paragraph>
    <Words Start="4" End="4" Block="0" Page="228" />
  </Paragraph>
  <Paragraph>
    <Words Start="0" End="3" Block="1" Page="228" />
  </Paragraph>
  <Paragraph>
    <Words Start="4" End="103" Block="1" Page="228" />
  </Paragraph>
  <Paragraph>
    <Words Start="0" End="5" Block="2" Page="228" />
  </Paragraph>
  <Paragraph>
    <Words Start="6" End="6" Block="2" Page="228" />
  </Paragraph>
  <Paragraph>
    <Words Start="0" End="9" Block="3" Page="228" />
  </Paragraph>
  <Paragraph>
    <Words Start="10" End="91" Block="3" Page="228" />
  </Paragraph>
  <Paragraph>
    <Words Start="0" End="3" Block="4" Page="228" />
  </Paragraph>
  <Paragraph>
    <Words Start="4" End="4" Block="4" Page="228" />
  </Paragraph>
  <Paragraph>
    <Words Start="0" End="3" Block="5" Page="228" />
  </Paragraph>
  <Paragraph>
    <Words Start="4" End="62" Block="5" Page="228" />
  </Paragraph>
  <Paragraph>
    <Words Block="1" Page="229" />
  </Paragraph>
  <Paragraph>
    <Words Block="2" Page="229" />
  </Paragraph>
  <Paragraph>
    <Words Block="3" Page="229" />
  </Paragraph>
  <Paragraph>
    <Words Block="4" Page="229" />
  </Paragraph>
  <Paragraph>
    <Words Block="5" Page="229" />
  </Paragraph>
  <Paragraph>
    <Words Block="6" Page="229" />
  </Paragraph>
  <Paragraph>
    <Words Block="7" Page="229" />
  </Paragraph>
  <Paragraph>
    <Words Block="8" Page="229" />
  </Paragraph>
  <Paragraph>
    <Words Block="9" Page="229" />
  </Paragraph>
  <Paragraph>
    <Words Block="10" Page="229" />
  </Paragraph>
  <Paragraph>
    <Words Block="11" Page="229" />
  </Paragraph>
  <Paragraph>
    <Words Block="12" Page="229" />
  </Paragraph>
  <Paragraph>
    <Words Block="13" Page="229" />
  </Paragraph>
  <Paragraph>
    <Words Block="14" Page="229" />
  </Paragraph>
  <Paragraph>
    <Words Block="15" Page="229" />
  </Paragraph>
  <Paragraph>
    <Words Block="16" Page="229" />
  </Paragraph>
  <Paragraph>
    <Words Block="17" Page="229" />
  </Paragraph>
  <Paragraph>
    <Words Block="18" Page="229" />
  </Paragraph>
  <Paragraph>
    <Words Block="19" Page="229" />
  </Paragraph>
  <Paragraph>
    <Words Block="20" Page="229" />
  </Paragraph>
  <Paragraph>
    <Words Block="21" Page="229" />
  </Paragraph>
  <Paragraph>
    <Words Block="22" Page="229" />
  </Paragraph>
  <Paragraph>
    <Words Block="23" Page="229" />
  </Paragraph>
  <Paragraph>
    <Words Block="24" Page="229" />
  </Paragraph>
  <Paragraph>
    <Words Block="25" Page="229" />
  </Paragraph>
  <Paragraph>
    <Words Block="26" Page="229" />
  </Paragraph>
  <Paragraph>
    <Words Block="27" Page="229" />
  </Paragraph>
  <Paragraph>
    <Words Block="28" Page="229" />
  </Paragraph>
  <Paragraph>
    <Words Block="29" Page="229" />
  </Paragraph>
  <Paragraph>
    <Words Block="30" Page="229" />
  </Paragraph>
  <Paragraph>
    <Words Block="31" Page="229" />
  </Paragraph>
  <Paragraph>
    <Words Block="32" Page="229" />
  </Paragraph>
  <Paragraph>
    <Words Block="33" Page="229" />
  </Paragraph>
  <Paragraph>
    <Words Block="34" Page="229" />
  </Paragraph>
  <Paragraph>
    <Words Block="35" Page="229" />
  </Paragraph>
  <Paragraph>
    <Words Block="36" Page="229" />
  </Paragraph>
  <Paragraph>
    <Words Block="37" Page="229" />
  </Paragraph>
  <Paragraph>
    <Words Block="38" Page="229" />
  </Paragraph>
  <Paragraph>
    <Words Block="39" Page="229" />
  </Paragraph>
  <Paragraph>
    <Words Block="40" Page="229" />
  </Paragraph>
  <Paragraph>
    <Words Block="41" Page="229" />
  </Paragraph>
  <Paragraph>
    <Words Block="42" Page="229" />
    <Words Block="43" Page="229" />
  </Paragraph>
  <Paragraph>
    <Words Start="0" End="2" Block="44" Page="229" />
  </Paragraph>
  <Paragraph>
    <Words Start="3" End="3" Block="44" Page="229" />
  </Paragraph>
  <Paragraph>
    <Words Start="0" End="4" Block="45" Page="229" />
  </Paragraph>
  <Paragraph>
    <Words Start="5" End="164" Block="45" Page="229" />
  </Paragraph>
  <Paragraph>
    <Words Block="46" Page="229" />
  </Paragraph>
  <Paragraph>
    <Words Block="47" Page="229" />
  </Paragraph>
  <Paragraph>
    <Words Block="48" Page="229" />
  </Paragraph>
  <Paragraph>
    <Words Block="49" Page="229" />
  </Paragraph>
  <Paragraph>
    <Words Block="50" Page="229" />
  </Paragraph>
  <Paragraph>
    <Words Block="51" Page="229" />
  </Paragraph>
  <Paragraph>
    <Words Block="52" Page="229" />
  </Paragraph>
  <Paragraph>
    <Words Block="53" Page="229" />
  </Paragraph>
  <Paragraph>
    <Words Block="54" Page="229" />
  </Paragraph>
  <Paragraph>
    <Words Start="0" End="0" Block="0" Page="230" />
  </Paragraph>
  <Paragraph>
    <Words Start="1" End="1" Block="0" Page="230" />
  </Paragraph>
  <Paragraph>
    <Words Start="0" End="2" Block="1" Page="230" />
  </Paragraph>
  <Paragraph>
    <Words Start="3" End="90" Block="1" Page="230" />
  </Paragraph>
  <Paragraph>
    <Words Start="0" End="3" Block="2" Page="230" />
  </Paragraph>
  <Paragraph>
    <Words Start="4" End="4" Block="2" Page="230" />
  </Paragraph>
  <Paragraph>
    <Words Start="0" End="5" Block="3" Page="230" />
  </Paragraph>
  <Paragraph>
    <Words Start="6" End="130" Block="3" Page="230" />
  </Paragraph>
  <Paragraph>
    <Words Block="4" Page="230" />
  </Paragraph>
  <Paragraph>
    <Words Start="0" End="2" Block="0" Page="231" />
  </Paragraph>
  <Paragraph>
    <Words Start="3" End="3" Block="0" Page="231" />
  </Paragraph>
  <Paragraph>
    <Words Block="1" Page="231" />
  </Paragraph>
  <Paragraph>
    <Words Start="0" End="0" Block="2" Page="231" />
  </Paragraph>
  <Paragraph>
    <Words Start="1" End="1" Block="2" Page="231" />
  </Paragraph>
  <Paragraph>
    <Words Start="0" End="44" Block="3" Page="231" />
  </Paragraph>
  <Paragraph>
    <Words Start="45" End="81" Block="3" Page="231" />
    <Words Block="4" Page="231" />
  </Paragraph>
  <Paragraph>
    <Words Start="0" End="1" Block="5" Page="231" />
  </Paragraph>
  <Paragraph>
    <Words Start="2" End="2" Block="5" Page="231" />
  </Paragraph>
  <Paragraph>
    <Words Start="0" End="3" Block="6" Page="231" />
  </Paragraph>
  <Paragraph>
    <Words Start="4" End="35" Block="6" Page="231" />
    <Words Start="0" End="56" Block="0" Page="232" />
  </Paragraph>
  <Paragraph>
    <Words Start="57" End="75" Block="0" Page="232" />
  </Paragraph>
  <Paragraph>
    <Words Start="76" End="102" Block="0" Page="232" />
  </Paragraph>
  <Paragraph>
    <Words Start="103" End="167" Block="0" Page="232" />
  </Paragraph>
  <Paragraph>
    <Words Start="168" End="194" Block="0" Page="232" />
  </Paragraph>
  <Paragraph>
    <Words Start="195" End="221" Block="0" Page="232" />
  </Paragraph>
  <Paragraph>
    <Words Start="222" End="233" Block="0" Page="232" />
  </Paragraph>
  <Paragraph>
    <Words Start="234" End="258" Block="0" Page="232" />
  </Paragraph>
  <Paragraph>
    <Words Start="259" End="276" Block="0" Page="232" />
  </Paragraph>
  <Paragraph>
    <Words Start="277" End="303" Block="0" Page="232" />
  </Paragraph>
  <Paragraph>
    <Words Start="304" End="333" Block="0" Page="232" />
  </Paragraph>
  <Paragraph>
    <Words Start="334" End="370" Block="0" Page="232" />
    <Words Block="1" Page="232" />
  </Paragraph>
  <Paragraph>
    <Words Start="0" End="0" Block="0" Page="233" />
  </Paragraph>
  <Paragraph>
    <Words Start="1" End="9" Block="0" Page="233" />
  </Paragraph>
  <Paragraph>
    <Words Start="10" End="18" Block="0" Page="233" />
  </Paragraph>
  <Paragraph>
    <Words Start="19" End="160" Block="0" Page="233" />
  </Paragraph>
  <Paragraph>
    <Words Start="161" End="182" Block="0" Page="233" />
  </Paragraph>
  <Paragraph>
    <Words Start="183" End="198" Block="0" Page="233" />
  </Paragraph>
  <Paragraph>
    <Words Start="199" End="207" Block="0" Page="233" />
  </Paragraph>
  <Paragraph>
    <Words Start="0" End="2" Block="1" Page="233" />
  </Paragraph>
  <Paragraph>
    <Words Start="3" End="3" Block="1" Page="233" />
  </Paragraph>
  <Paragraph>
    <Words Start="0" End="1" Block="2" Page="233" />
  </Paragraph>
  <Paragraph>
    <Words Start="2" End="101" Block="2" Page="233" />
  </Paragraph>
  <Paragraph>
    <Words Start="0" End="1" Block="0" Page="234" />
  </Paragraph>
  <Paragraph>
    <Words Start="2" End="2" Block="0" Page="234" />
  </Paragraph>
  <Paragraph>
    <Words Block="1" Page="234" />
  </Paragraph>
  <Paragraph>
    <Words Start="0" End="1" Block="2" Page="234" />
  </Paragraph>
  <Paragraph>
    <Words Start="2" End="2" Block="2" Page="234" />
  </Paragraph>
  <Paragraph>
    <Words Start="0" End="2" Block="3" Page="234" />
  </Paragraph>
  <Paragraph>
    <Words Start="3" End="94" Block="3" Page="234" />
  </Paragraph>
  <Paragraph>
    <Words Start="0" End="2" Block="4" Page="234" />
  </Paragraph>
  <Paragraph>
    <Words Start="3" End="3" Block="4" Page="234" />
  </Paragraph>
  <Paragraph>
    <Words Start="0" End="1" Block="5" Page="234" />
  </Paragraph>
  <Paragraph>
    <Words Start="2" End="28" Block="5" Page="234" />
  </Paragraph>
  <Paragraph>
    <Words Start="29" End="35" Block="5" Page="234" />
  </Paragraph>
  <Paragraph>
    <Words Start="36" End="109" Block="5" Page="234" />
  </Paragraph>
  <Paragraph>
    <Words Block="0" Page="235" />
  </Paragraph>
  <Paragraph>
    <Words Block="1" Page="235" />
  </Paragraph>
  <Paragraph>
    <Words Block="2" Page="235" />
  </Paragraph>
  <Paragraph>
    <Words Block="3" Page="235" />
  </Paragraph>
  <Paragraph>
    <Words Block="4" Page="235" />
  </Paragraph>
  <Paragraph>
    <Words Block="5" Page="235" />
  </Paragraph>
  <Paragraph>
    <Words Block="0" Page="236" />
  </Paragraph>
  <Paragraph>
    <Words Block="1" Page="236" />
  </Paragraph>
  <Paragraph>
    <Words Block="2" Page="236" />
  </Paragraph>
  <Paragraph>
    <Words Block="3" Page="236" />
  </Paragraph>
  <Paragraph>
    <Words Block="4" Page="236" />
  </Paragraph>
  <Paragraph>
    <Words Block="5" Page="236" />
  </Paragraph>
  <Paragraph>
    <Words Block="0" Page="237" />
  </Paragraph>
  <Paragraph>
    <Words Block="1" Page="237" />
  </Paragraph>
  <Paragraph>
    <Words Block="2" Page="237" />
  </Paragraph>
  <Paragraph>
    <Words Block="3" Page="237" />
  </Paragraph>
  <Paragraph>
    <Words Block="4" Page="237" />
  </Paragraph>
  <Paragraph>
    <Words Block="5" Page="237" />
  </Paragraph>
  <Paragraph>
    <Words Start="0" End="2" Block="0" Page="238" />
  </Paragraph>
  <Paragraph>
    <Words Start="3" End="3" Block="0" Page="238" />
  </Paragraph>
  <Paragraph>
    <Words Block="1" Page="238" />
  </Paragraph>
  <Paragraph>
    <Words Start="0" End="3" Block="2" Page="238" />
  </Paragraph>
  <Paragraph>
    <Words Start="4" End="4" Block="2" Page="238" />
  </Paragraph>
  <Paragraph>
    <Words Start="0" End="5" Block="3" Page="238" />
  </Paragraph>
  <Paragraph>
    <Words Start="6" End="6" Block="3" Page="238" />
  </Paragraph>
  <Paragraph>
    <Words Start="7" End="7" Block="3" Page="238" />
  </Paragraph>
  <Paragraph>
    <Words Block="4" Page="238" />
  </Paragraph>
  <Paragraph>
    <Words Start="0" End="2" Block="5" Page="238" />
  </Paragraph>
  <Paragraph>
    <Words Start="3" End="3" Block="5" Page="238" />
  </Paragraph>
  <Paragraph>
    <Words Block="6" Page="238" />
  </Paragraph>
  <Paragraph>
    <Words Start="0" End="2" Block="7" Page="238" />
  </Paragraph>
  <Paragraph>
    <Words Start="3" End="3" Block="7" Page="238" />
  </Paragraph>
  <Paragraph>
    <Words Block="8" Page="238" />
  </Paragraph>
  <Paragraph>
    <Words Block="9" Page="238" />
  </Paragraph>
  <Paragraph>
    <Words Start="0" End="4" Block="10" Page="238" />
  </Paragraph>
  <Paragraph>
    <Words Start="5" End="5" Block="10" Page="238" />
  </Paragraph>
  <Paragraph>
    <Words Block="11" Page="238" />
  </Paragraph>
  <Paragraph>
    <Words Start="0" End="2" Block="12" Page="238" />
  </Paragraph>
  <Paragraph>
    <Words Start="3" End="3" Block="12" Page="238" />
  </Paragraph>
  <Paragraph>
    <Words Block="13" Page="238" />
  </Paragraph>
  <Paragraph>
    <Words Start="0" End="0" Block="0" Page="239" />
  </Paragraph>
  <Paragraph>
    <Words Start="1" End="1" Block="0" Page="239" />
  </Paragraph>
  <Paragraph>
    <Words Start="0" End="133" Block="1" Page="239" />
  </Paragraph>
  <Paragraph>
    <Words Start="134" End="169" Block="1" Page="239" />
  </Paragraph>
  <Paragraph>
    <Words Start="0" End="3" Block="2" Page="239" />
  </Paragraph>
  <Paragraph>
    <Words Start="4" End="4" Block="2" Page="239" />
  </Paragraph>
  <Paragraph>
    <Words Block="3" Page="239" />
  </Paragraph>
  <Paragraph>
    <Words Start="0" End="0" Block="0" Page="240" />
  </Paragraph>
  <Paragraph>
    <Words Start="1" End="1" Block="0" Page="240" />
  </Paragraph>
  <Paragraph>
    <Words Block="1" Page="240" />
  </Paragraph>
  <Paragraph>
    <Words Block="2" Page="240" />
  </Paragraph>
  <Paragraph>
    <Words Block="3" Page="240" />
  </Paragraph>
  <Paragraph>
    <Words Start="0" End="35" Block="4" Page="240" />
  </Paragraph>
  <Paragraph>
    <Words Start="36" End="70" Block="4" Page="240" />
    <Words Block="0" Page="241" />
  </Paragraph>
  <Paragraph>
    <Words Start="0" End="0" Block="1" Page="241" />
  </Paragraph>
  <Paragraph>
    <Words Start="1" End="1" Block="1" Page="241" />
  </Paragraph>
  <Paragraph>
    <Words Block="2" Page="241" />
  </Paragraph>
  <Paragraph>
    <Words Start="0" End="0" Block="3" Page="241" />
  </Paragraph>
  <Paragraph>
    <Words Start="1" End="1" Block="3" Page="241" />
  </Paragraph>
  <Paragraph>
    <Words Start="0" End="0" Block="4" Page="241" />
  </Paragraph>
  <Paragraph>
    <Words Start="1" End="1" Block="4" Page="241" />
  </Paragraph>
  <Paragraph>
    <Words Block="5" Page="241" />
  </Paragraph>
  <Paragraph>
    <Words Block="7" Page="241" />
  </Paragraph>
  <Paragraph>
    <Words Start="0" End="65" Block="3" Page="242" />
  </Paragraph>
  <Paragraph>
    <Words Start="66" End="66" Block="3" Page="242" />
  </Paragraph>
  <Paragraph>
    <Words Start="0" End="0" Block="4" Page="242" />
  </Paragraph>
  <Paragraph>
    <Words Start="1" End="1" Block="4" Page="242" />
  </Paragraph>
  <Paragraph>
    <Words Start="0" End="1" Block="5" Page="242" />
  </Paragraph>
  <Paragraph>
    <Words Start="2" End="2" Block="5" Page="242" />
  </Paragraph>
  <Paragraph>
    <Words Start="0" End="117" Block="6" Page="242" />
  </Paragraph>
  <Paragraph>
    <Words Start="118" End="125" Block="6" Page="242" />
  </Paragraph>
  <Paragraph>
    <Words Start="126" End="137" Block="6" Page="242" />
  </Paragraph>
  <Paragraph>
    <Words Start="0" End="0" Block="0" Page="243" />
  </Paragraph>
  <Paragraph>
    <Words Start="1" End="1" Block="0" Page="243" />
  </Paragraph>
  <Paragraph>
    <Words Start="0" End="0" Block="1" Page="243" />
  </Paragraph>
  <Paragraph>
    <Words Start="1" End="1" Block="1" Page="243" />
  </Paragraph>
  <Paragraph>
    <Words Block="5" Page="243" />
  </Paragraph>
  <Paragraph>
    <Words Start="0" End="1" Block="6" Page="243" />
  </Paragraph>
  <Paragraph>
    <Words Start="2" End="2" Block="6" Page="243" />
  </Paragraph>
  <Paragraph>
    <Words Block="7" Page="243" />
  </Paragraph>
  <Paragraph>
    <Words Block="0" Page="244" />
  </Paragraph>
  <Paragraph>
    <Words Block="1" Page="244" />
  </Paragraph>
  <Paragraph>
    <Words Block="2" Page="244" />
  </Paragraph>
</Flow>