﻿<?xml version="1.0" encoding="utf-8"?>
<Flow Name="f12">
  <Paragraph>
    <Words Start="0" End="7" Block="0" Page="142" />
  </Paragraph>
  <Paragraph>
    <Words Start="8" End="8" Block="0" Page="142" />
  </Paragraph>
  <Paragraph>
    <Words Block="4" Page="142" />
  </Paragraph>
  <Paragraph>
    <Words Start="0" End="88" Block="0" Page="143" />
  </Paragraph>
  <Paragraph>
    <Words Start="89" End="204" Block="0" Page="143" />
  </Paragraph>
  <Paragraph>
    <Words Start="205" End="309" Block="0" Page="143" />
  </Paragraph>
  <Paragraph>
    <Words Start="310" End="368" Block="0" Page="143" />
  </Paragraph>
  <Paragraph>
    <Words Start="369" End="394" Block="0" Page="143" />
  </Paragraph>
  <Paragraph>
    <Words Start="0" End="0" Block="0" Page="144" />
  </Paragraph>
  <Paragraph>
    <Words Start="1" End="13" Block="0" Page="144" />
  </Paragraph>
  <Paragraph>
    <Words Start="14" End="37" Block="0" Page="144" />
  </Paragraph>
  <Paragraph>
    <Words Start="38" End="92" Block="0" Page="144" />
  </Paragraph>
  <Paragraph>
    <Words Start="93" End="182" Block="0" Page="144" />
  </Paragraph>
  <Paragraph>
    <Words Start="183" End="361" Block="0" Page="144" />
  </Paragraph>
  <Paragraph>
    <Words Start="362" End="388" Block="0" Page="144" />
  </Paragraph>
  <Paragraph>
    <Words Start="0" End="58" Block="0" Page="145" />
  </Paragraph>
  <Paragraph>
    <Words Start="59" End="59" Block="0" Page="145" />
  </Paragraph>
  <Paragraph>
    <Words Start="0" End="4" Block="1" Page="145" />
  </Paragraph>
  <Paragraph>
    <Words Start="5" End="5" Block="1" Page="145" />
  </Paragraph>
  <Paragraph>
    <Words Start="0" End="83" Block="2" Page="145" />
  </Paragraph>
  <Paragraph>
    <Words Start="84" End="282" Block="2" Page="145" />
  </Paragraph>
  <Paragraph>
    <Words Start="283" End="296" Block="2" Page="145" />
  </Paragraph>
  <Paragraph>
    <Words Block="0" Page="146" />
  </Paragraph>
  <Paragraph>
    <Words Start="0" End="5" Block="0" Page="147" />
  </Paragraph>
  <Paragraph>
    <Words Start="6" End="294" Block="0" Page="147" />
  </Paragraph>
  <Paragraph>
    <Words Start="295" End="401" Block="0" Page="147" />
  </Paragraph>
  <Paragraph>
    <Words Start="0" End="0" Block="0" Page="148" />
  </Paragraph>
  <Paragraph>
    <Words Start="1" End="3" Block="0" Page="148" />
  </Paragraph>
  <Paragraph>
    <Words Start="4" End="211" Block="0" Page="148" />
  </Paragraph>
  <Paragraph>
    <Words Start="212" End="234" Block="0" Page="148" />
  </Paragraph>
  <Paragraph>
    <Words Start="235" End="341" Block="0" Page="148" />
  </Paragraph>
  <Paragraph>
    <Words Start="342" End="407" Block="0" Page="148" />
    <Words Block="0" Page="149" />
  </Paragraph>
  <Paragraph>
    <Words Start="0" End="1" Block="1" Page="149" />
  </Paragraph>
  <Paragraph>
    <Words Start="2" End="2" Block="1" Page="149" />
  </Paragraph>
  <Paragraph>
    <Words Start="0" End="57" Block="2" Page="149" />
  </Paragraph>
  <Paragraph>
    <Words Start="58" End="205" Block="2" Page="149" />
  </Paragraph>
  <Paragraph>
    <Words Start="0" End="2" Block="0" Page="150" />
  </Paragraph>
  <Paragraph>
    <Words Start="3" End="3" Block="0" Page="150" />
  </Paragraph>
  <Paragraph>
    <Words Block="1" Page="150" />
    <Words Start="0" End="100" Block="2" Page="150" />
  </Paragraph>
  <Paragraph>
    <Words Start="101" End="275" Block="2" Page="150" />
  </Paragraph>
  <Paragraph>
    <Words Block="1" Page="151" />
  </Paragraph>
  <Paragraph>
    <Words Block="2" Page="151" />
  </Paragraph>
  <Paragraph>
    <Words Start="0" End="0" Block="3" Page="151" />
  </Paragraph>
  <Paragraph>
    <Words Start="1" End="1" Block="3" Page="151" />
  </Paragraph>
  <Paragraph>
    <Words Block="4" Page="151" />
  </Paragraph>
  <Paragraph>
    <Words Block="5" Page="151" />
  </Paragraph>
  <Paragraph>
    <Words Start="0" End="0" Block="6" Page="151" />
  </Paragraph>
  <Paragraph>
    <Words Start="1" End="1" Block="6" Page="151" />
  </Paragraph>
  <Paragraph>
    <Words Block="7" Page="151" />
  </Paragraph>
  <Paragraph>
    <Words Block="8" Page="151" />
  </Paragraph>
  <Paragraph>
    <Words Block="9" Page="151" />
  </Paragraph>
  <Paragraph>
    <Words Block="10" Page="151" />
  </Paragraph>
  <Paragraph>
    <Words Block="11" Page="151" />
  </Paragraph>
  <Paragraph>
    <Words Block="12" Page="151" />
  </Paragraph>
  <Paragraph>
    <Words Block="13" Page="151" />
  </Paragraph>
  <Paragraph>
    <Words Start="0" End="0" Block="14" Page="151" />
  </Paragraph>
  <Paragraph>
    <Words Start="1" End="1" Block="14" Page="151" />
  </Paragraph>
  <Paragraph>
    <Words Block="15" Page="151" />
  </Paragraph>
  <Paragraph>
    <Words Block="16" Page="151" />
  </Paragraph>
</Flow>