﻿<?xml version="1.0" encoding="utf-8"?>
<Flow Name="f13">
  <Paragraph>
    <Words Start="0" End="9" Block="0" Page="152" />
  </Paragraph>
  <Paragraph>
    <Words Start="10" End="10" Block="0" Page="152" />
  </Paragraph>
  <Paragraph>
    <Words Block="4" Page="152" />
  </Paragraph>
  <Paragraph>
    <Words Start="0" End="85" Block="0" Page="153" />
  </Paragraph>
  <Paragraph>
    <Words Start="86" End="107" Block="0" Page="153" />
  </Paragraph>
  <Paragraph>
    <Words Start="108" End="217" Block="0" Page="153" />
  </Paragraph>
  <Paragraph>
    <Words Start="218" End="231" Block="0" Page="153" />
  </Paragraph>
  <Paragraph>
    <Words Start="232" End="233" Block="0" Page="153" />
  </Paragraph>
  <Paragraph>
    <Words Start="234" End="245" Block="0" Page="153" />
  </Paragraph>
  <Paragraph>
    <Words Start="246" End="257" Block="0" Page="153" />
  </Paragraph>
  <Paragraph>
    <Words Start="258" End="289" Block="0" Page="153" />
  </Paragraph>
  <Paragraph>
    <Words Start="290" End="394" Block="0" Page="153" />
  </Paragraph>
  <Paragraph>
    <Words Block="0" Page="154" />
  </Paragraph>
  <Paragraph>
    <Words Start="0" End="5" Block="1" Page="154" />
  </Paragraph>
  <Paragraph>
    <Words Start="6" End="13" Block="1" Page="154" />
  </Paragraph>
  <Paragraph>
    <Words Start="14" End="151" Block="1" Page="154" />
  </Paragraph>
  <Paragraph>
    <Words Start="152" End="223" Block="1" Page="154" />
  </Paragraph>
  <Paragraph>
    <Words Start="224" End="224" Block="1" Page="154" />
  </Paragraph>
  <Paragraph>
    <Words Start="225" End="233" Block="1" Page="154" />
  </Paragraph>
  <Paragraph>
    <Words Start="234" End="284" Block="1" Page="154" />
  </Paragraph>
  <Paragraph>
    <Words Start="285" End="400" Block="1" Page="154" />
  </Paragraph>
  <Paragraph>
    <Words Block="0" Page="155" />
  </Paragraph>
  <Paragraph>
    <Words Start="0" End="14" Block="0" Page="156" />
  </Paragraph>
  <Paragraph>
    <Words Start="15" End="21" Block="0" Page="156" />
  </Paragraph>
  <Paragraph>
    <Words Start="22" End="129" Block="0" Page="156" />
  </Paragraph>
  <Paragraph>
    <Words Start="130" End="195" Block="0" Page="156" />
  </Paragraph>
  <Paragraph>
    <Words Start="196" End="205" Block="0" Page="156" />
  </Paragraph>
  <Paragraph>
    <Words Start="206" End="280" Block="0" Page="156" />
  </Paragraph>
  <Paragraph>
    <Words Start="281" End="285" Block="0" Page="156" />
  </Paragraph>
  <Paragraph>
    <Words Start="286" End="302" Block="0" Page="156" />
  </Paragraph>
  <Paragraph>
    <Words Start="303" End="408" Block="0" Page="156" />
  </Paragraph>
  <Paragraph>
    <Words Start="0" End="4" Block="0" Page="157" />
  </Paragraph>
  <Paragraph>
    <Words Start="5" End="5" Block="0" Page="157" />
  </Paragraph>
  <Paragraph>
    <Words Block="1" Page="157" />
    <Words Start="0" End="20" Block="2" Page="157" />
  </Paragraph>
  <Paragraph>
    <Words Start="21" End="218" Block="2" Page="157" />
  </Paragraph>
  <Paragraph>
    <Words Start="219" End="253" Block="2" Page="157" />
  </Paragraph>
  <Paragraph>
    <Words Start="254" End="305" Block="2" Page="157" />
  </Paragraph>
  <Paragraph>
    <Words Start="0" End="15" Block="0" Page="158" />
  </Paragraph>
  <Paragraph>
    <Words Start="16" End="41" Block="0" Page="158" />
  </Paragraph>
  <Paragraph>
    <Words Start="42" End="54" Block="0" Page="158" />
  </Paragraph>
  <Paragraph>
    <Words Start="55" End="58" Block="0" Page="158" />
  </Paragraph>
  <Paragraph>
    <Words Start="59" End="100" Block="0" Page="158" />
  </Paragraph>
  <Paragraph>
    <Words Start="101" End="232" Block="0" Page="158" />
  </Paragraph>
  <Paragraph>
    <Words Start="233" End="242" Block="0" Page="158" />
  </Paragraph>
  <Paragraph>
    <Words Start="243" End="300" Block="0" Page="158" />
  </Paragraph>
  <Paragraph>
    <Words Start="301" End="306" Block="0" Page="158" />
  </Paragraph>
  <Paragraph>
    <Words Start="307" End="362" Block="0" Page="158" />
  </Paragraph>
  <Paragraph>
    <Words Start="363" End="398" Block="0" Page="158" />
  </Paragraph>
  <Paragraph>
    <Words Start="0" End="147" Block="0" Page="159" />
  </Paragraph>
  <Paragraph>
    <Words Start="148" End="174" Block="0" Page="159" />
  </Paragraph>
  <Paragraph>
    <Words Start="175" End="243" Block="0" Page="159" />
  </Paragraph>
  <Paragraph>
    <Words Block="4" Page="159" />
  </Paragraph>
  <Paragraph>
    <Words Start="0" End="0" Block="0" Page="160" />
  </Paragraph>
  <Paragraph>
    <Words Start="1" End="1" Block="0" Page="160" />
  </Paragraph>
  <Paragraph>
    <Words Start="0" End="21" Block="1" Page="160" />
  </Paragraph>
  <Paragraph>
    <Words Start="22" End="65" Block="1" Page="160" />
    <Words Block="4" Page="160" />
  </Paragraph>
  <Paragraph>
    <Words Start="0" End="52" Block="5" Page="160" />
  </Paragraph>
  <Paragraph>
    <Words Start="53" End="67" Block="5" Page="160" />
  </Paragraph>
  <Paragraph>
    <Words Start="0" End="3" Block="0" Page="161" />
  </Paragraph>
  <Paragraph>
    <Words Start="4" End="4" Block="0" Page="161" />
  </Paragraph>
  <Paragraph>
    <Words Block="1" Page="161" />
    <Words Start="0" End="34" Block="2" Page="161" />
  </Paragraph>
  <Paragraph>
    <Words Start="35" End="244" Block="2" Page="161" />
  </Paragraph>
  <Paragraph>
    <Words Block="1" Page="162" />
    <Words Start="0" End="20" Block="2" Page="162" />
  </Paragraph>
  <Paragraph>
    <Words Start="21" End="159" Block="2" Page="162" />
  </Paragraph>
  <Paragraph>
    <Words Start="160" End="161" Block="2" Page="162" />
  </Paragraph>
  <Paragraph>
    <Words Start="162" End="287" Block="2" Page="162" />
  </Paragraph>
  <Paragraph>
    <Words Start="288" End="479" Block="2" Page="162" />
  </Paragraph>
  <Paragraph>
    <Words Block="0" Page="163" />
    <Words Block="0" Page="164" />
  </Paragraph>
  <Paragraph>
    <Words Start="0" End="3" Block="1" Page="164" />
  </Paragraph>
  <Paragraph>
    <Words Start="4" End="4" Block="1" Page="164" />
  </Paragraph>
  <Paragraph>
    <Words Start="0" End="3" Block="2" Page="164" />
  </Paragraph>
  <Paragraph>
    <Words Start="4" End="4" Block="2" Page="164" />
  </Paragraph>
  <Paragraph>
    <Words Start="0" End="4" Block="3" Page="164" />
  </Paragraph>
  <Paragraph>
    <Words Start="5" End="5" Block="3" Page="164" />
  </Paragraph>
  <Paragraph>
    <Words Block="4" Page="164" />
  </Paragraph>
  <Paragraph>
    <Words Block="5" Page="164" />
  </Paragraph>
  <Paragraph>
    <Words Block="6" Page="164" />
  </Paragraph>
  <Paragraph>
    <Words Block="7" Page="164" />
  </Paragraph>
  <Paragraph>
    <Words Block="8" Page="164" />
  </Paragraph>
  <Paragraph>
    <Words Block="9" Page="164" />
  </Paragraph>
  <Paragraph>
    <Words Block="10" Page="164" />
  </Paragraph>
  <Paragraph>
    <Words Block="11" Page="164" />
  </Paragraph>
  <Paragraph>
    <Words Block="12" Page="164" />
    <Words Start="0" End="52" Block="0" Page="165" />
  </Paragraph>
  <Paragraph>
    <Words Start="53" End="178" Block="0" Page="165" />
  </Paragraph>
  <Paragraph>
    <Words Block="1" Page="165" />
  </Paragraph>
  <Paragraph>
    <Words Start="0" End="0" Block="0" Page="166" />
  </Paragraph>
  <Paragraph>
    <Words Start="1" End="1" Block="0" Page="166" />
  </Paragraph>
  <Paragraph>
    <Words Start="0" End="2" Block="1" Page="166" />
  </Paragraph>
  <Paragraph>
    <Words Start="3" End="3" Block="1" Page="166" />
  </Paragraph>
  <Paragraph>
    <Words Block="2" Page="166" />
  </Paragraph>
  <Paragraph>
    <Words Block="3" Page="166" />
  </Paragraph>
  <Paragraph>
    <Words Block="4" Page="166" />
  </Paragraph>
  <Paragraph>
    <Words Block="5" Page="166" />
  </Paragraph>
  <Paragraph>
    <Words Block="6" Page="166" />
  </Paragraph>
</Flow>