﻿<?xml version="1.0" encoding="utf-8"?>
<Flow Name="f16">
  <Paragraph>
    <Words Start="0" End="0" Block="0" Page="178" />
  </Paragraph>
  <Paragraph>
    <Words Start="1" End="1" Block="0" Page="178" />
  </Paragraph>
  <Paragraph>
    <Words Start="0" End="7" Block="1" Page="178" />
  </Paragraph>
  <Paragraph>
    <Words Start="8" End="8" Block="1" Page="178" />
  </Paragraph>
  <Paragraph>
    <Words Block="5" Page="178" />
  </Paragraph>
  <Paragraph>
    <Words Start="0" End="91" Block="0" Page="179" />
  </Paragraph>
  <Paragraph>
    <Words Start="92" End="199" Block="0" Page="179" />
  </Paragraph>
  <Paragraph>
    <Words Start="200" End="307" Block="0" Page="179" />
  </Paragraph>
  <Paragraph>
    <Words Start="308" End="337" Block="0" Page="179" />
  </Paragraph>
  <Paragraph>
    <Words Start="338" End="338" Block="0" Page="179" />
  </Paragraph>
  <Paragraph>
    <Words Start="339" End="341" Block="0" Page="179" />
  </Paragraph>
  <Paragraph>
    <Words Start="342" End="364" Block="0" Page="179" />
  </Paragraph>
  <Paragraph>
    <Words Start="0" End="92" Block="0" Page="180" />
  </Paragraph>
  <Paragraph>
    <Words Start="93" End="202" Block="0" Page="180" />
  </Paragraph>
  <Paragraph>
    <Words Start="203" End="256" Block="0" Page="180" />
  </Paragraph>
  <Paragraph>
    <Words Start="257" End="387" Block="0" Page="180" />
  </Paragraph>
  <Paragraph>
    <Words Start="388" End="414" Block="0" Page="180" />
    <Words Start="0" End="114" Block="0" Page="181" />
  </Paragraph>
  <Paragraph>
    <Words Start="115" End="205" Block="0" Page="181" />
  </Paragraph>
  <Paragraph>
    <Words Start="0" End="2" Block="1" Page="181" />
  </Paragraph>
  <Paragraph>
    <Words Start="3" End="3" Block="1" Page="181" />
  </Paragraph>
  <Paragraph>
    <Words Start="0" End="126" Block="2" Page="181" />
  </Paragraph>
  <Paragraph>
    <Words Start="127" End="131" Block="2" Page="181" />
  </Paragraph>
  <Paragraph>
    <Words Start="132" End="165" Block="2" Page="181" />
  </Paragraph>
  <Paragraph>
    <Words Block="0" Page="182" />
  </Paragraph>
  <Paragraph>
    <Words Start="0" End="41" Block="0" Page="183" />
  </Paragraph>
  <Paragraph>
    <Words Start="42" End="97" Block="0" Page="183" />
  </Paragraph>
  <Paragraph>
    <Words Start="98" End="196" Block="0" Page="183" />
  </Paragraph>
  <Paragraph>
    <Words Start="197" End="291" Block="0" Page="183" />
  </Paragraph>
  <Paragraph>
    <Words Start="0" End="5" Block="1" Page="183" />
  </Paragraph>
  <Paragraph>
    <Words Start="6" End="6" Block="1" Page="183" />
  </Paragraph>
  <Paragraph>
    <Words Block="2" Page="183" />
  </Paragraph>
  <Paragraph>
    <Words Block="0" Page="184" />
    <Words Block="0" Page="185" />
  </Paragraph>
  <Paragraph>
    <Words Start="0" End="5" Block="1" Page="185" />
  </Paragraph>
  <Paragraph>
    <Words Start="6" End="6" Block="1" Page="185" />
  </Paragraph>
  <Paragraph>
    <Words Start="0" End="185" Block="2" Page="185" />
  </Paragraph>
  <Paragraph>
    <Words Start="186" End="261" Block="2" Page="185" />
  </Paragraph>
  <Paragraph>
    <Words Start="262" End="290" Block="2" Page="185" />
    <Words Start="0" End="64" Block="0" Page="186" />
  </Paragraph>
  <Paragraph>
    <Words Start="65" End="75" Block="0" Page="186" />
  </Paragraph>
  <Paragraph>
    <Words Start="76" End="196" Block="0" Page="186" />
  </Paragraph>
  <Paragraph>
    <Words Start="0" End="5" Block="1" Page="186" />
  </Paragraph>
  <Paragraph>
    <Words Start="6" End="6" Block="1" Page="186" />
  </Paragraph>
  <Paragraph>
    <Words Start="0" End="28" Block="2" Page="186" />
  </Paragraph>
  <Paragraph>
    <Words Start="29" End="168" Block="2" Page="186" />
  </Paragraph>
  <Paragraph>
    <Words Start="0" End="3" Block="0" Page="187" />
  </Paragraph>
  <Paragraph>
    <Words Start="4" End="4" Block="0" Page="187" />
  </Paragraph>
  <Paragraph>
    <Words Block="1" Page="187" />
  </Paragraph>
  <Paragraph>
    <Words Block="2" Page="187" />
  </Paragraph>
  <Paragraph>
    <Words Block="3" Page="187" />
  </Paragraph>
  <Paragraph>
    <Words Block="4" Page="187" />
  </Paragraph>
  <Paragraph>
    <Words Block="5" Page="187" />
    <Words Start="0" End="23" Block="0" Page="188" />
  </Paragraph>
  <Paragraph>
    <Words Start="24" End="111" Block="0" Page="188" />
  </Paragraph>
  <Paragraph>
    <Words Start="112" End="225" Block="0" Page="188" />
  </Paragraph>
  <Paragraph>
    <Words Start="226" End="265" Block="0" Page="188" />
  </Paragraph>
  <Paragraph>
    <Words Start="266" End="375" Block="0" Page="188" />
  </Paragraph>
  <Paragraph>
    <Words Start="376" End="433" Block="0" Page="188" />
    <Words Start="0" End="24" Block="0" Page="189" />
  </Paragraph>
  <Paragraph>
    <Words Start="25" End="93" Block="0" Page="189" />
  </Paragraph>
  <Paragraph>
    <Words Start="0" End="2" Block="1" Page="189" />
  </Paragraph>
  <Paragraph>
    <Words Start="3" End="3" Block="1" Page="189" />
  </Paragraph>
  <Paragraph>
    <Words Start="0" End="112" Block="2" Page="189" />
  </Paragraph>
  <Paragraph>
    <Words Start="113" End="127" Block="2" Page="189" />
  </Paragraph>
  <Paragraph>
    <Words Start="128" End="215" Block="2" Page="189" />
  </Paragraph>
  <Paragraph>
    <Words Start="216" End="254" Block="2" Page="189" />
    <Words Start="0" End="95" Block="0" Page="190" />
  </Paragraph>
  <Paragraph>
    <Words Start="96" End="187" Block="0" Page="190" />
  </Paragraph>
  <Paragraph>
    <Words Start="188" End="333" Block="0" Page="190" />
  </Paragraph>
  <Paragraph>
    <Words Start="334" End="378" Block="0" Page="190" />
  </Paragraph>
  <Paragraph>
    <Words Start="379" End="406" Block="0" Page="190" />
  </Paragraph>
  <Paragraph>
    <Words Start="407" End="408" Block="0" Page="190" />
  </Paragraph>
  <Paragraph>
    <Words Block="0" Page="191" />
  </Paragraph>
  <Paragraph>
    <Words Start="0" End="52" Block="0" Page="192" />
  </Paragraph>
  <Paragraph>
    <Words Start="53" End="188" Block="0" Page="192" />
  </Paragraph>
  <Paragraph>
    <Words Start="0" End="77" Block="4" Page="192" />
  </Paragraph>
  <Paragraph>
    <Words Start="78" End="78" Block="4" Page="192" />
  </Paragraph>
  <Paragraph>
    <Words Start="0" End="48" Block="5" Page="192" />
  </Paragraph>
  <Paragraph>
    <Words Start="49" End="81" Block="5" Page="192" />
    <Words Start="0" End="119" Block="0" Page="193" />
  </Paragraph>
  <Paragraph>
    <Words Start="120" End="281" Block="0" Page="193" />
  </Paragraph>
  <Paragraph>
    <Words Block="1" Page="194" />
  </Paragraph>
  <Paragraph>
    <Words Block="2" Page="194" />
  </Paragraph>
  <Paragraph>
    <Words Block="3" Page="194" />
  </Paragraph>
  <Paragraph>
    <Words Block="4" Page="194" />
  </Paragraph>
  <Paragraph>
    <Words Block="5" Page="194" />
  </Paragraph>
  <Paragraph>
    <Words Block="6" Page="194" />
  </Paragraph>
  <Paragraph>
    <Words Block="7" Page="194" />
  </Paragraph>
  <Paragraph>
    <Words Block="8" Page="194" />
  </Paragraph>
  <Paragraph>
    <Words Block="9" Page="194" />
  </Paragraph>
  <Paragraph>
    <Words Start="0" End="129" Block="0" Page="195" />
  </Paragraph>
  <Paragraph>
    <Words Start="130" End="134" Block="0" Page="195" />
  </Paragraph>
  <Paragraph>
    <Words Start="135" End="356" Block="0" Page="195" />
  </Paragraph>
  <Paragraph>
    <Words Start="357" End="373" Block="0" Page="195" />
  </Paragraph>
  <Paragraph>
    <Words Block="1" Page="195" />
  </Paragraph>
  <Paragraph>
    <Words Block="0" Page="196" />
  </Paragraph>
  <Paragraph>
    <Words Start="0" End="83" Block="1" Page="196" />
  </Paragraph>
  <Paragraph>
    <Words Start="84" End="138" Block="1" Page="196" />
  </Paragraph>
  <Paragraph>
    <Words Block="0" Page="197" />
  </Paragraph>
  <Paragraph>
    <Words Block="1" Page="197" />
  </Paragraph>
  <Paragraph>
    <Words Start="0" End="0" Block="0" Page="198" />
  </Paragraph>
  <Paragraph>
    <Words Start="1" End="1" Block="0" Page="198" />
  </Paragraph>
  <Paragraph>
    <Words Start="0" End="1" Block="1" Page="198" />
  </Paragraph>
  <Paragraph>
    <Words Start="2" End="2" Block="1" Page="198" />
  </Paragraph>
  <Paragraph>
    <Words Start="0" End="123" Block="2" Page="198" />
  </Paragraph>
  <Paragraph>
    <Words Start="124" End="141" Block="2" Page="198" />
  </Paragraph>
  <Paragraph>
    <Words Start="142" End="158" Block="2" Page="198" />
  </Paragraph>
  <Paragraph>
    <Words Start="159" End="173" Block="2" Page="198" />
  </Paragraph>
  <Paragraph>
    <Words Start="174" End="193" Block="2" Page="198" />
  </Paragraph>
  <Paragraph>
    <Words Start="194" End="207" Block="2" Page="198" />
  </Paragraph>
  <Paragraph>
    <Words Start="208" End="252" Block="2" Page="198" />
  </Paragraph>
  <Paragraph>
    <Words Start="0" End="0" Block="0" Page="199" />
  </Paragraph>
  <Paragraph>
    <Words Start="1" End="1" Block="0" Page="199" />
  </Paragraph>
  <Paragraph>
    <Words Start="0" End="1" Block="1" Page="199" />
  </Paragraph>
  <Paragraph>
    <Words Start="2" End="2" Block="1" Page="199" />
  </Paragraph>
  <Paragraph>
    <Words Block="2" Page="199" />
  </Paragraph>
  <Paragraph>
    <Words Start="0" End="1" Block="3" Page="199" />
  </Paragraph>
  <Paragraph>
    <Words Start="2" End="2" Block="3" Page="199" />
  </Paragraph>
  <Paragraph>
    <Words Start="0" End="1" Block="4" Page="199" />
  </Paragraph>
  <Paragraph>
    <Words Start="2" End="2" Block="4" Page="199" />
  </Paragraph>
  <Paragraph>
    <Words Block="5" Page="199" />
  </Paragraph>
  <Paragraph>
    <Words Start="0" End="0" Block="6" Page="199" />
  </Paragraph>
  <Paragraph>
    <Words Start="1" End="1" Block="6" Page="199" />
  </Paragraph>
  <Paragraph>
    <Words Block="7" Page="199" />
  </Paragraph>
  <Paragraph>
    <Words Block="8" Page="199" />
  </Paragraph>
  <Paragraph>
    <Words Block="9" Page="199" />
  </Paragraph>
  <Paragraph>
    <Words Block="10" Page="199" />
  </Paragraph>
  <Paragraph>
    <Words Block="11" Page="199" />
  </Paragraph>
  <Paragraph>
    <Words Block="12" Page="199" />
  </Paragraph>
  <Paragraph>
    <Words Block="13" Page="199" />
  </Paragraph>
  <Paragraph>
    <Words Block="14" Page="199" />
  </Paragraph>
  <Paragraph>
    <Words Start="0" End="1" Block="0" Page="200" />
  </Paragraph>
  <Paragraph>
    <Words Start="2" End="2" Block="0" Page="200" />
  </Paragraph>
  <Paragraph>
    <Words Start="0" End="1" Block="1" Page="200" />
  </Paragraph>
  <Paragraph>
    <Words Start="2" End="2" Block="1" Page="200" />
  </Paragraph>
  <Paragraph>
    <Words Block="2" Page="200" />
  </Paragraph>
  <Paragraph>
    <Words Start="0" End="0" Block="3" Page="200" />
  </Paragraph>
  <Paragraph>
    <Words Start="1" End="1" Block="3" Page="200" />
  </Paragraph>
  <Paragraph>
    <Words Block="4" Page="200" />
  </Paragraph>
  <Paragraph>
    <Words Block="5" Page="200" />
  </Paragraph>
  <Paragraph>
    <Words Block="6" Page="200" />
  </Paragraph>
  <Paragraph>
    <Words Block="7" Page="200" />
  </Paragraph>
  <Paragraph>
    <Words Block="8" Page="200" />
  </Paragraph>
  <Paragraph>
    <Words Block="9" Page="200" />
  </Paragraph>
  <Paragraph>
    <Words Start="0" End="0" Block="10" Page="200" />
  </Paragraph>
  <Paragraph>
    <Words Start="1" End="1" Block="10" Page="200" />
  </Paragraph>
  <Paragraph>
    <Words Block="11" Page="200" />
  </Paragraph>
  <Paragraph>
    <Words Block="12" Page="200" />
  </Paragraph>
  <Paragraph>
    <Words Block="13" Page="200" />
  </Paragraph>
  <Paragraph>
    <Words Block="14" Page="200" />
  </Paragraph>
  <Paragraph>
    <Words Block="15" Page="200" />
  </Paragraph>
  <Paragraph>
    <Words Start="0" End="1" Block="0" Page="201" />
  </Paragraph>
  <Paragraph>
    <Words Start="2" End="2" Block="0" Page="201" />
  </Paragraph>
  <Paragraph>
    <Words Start="0" End="1" Block="1" Page="201" />
  </Paragraph>
  <Paragraph>
    <Words Start="2" End="2" Block="1" Page="201" />
  </Paragraph>
  <Paragraph>
    <Words Block="2" Page="201" />
  </Paragraph>
  <Paragraph>
    <Words Start="0" End="0" Block="3" Page="201" />
  </Paragraph>
  <Paragraph>
    <Words Start="1" End="1" Block="3" Page="201" />
  </Paragraph>
  <Paragraph>
    <Words Block="4" Page="201" />
  </Paragraph>
  <Paragraph>
    <Words Block="5" Page="201" />
  </Paragraph>
  <Paragraph>
    <Words Block="6" Page="201" />
  </Paragraph>
  <Paragraph>
    <Words Block="7" Page="201" />
  </Paragraph>
  <Paragraph>
    <Words Block="8" Page="201" />
  </Paragraph>
  <Paragraph>
    <Words Block="9" Page="201" />
  </Paragraph>
  <Paragraph>
    <Words Block="10" Page="201" />
  </Paragraph>
  <Paragraph>
    <Words Block="11" Page="201" />
  </Paragraph>
  <Paragraph>
    <Words Start="0" End="1" Block="0" Page="202" />
  </Paragraph>
  <Paragraph>
    <Words Start="2" End="2" Block="0" Page="202" />
  </Paragraph>
  <Paragraph>
    <Words Start="0" End="1" Block="1" Page="202" />
  </Paragraph>
  <Paragraph>
    <Words Start="2" End="2" Block="1" Page="202" />
  </Paragraph>
  <Paragraph>
    <Words Block="2" Page="202" />
  </Paragraph>
  <Paragraph>
    <Words Start="0" End="0" Block="3" Page="202" />
  </Paragraph>
  <Paragraph>
    <Words Start="1" End="1" Block="3" Page="202" />
  </Paragraph>
  <Paragraph>
    <Words Block="4" Page="202" />
  </Paragraph>
  <Paragraph>
    <Words Block="5" Page="202" />
  </Paragraph>
  <Paragraph>
    <Words Block="6" Page="202" />
  </Paragraph>
  <Paragraph>
    <Words Block="7" Page="202" />
  </Paragraph>
  <Paragraph>
    <Words Block="8" Page="202" />
  </Paragraph>
  <Paragraph>
    <Words Block="9" Page="202" />
  </Paragraph>
  <Paragraph>
    <Words Block="10" Page="202" />
  </Paragraph>
  <Paragraph>
    <Words Block="11" Page="202" />
  </Paragraph>
  <Paragraph>
    <Words Block="12" Page="202" />
  </Paragraph>
  <Paragraph>
    <Words Block="13" Page="202" />
  </Paragraph>
  <Paragraph>
    <Words Block="14" Page="202" />
  </Paragraph>
  <Paragraph>
    <Words Start="0" End="1" Block="0" Page="203" />
  </Paragraph>
  <Paragraph>
    <Words Start="2" End="2" Block="0" Page="203" />
  </Paragraph>
  <Paragraph>
    <Words Start="0" End="1" Block="1" Page="203" />
  </Paragraph>
  <Paragraph>
    <Words Start="2" End="2" Block="1" Page="203" />
  </Paragraph>
  <Paragraph>
    <Words Block="2" Page="203" />
  </Paragraph>
  <Paragraph>
    <Words Start="0" End="0" Block="3" Page="203" />
  </Paragraph>
  <Paragraph>
    <Words Start="1" End="1" Block="3" Page="203" />
  </Paragraph>
  <Paragraph>
    <Words Start="0" End="11" Block="4" Page="203" />
  </Paragraph>
  <Paragraph>
    <Words Start="12" End="12" Block="4" Page="203" />
  </Paragraph>
  <Paragraph>
    <Words Block="5" Page="203" />
  </Paragraph>
  <Paragraph>
    <Words Block="6" Page="203" />
  </Paragraph>
  <Paragraph>
    <Words Block="7" Page="203" />
  </Paragraph>
  <Paragraph>
    <Words Block="8" Page="203" />
  </Paragraph>
  <Paragraph>
    <Words Block="9" Page="203" />
  </Paragraph>
  <Paragraph>
    <Words Start="0" End="0" Block="0" Page="204" />
  </Paragraph>
  <Paragraph>
    <Words Start="1" End="1" Block="0" Page="204" />
  </Paragraph>
  <Paragraph>
    <Words Start="0" End="2" Block="1" Page="204" />
  </Paragraph>
  <Paragraph>
    <Words Start="3" End="3" Block="1" Page="204" />
  </Paragraph>
  <Paragraph>
    <Words Block="2" Page="204" />
    <Words Block="3" Page="204" />
  </Paragraph>
</Flow>