﻿<?xml version="1.0" encoding="utf-8"?>
<Flow Name="f20">
  <Paragraph>
    <Words Start="0" End="1" Block="0" Page="246" />
  </Paragraph>
  <Paragraph>
    <Words Start="2" End="7" Block="0" Page="246" />
  </Paragraph>
  <Paragraph>
    <Words Start="8" End="8" Block="0" Page="246" />
  </Paragraph>
  <Paragraph>
    <Words Start="0" End="53" Block="0" Page="247" />
  </Paragraph>
  <Paragraph>
    <Words Start="54" End="223" Block="0" Page="247" />
  </Paragraph>
  <Paragraph>
    <Words Start="224" End="357" Block="0" Page="247" />
  </Paragraph>
  <Paragraph>
    <Words Block="1" Page="247" />
  </Paragraph>
  <Paragraph>
    <Words Start="0" End="3" Block="0" Page="248" />
  </Paragraph>
  <Paragraph>
    <Words Start="4" End="4" Block="0" Page="248" />
  </Paragraph>
  <Paragraph>
    <Words Block="1" Page="248" />
    <Words Block="2" Page="248" />
  </Paragraph>
  <Paragraph>
    <Words Block="3" Page="248" />
  </Paragraph>
  <Paragraph>
    <Words Start="0" End="60" Block="4" Page="248" />
  </Paragraph>
  <Paragraph>
    <Words Start="61" End="98" Block="4" Page="248" />
  </Paragraph>
  <Paragraph>
    <Words Start="0" End="1" Block="5" Page="248" />
  </Paragraph>
  <Paragraph>
    <Words Start="2" End="2" Block="5" Page="248" />
  </Paragraph>
  <Paragraph>
    <Words Block="6" Page="248" />
  </Paragraph>
  <Paragraph>
    <Words Start="0" End="3" Block="0" Page="249" />
  </Paragraph>
  <Paragraph>
    <Words Start="4" End="4" Block="0" Page="249" />
  </Paragraph>
  <Paragraph>
    <Words Start="0" End="0" Block="1" Page="249" />
  </Paragraph>
  <Paragraph>
    <Words Start="1" End="1" Block="1" Page="249" />
  </Paragraph>
  <Paragraph>
    <Words Block="2" Page="249" />
  </Paragraph>
  <Paragraph>
    <Words Block="3" Page="249" />
  </Paragraph>
  <Paragraph>
    <Words Block="4" Page="249" />
  </Paragraph>
  <Paragraph>
    <Words Block="5" Page="249" />
  </Paragraph>
  <Paragraph>
    <Words Block="6" Page="249" />
  </Paragraph>
  <Paragraph>
    <Words Start="0" End="2" Block="7" Page="249" />
  </Paragraph>
  <Paragraph>
    <Words Start="3" End="3" Block="7" Page="249" />
  </Paragraph>
  <Paragraph>
    <Words Block="8" Page="249" />
  </Paragraph>
  <Paragraph>
    <Words Start="0" End="0" Block="9" Page="249" />
  </Paragraph>
  <Paragraph>
    <Words Start="1" End="1" Block="9" Page="249" />
  </Paragraph>
  <Paragraph>
    <Words Block="10" Page="249" />
  </Paragraph>
  <Paragraph>
    <Words Start="0" End="0" Block="11" Page="249" />
  </Paragraph>
  <Paragraph>
    <Words Start="1" End="1" Block="11" Page="249" />
  </Paragraph>
  <Paragraph>
    <Words Block="12" Page="249" />
    <Words Block="13" Page="249" />
  </Paragraph>
  <Paragraph>
    <Words Block="0" Page="250" />
  </Paragraph>
  <Paragraph>
    <Words Start="0" End="0" Block="1" Page="250" />
  </Paragraph>
  <Paragraph>
    <Words Start="1" End="1" Block="1" Page="250" />
  </Paragraph>
  <Paragraph>
    <Words Start="0" End="0" Block="2" Page="250" />
  </Paragraph>
  <Paragraph>
    <Words Start="1" End="1" Block="2" Page="250" />
  </Paragraph>
  <Paragraph>
    <Words Start="0" End="77" Block="3" Page="250" />
  </Paragraph>
  <Paragraph>
    <Words Start="78" End="91" Block="3" Page="250" />
  </Paragraph>
  <Paragraph>
    <Words Block="4" Page="250" />
  </Paragraph>
  <Paragraph>
    <Words Block="5" Page="250" />
  </Paragraph>
  <Paragraph>
    <Words Start="0" End="4" Block="6" Page="250" />
  </Paragraph>
  <Paragraph>
    <Words Start="5" End="5" Block="6" Page="250" />
  </Paragraph>
  <Paragraph>
    <Words Block="7" Page="250" />
  </Paragraph>
  <Paragraph>
    <Words Start="0" End="1" Block="0" Page="251" />
  </Paragraph>
  <Paragraph>
    <Words Start="2" End="2" Block="0" Page="251" />
  </Paragraph>
  <Paragraph>
    <Words Start="0" End="129" Block="1" Page="251" />
  </Paragraph>
  <Paragraph>
    <Words Start="130" End="135" Block="1" Page="251" />
  </Paragraph>
  <Paragraph>
    <Words Block="2" Page="251" />
  </Paragraph>
  <Paragraph>
    <Words Block="3" Page="251" />
  </Paragraph>
  <Paragraph>
    <Words Block="0" Page="252" />
  </Paragraph>
  <Paragraph>
    <Words Block="1" Page="252" />
  </Paragraph>
  <Paragraph>
    <Words Block="2" Page="252" />
  </Paragraph>
  <Paragraph>
    <Words Start="0" End="74" Block="3" Page="252" />
  </Paragraph>
  <Paragraph>
    <Words Start="75" End="102" Block="3" Page="252" />
    <Words Start="0" End="18" Block="0" Page="253" />
  </Paragraph>
  <Paragraph>
    <Words Start="19" End="128" Block="0" Page="253" />
  </Paragraph>
  <Paragraph>
    <Words Block="3" Page="253" />
  </Paragraph>
  <Paragraph>
    <Words Start="0" End="5" Block="4" Page="253" />
  </Paragraph>
  <Paragraph>
    <Words Start="6" End="39" Block="4" Page="253" />
  </Paragraph>
  <Paragraph>
    <Words Start="0" End="12" Block="5" Page="253" />
  </Paragraph>
  <Paragraph>
    <Words Start="13" End="13" Block="5" Page="253" />
  </Paragraph>
  <Paragraph>
    <Words Block="6" Page="253" />
  </Paragraph>
  <Paragraph>
    <Words Start="0" End="0" Block="0" Page="254" />
  </Paragraph>
  <Paragraph>
    <Words Start="1" End="1" Block="0" Page="254" />
  </Paragraph>
  <Paragraph>
    <Words Block="1" Page="254" />
  </Paragraph>
  <Paragraph>
    <Words Block="2" Page="254" />
  </Paragraph>
  <Paragraph>
    <Words Block="3" Page="254" />
  </Paragraph>
  <Paragraph>
    <Words Block="4" Page="254" />
  </Paragraph>
  <Paragraph>
    <Words Block="5" Page="254" />
  </Paragraph>
  <Paragraph>
    <Words Block="6" Page="254" />
    <Words Block="7" Page="254" />
  </Paragraph>
  <Paragraph>
    <Words Start="0" End="4" Block="0" Page="255" />
  </Paragraph>
  <Paragraph>
    <Words Start="5" End="5" Block="0" Page="255" />
  </Paragraph>
  <Paragraph>
    <Words Start="0" End="100" Block="1" Page="255" />
  </Paragraph>
  <Paragraph>
    <Words Start="101" End="151" Block="1" Page="255" />
  </Paragraph>
  <Paragraph>
    <Words Start="152" End="289" Block="1" Page="255" />
  </Paragraph>
  <Paragraph>
    <Words Start="290" End="349" Block="1" Page="255" />
  </Paragraph>
  <Paragraph>
    <Words Start="0" End="1" Block="0" Page="256" />
  </Paragraph>
  <Paragraph>
    <Words Start="2" End="2" Block="0" Page="256" />
  </Paragraph>
  <Paragraph>
    <Words Start="0" End="1" Block="1" Page="256" />
  </Paragraph>
  <Paragraph>
    <Words Start="2" End="2" Block="1" Page="256" />
  </Paragraph>
  <Paragraph>
    <Words Block="2" Page="256" />
  </Paragraph>
  <Paragraph>
    <Words Block="3" Page="256" />
  </Paragraph>
  <Paragraph>
    <Words Block="4" Page="256" />
  </Paragraph>
  <Paragraph>
    <Words Start="0" End="1" Block="5" Page="256" />
  </Paragraph>
  <Paragraph>
    <Words Start="2" End="2" Block="5" Page="256" />
  </Paragraph>
  <Paragraph>
    <Words Block="6" Page="256" />
  </Paragraph>
  <Paragraph>
    <Words Block="7" Page="256" />
  </Paragraph>
  <Paragraph>
    <Words Block="8" Page="256" />
  </Paragraph>
  <Paragraph>
    <Words Start="0" End="1" Block="9" Page="256" />
  </Paragraph>
  <Paragraph>
    <Words Start="2" End="2" Block="9" Page="256" />
  </Paragraph>
  <Paragraph>
    <Words Block="10" Page="256" />
  </Paragraph>
  <Paragraph>
    <Words Start="0" End="1" Block="11" Page="256" />
  </Paragraph>
  <Paragraph>
    <Words Start="2" End="2" Block="11" Page="256" />
  </Paragraph>
  <Paragraph>
    <Words Start="0" End="5" Block="12" Page="256" />
  </Paragraph>
  <Paragraph>
    <Words Start="6" End="6" Block="12" Page="256" />
  </Paragraph>
  <Paragraph>
    <Words Block="13" Page="256" />
  </Paragraph>
  <Paragraph>
    <Words Start="0" End="5" Block="14" Page="256" />
  </Paragraph>
  <Paragraph>
    <Words Start="6" End="6" Block="14" Page="256" />
  </Paragraph>
  <Paragraph>
    <Words Start="0" End="1" Block="15" Page="256" />
  </Paragraph>
  <Paragraph>
    <Words Start="2" End="2" Block="15" Page="256" />
  </Paragraph>
  <Paragraph>
    <Words Start="0" End="0" Block="16" Page="256" />
  </Paragraph>
  <Paragraph>
    <Words Start="1" End="1" Block="16" Page="256" />
  </Paragraph>
  <Paragraph>
    <Words Block="17" Page="256" />
  </Paragraph>
  <Paragraph>
    <Words Block="18" Page="256" />
  </Paragraph>
  <Paragraph>
    <Words Block="19" Page="256" />
  </Paragraph>
  <Paragraph>
    <Words Start="0" End="1" Block="20" Page="256" />
  </Paragraph>
  <Paragraph>
    <Words Start="2" End="2" Block="20" Page="256" />
  </Paragraph>
  <Paragraph>
    <Words Start="0" End="0" Block="21" Page="256" />
  </Paragraph>
  <Paragraph>
    <Words Start="1" End="1" Block="21" Page="256" />
  </Paragraph>
  <Paragraph>
    <Words Block="22" Page="256" />
  </Paragraph>
  <Paragraph>
    <Words Block="23" Page="256" />
  </Paragraph>
  <Paragraph>
    <Words Start="0" End="0" Block="26" Page="256" />
  </Paragraph>
  <Paragraph>
    <Words Start="1" End="1" Block="26" Page="256" />
  </Paragraph>
  <Paragraph>
    <Words Start="0" End="7" Block="27" Page="256" />
  </Paragraph>
  <Paragraph>
    <Words Start="8" End="8" Block="27" Page="256" />
  </Paragraph>
  <Paragraph>
    <Words Start="0" End="4" Block="0" Page="257" />
  </Paragraph>
  <Paragraph>
    <Words Start="5" End="5" Block="0" Page="257" />
  </Paragraph>
  <Paragraph>
    <Words Start="0" End="1" Block="1" Page="257" />
  </Paragraph>
  <Paragraph>
    <Words Start="2" End="2" Block="1" Page="257" />
  </Paragraph>
  <Paragraph>
    <Words Block="2" Page="257" />
  </Paragraph>
  <Paragraph>
    <Words Start="0" End="1" Block="3" Page="257" />
  </Paragraph>
  <Paragraph>
    <Words Start="2" End="2" Block="3" Page="257" />
  </Paragraph>
  <Paragraph>
    <Words Block="4" Page="257" />
  </Paragraph>
  <Paragraph>
    <Words Start="0" End="0" Block="5" Page="257" />
  </Paragraph>
  <Paragraph>
    <Words Start="1" End="1" Block="5" Page="257" />
  </Paragraph>
  <Paragraph>
    <Words Block="6" Page="257" />
  </Paragraph>
  <Paragraph>
    <Words Block="7" Page="257" />
  </Paragraph>
  <Paragraph>
    <Words Block="8" Page="257" />
  </Paragraph>
  <Paragraph>
    <Words Start="0" End="1" Block="9" Page="257" />
  </Paragraph>
  <Paragraph>
    <Words Start="2" End="2" Block="9" Page="257" />
  </Paragraph>
  <Paragraph>
    <Words Start="0" End="8" Block="10" Page="257" />
  </Paragraph>
  <Paragraph>
    <Words Start="9" End="19" Block="10" Page="257" />
  </Paragraph>
  <Paragraph>
    <Words Block="11" Page="257" />
  </Paragraph>
  <Paragraph>
    <Words Block="12" Page="257" />
  </Paragraph>
  <Paragraph>
    <Words Start="0" End="1" Block="13" Page="257" />
  </Paragraph>
  <Paragraph>
    <Words Start="2" End="2" Block="13" Page="257" />
  </Paragraph>
  <Paragraph>
    <Words Start="0" End="2" Block="14" Page="257" />
  </Paragraph>
  <Paragraph>
    <Words Start="3" End="3" Block="14" Page="257" />
  </Paragraph>
  <Paragraph>
    <Words Block="15" Page="257" />
  </Paragraph>
  <Paragraph>
    <Words Block="16" Page="257" />
  </Paragraph>
  <Paragraph>
    <Words Block="17" Page="257" />
  </Paragraph>
  <Paragraph>
    <Words Block="18" Page="257" />
  </Paragraph>
  <Paragraph>
    <Words Block="19" Page="257" />
  </Paragraph>
  <Paragraph>
    <Words Block="20" Page="257" />
  </Paragraph>
  <Paragraph>
    <Words Block="21" Page="257" />
  </Paragraph>
  <Paragraph>
    <Words Block="22" Page="257" />
  </Paragraph>
  <Paragraph>
    <Words Block="23" Page="257" />
  </Paragraph>
  <Paragraph>
    <Words Start="0" End="2" Block="0" Page="258" />
  </Paragraph>
  <Paragraph>
    <Words Start="3" End="3" Block="0" Page="258" />
  </Paragraph>
  <Paragraph>
    <Words Block="1" Page="258" />
  </Paragraph>
  <Paragraph>
    <Words Block="2" Page="258" />
  </Paragraph>
  <Paragraph>
    <Words Block="3" Page="258" />
  </Paragraph>
  <Paragraph>
    <Words Block="4" Page="258" />
  </Paragraph>
  <Paragraph>
    <Words Block="5" Page="258" />
  </Paragraph>
  <Paragraph>
    <Words Block="6" Page="258" />
  </Paragraph>
  <Paragraph>
    <Words Start="0" End="1" Block="7" Page="258" />
  </Paragraph>
  <Paragraph>
    <Words Start="2" End="2" Block="7" Page="258" />
  </Paragraph>
  <Paragraph>
    <Words Block="8" Page="258" />
  </Paragraph>
  <Paragraph>
    <Words Start="0" End="31" Block="9" Page="258" />
  </Paragraph>
  <Paragraph>
    <Words Start="32" End="32" Block="9" Page="258" />
  </Paragraph>
  <Paragraph>
    <Words Block="10" Page="258" />
  </Paragraph>
  <Paragraph>
    <Words Start="0" End="0" Block="0" Page="259" />
  </Paragraph>
  <Paragraph>
    <Words Start="1" End="1" Block="0" Page="259" />
  </Paragraph>
  <Paragraph>
    <Words Block="1" Page="259" />
  </Paragraph>
  <Paragraph>
    <Words Block="2" Page="259" />
  </Paragraph>
  <Paragraph>
    <Words Block="3" Page="259" />
  </Paragraph>
  <Paragraph>
    <Words Start="0" End="37" Block="4" Page="259" />
  </Paragraph>
  <Paragraph>
    <Words Start="38" End="112" Block="4" Page="259" />
  </Paragraph>
  <Paragraph>
    <Words Start="113" End="145" Block="4" Page="259" />
  </Paragraph>
  <Paragraph>
    <Words Block="5" Page="259" />
  </Paragraph>
  <Paragraph>
    <Words Start="0" End="2" Block="0" Page="260" />
  </Paragraph>
  <Paragraph>
    <Words Start="3" End="3" Block="0" Page="260" />
  </Paragraph>
  <Paragraph>
    <Words Block="1" Page="260" />
  </Paragraph>
  <Paragraph>
    <Words Start="0" End="1" Block="2" Page="260" />
  </Paragraph>
  <Paragraph>
    <Words Start="2" End="2" Block="2" Page="260" />
  </Paragraph>
  <Paragraph>
    <Words Block="3" Page="260" />
  </Paragraph>
  <Paragraph>
    <Words Block="4" Page="260" />
  </Paragraph>
  <Paragraph>
    <Words Block="5" Page="260" />
  </Paragraph>
  <Paragraph>
    <Words Block="6" Page="260" />
    <Words Start="0" End="106" Block="7" Page="260" />
  </Paragraph>
  <Paragraph>
    <Words Start="107" End="107" Block="7" Page="260" />
    <Words Start="0" End="15" Block="0" Page="261" />
  </Paragraph>
  <Paragraph>
    <Words Start="16" End="41" Block="0" Page="261" />
  </Paragraph>
  <Paragraph>
    <Words Block="1" Page="261" />
  </Paragraph>
  <Paragraph>
    <Words Block="2" Page="261" />
  </Paragraph>
  <Paragraph>
    <Words Block="3" Page="261" />
  </Paragraph>
  <Paragraph>
    <Words Block="4" Page="261" />
  </Paragraph>
  <Paragraph>
    <Words Start="0" End="15" Block="5" Page="261" />
  </Paragraph>
  <Paragraph>
    <Words Start="16" End="16" Block="5" Page="261" />
  </Paragraph>
  <Paragraph>
    <Words Start="0" End="1" Block="6" Page="261" />
  </Paragraph>
  <Paragraph>
    <Words Start="2" End="2" Block="6" Page="261" />
  </Paragraph>
  <Paragraph>
    <Words Block="7" Page="261" />
  </Paragraph>
  <Paragraph>
    <Words Start="0" End="100" Block="8" Page="261" />
  </Paragraph>
  <Paragraph>
    <Words Start="101" End="177" Block="8" Page="261" />
  </Paragraph>
  <Paragraph>
    <Words Block="9" Page="261" />
  </Paragraph>
  <Paragraph>
    <Words Start="0" End="16" Block="10" Page="261" />
  </Paragraph>
  <Paragraph>
    <Words Start="17" End="17" Block="10" Page="261" />
  </Paragraph>
  <Paragraph>
    <Words Start="0" End="1" Block="0" Page="262" />
  </Paragraph>
  <Paragraph>
    <Words Start="2" End="2" Block="0" Page="262" />
  </Paragraph>
  <Paragraph>
    <Words Block="1" Page="262" />
  </Paragraph>
  <Paragraph>
    <Words Block="2" Page="262" />
  </Paragraph>
  <Paragraph>
    <Words Block="3" Page="262" />
  </Paragraph>
  <Paragraph>
    <Words Block="4" Page="262" />
    <Words Start="0" End="47" Block="5" Page="262" />
  </Paragraph>
  <Paragraph>
    <Words Start="48" End="48" Block="5" Page="262" />
  </Paragraph>
  <Paragraph>
    <Words Block="6" Page="262" />
  </Paragraph>
  <Paragraph>
    <Words Start="0" End="18" Block="7" Page="262" />
  </Paragraph>
  <Paragraph>
    <Words Start="19" End="19" Block="7" Page="262" />
  </Paragraph>
  <Paragraph>
    <Words Start="0" End="1" Block="0" Page="263" />
  </Paragraph>
  <Paragraph>
    <Words Start="2" End="2" Block="0" Page="263" />
  </Paragraph>
  <Paragraph>
    <Words Block="1" Page="263" />
  </Paragraph>
  <Paragraph>
    <Words Start="0" End="53" Block="2" Page="263" />
  </Paragraph>
  <Paragraph>
    <Words Start="54" End="62" Block="2" Page="263" />
  </Paragraph>
  <Paragraph>
    <Words Start="63" End="77" Block="2" Page="263" />
    <Words Block="3" Page="263" />
  </Paragraph>
  <Paragraph>
    <Words Block="4" Page="263" />
  </Paragraph>
  <Paragraph>
    <Words Start="0" End="13" Block="5" Page="263" />
  </Paragraph>
  <Paragraph>
    <Words Start="14" End="14" Block="5" Page="263" />
  </Paragraph>
  <Paragraph>
    <Words Start="0" End="1" Block="6" Page="263" />
  </Paragraph>
  <Paragraph>
    <Words Start="2" End="2" Block="6" Page="263" />
  </Paragraph>
  <Paragraph>
    <Words Block="7" Page="263" />
  </Paragraph>
  <Paragraph>
    <Words Block="8" Page="263" />
  </Paragraph>
  <Paragraph>
    <Words Block="9" Page="263" />
    <Words Start="0" End="93" Block="10" Page="263" />
  </Paragraph>
  <Paragraph>
    <Words Start="94" End="94" Block="10" Page="263" />
  </Paragraph>
  <Paragraph>
    <Words Block="0" Page="264" />
  </Paragraph>
  <Paragraph>
    <Words Start="0" End="17" Block="1" Page="264" />
  </Paragraph>
  <Paragraph>
    <Words Start="18" End="18" Block="1" Page="264" />
  </Paragraph>
  <Paragraph>
    <Words Start="0" End="1" Block="2" Page="264" />
  </Paragraph>
  <Paragraph>
    <Words Start="2" End="2" Block="2" Page="264" />
  </Paragraph>
  <Paragraph>
    <Words Block="3" Page="264" />
  </Paragraph>
  <Paragraph>
    <Words Block="4" Page="264" />
  </Paragraph>
  <Paragraph>
    <Words Block="5" Page="264" />
  </Paragraph>
  <Paragraph>
    <Words Start="0" End="16" Block="6" Page="264" />
  </Paragraph>
  <Paragraph>
    <Words Start="17" End="17" Block="6" Page="264" />
  </Paragraph>
  <Paragraph>
    <Words Start="0" End="1" Block="7" Page="264" />
  </Paragraph>
  <Paragraph>
    <Words Start="2" End="2" Block="7" Page="264" />
  </Paragraph>
  <Paragraph>
    <Words Block="8" Page="264" />
  </Paragraph>
  <Paragraph>
    <Words Block="9" Page="264" />
  </Paragraph>
  <Paragraph>
    <Words Block="10" Page="264" />
  </Paragraph>
  <Paragraph>
    <Words Block="11" Page="264" />
  </Paragraph>
  <Paragraph>
    <Words Block="12" Page="264" />
  </Paragraph>
  <Paragraph>
    <Words Start="0" End="18" Block="13" Page="264" />
  </Paragraph>
  <Paragraph>
    <Words Start="19" End="19" Block="13" Page="264" />
  </Paragraph>
  <Paragraph>
    <Words Start="0" End="5" Block="14" Page="264" />
  </Paragraph>
  <Paragraph>
    <Words Start="6" End="6" Block="14" Page="264" />
  </Paragraph>
  <Paragraph>
    <Words Start="0" End="52" Block="15" Page="264" />
  </Paragraph>
  <Paragraph>
    <Words Start="53" End="53" Block="15" Page="264" />
  </Paragraph>
  <Paragraph>
    <Words Start="0" End="107" Block="0" Page="265" />
  </Paragraph>
  <Paragraph>
    <Words Start="108" End="267" Block="0" Page="265" />
  </Paragraph>
  <Paragraph>
    <Words Start="268" End="329" Block="0" Page="265" />
  </Paragraph>
  <Paragraph>
    <Words Start="0" End="1" Block="1" Page="265" />
  </Paragraph>
  <Paragraph>
    <Words Start="2" End="2" Block="1" Page="265" />
  </Paragraph>
  <Paragraph>
    <Words Start="0" End="72" Block="2" Page="265" />
  </Paragraph>
  <Paragraph>
    <Words Start="73" End="152" Block="2" Page="265" />
  </Paragraph>
  <Paragraph>
    <Words Block="3" Page="265" />
  </Paragraph>
  <Paragraph>
    <Words Block="0" Page="266" />
  </Paragraph>
  <Paragraph>
    <Words Block="1" Page="266" />
  </Paragraph>
  <Paragraph>
    <Words Block="2" Page="266" />
  </Paragraph>
  <Paragraph>
    <Words Block="3" Page="266" />
  </Paragraph>
  <Paragraph>
    <Words Start="0" End="44" Block="4" Page="266" />
  </Paragraph>
  <Paragraph>
    <Words Start="45" End="45" Block="4" Page="266" />
  </Paragraph>
  <Paragraph>
    <Words Block="0" Page="267" />
  </Paragraph>
  <Paragraph>
    <Words Block="1" Page="267" />
  </Paragraph>
  <Paragraph>
    <Words Block="2" Page="267" />
  </Paragraph>
  <Paragraph>
    <Words Start="0" End="1" Block="3" Page="267" />
  </Paragraph>
  <Paragraph>
    <Words Start="2" End="2" Block="3" Page="267" />
  </Paragraph>
  <Paragraph>
    <Words Block="4" Page="267" />
  </Paragraph>
  <Paragraph>
    <Words Start="0" End="1" Block="5" Page="267" />
  </Paragraph>
  <Paragraph>
    <Words Start="2" End="2" Block="5" Page="267" />
  </Paragraph>
  <Paragraph>
    <Words Block="6" Page="267" />
    <Words Block="0" Page="268" />
  </Paragraph>
  <Paragraph>
    <Words Start="0" End="1" Block="1" Page="268" />
  </Paragraph>
  <Paragraph>
    <Words Start="2" End="2" Block="1" Page="268" />
  </Paragraph>
  <Paragraph>
    <Words Block="2" Page="268" />
  </Paragraph>
  <Paragraph>
    <Words Start="0" End="2" Block="3" Page="268" />
  </Paragraph>
  <Paragraph>
    <Words Start="3" End="3" Block="3" Page="268" />
  </Paragraph>
  <Paragraph>
    <Words Start="0" End="26" Block="4" Page="268" />
  </Paragraph>
  <Paragraph>
    <Words Start="27" End="127" Block="4" Page="268" />
  </Paragraph>
  <Paragraph>
    <Words Start="0" End="4" Block="5" Page="268" />
  </Paragraph>
  <Paragraph>
    <Words Start="5" End="5" Block="5" Page="268" />
  </Paragraph>
  <Paragraph>
    <Words Block="6" Page="268" />
  </Paragraph>
  <Paragraph>
    <Words Start="0" End="30" Block="0" Page="269" />
  </Paragraph>
  <Paragraph>
    <Words Start="31" End="31" Block="0" Page="269" />
  </Paragraph>
  <Paragraph>
    <Words Block="1" Page="269" />
  </Paragraph>
  <Paragraph>
    <Words Block="2" Page="269" />
  </Paragraph>
  <Paragraph>
    <Words Start="0" End="0" Block="3" Page="269" />
  </Paragraph>
  <Paragraph>
    <Words Start="1" End="1" Block="3" Page="269" />
  </Paragraph>
  <Paragraph>
    <Words Block="4" Page="269" />
  </Paragraph>
  <Paragraph>
    <Words Block="0" Page="270" />
  </Paragraph>
  <Paragraph>
    <Words Block="1" Page="270" />
  </Paragraph>
  <Paragraph>
    <Words Start="0" End="0" Block="2" Page="270" />
  </Paragraph>
  <Paragraph>
    <Words Start="1" End="1" Block="2" Page="270" />
  </Paragraph>
  <Paragraph>
    <Words Block="3" Page="270" />
  </Paragraph>
  <Paragraph>
    <Words Start="0" End="5" Block="4" Page="270" />
  </Paragraph>
  <Paragraph>
    <Words Start="6" End="6" Block="4" Page="270" />
  </Paragraph>
  <Paragraph>
    <Words Block="5" Page="270" />
  </Paragraph>
  <Paragraph>
    <Words Block="6" Page="270" />
  </Paragraph>
  <Paragraph>
    <Words Block="7" Page="270" />
  </Paragraph>
  <Paragraph>
    <Words Block="8" Page="270" />
  </Paragraph>
  <Paragraph>
    <Words Block="9" Page="270" />
  </Paragraph>
  <Paragraph>
    <Words Block="0" Page="271" />
  </Paragraph>
  <Paragraph>
    <Words Start="0" End="1" Block="1" Page="271" />
  </Paragraph>
  <Paragraph>
    <Words Start="2" End="2" Block="1" Page="271" />
  </Paragraph>
  <Paragraph>
    <Words Start="0" End="97" Block="2" Page="271" />
  </Paragraph>
  <Paragraph>
    <Words Start="98" End="123" Block="2" Page="271" />
  </Paragraph>
  <Paragraph>
    <Words Start="124" End="218" Block="2" Page="271" />
  </Paragraph>
  <Paragraph>
    <Words Block="0" Page="272" />
  </Paragraph>
  <Paragraph>
    <Words Block="1" Page="272" />
  </Paragraph>
  <Paragraph>
    <Words Block="2" Page="272" />
  </Paragraph>
  <Paragraph>
    <Words Block="3" Page="272" />
  </Paragraph>
  <Paragraph>
    <Words Block="4" Page="272" />
  </Paragraph>
  <Paragraph>
    <Words Block="5" Page="272" />
  </Paragraph>
  <Paragraph>
    <Words Block="6" Page="272" />
  </Paragraph>
  <Paragraph>
    <Words Block="7" Page="272" />
  </Paragraph>
  <Paragraph>
    <Words Block="8" Page="272" />
  </Paragraph>
  <Paragraph>
    <Words Block="9" Page="272" />
  </Paragraph>
  <Paragraph>
    <Words Block="10" Page="272" />
  </Paragraph>
  <Paragraph>
    <Words Start="0" End="2" Block="0" Page="273" />
  </Paragraph>
  <Paragraph>
    <Words Start="3" End="3" Block="0" Page="273" />
  </Paragraph>
  <Paragraph>
    <Words Block="1" Page="273" />
    <Words Block="2" Page="273" />
  </Paragraph>
  <Paragraph>
    <Words Block="3" Page="273" />
  </Paragraph>
  <Paragraph>
    <Words Block="4" Page="273" />
    <Words Start="0" End="90" Block="5" Page="273" />
  </Paragraph>
  <Paragraph>
    <Words Start="91" End="103" Block="5" Page="273" />
  </Paragraph>
  <Paragraph>
    <Words Block="0" Page="274" />
  </Paragraph>
  <Paragraph>
    <Words Start="0" End="0" Block="1" Page="274" />
  </Paragraph>
  <Paragraph>
    <Words Start="1" End="1" Block="1" Page="274" />
  </Paragraph>
  <Paragraph>
    <Words Block="2" Page="274" />
  </Paragraph>
  <Paragraph>
    <Words Start="0" End="0" Block="3" Page="274" />
  </Paragraph>
  <Paragraph>
    <Words Start="1" End="1" Block="3" Page="274" />
  </Paragraph>
  <Paragraph>
    <Words Block="4" Page="274" />
  </Paragraph>
  <Paragraph>
    <Words Block="5" Page="274" />
  </Paragraph>
  <Paragraph>
    <Words Block="6" Page="274" />
  </Paragraph>
  <Paragraph>
    <Words Block="7" Page="274" />
  </Paragraph>
  <Paragraph>
    <Words Block="8" Page="274" />
  </Paragraph>
  <Paragraph>
    <Words Block="9" Page="274" />
  </Paragraph>
  <Paragraph>
    <Words Block="10" Page="274" />
  </Paragraph>
  <Paragraph>
    <Words Block="11" Page="274" />
  </Paragraph>
  <Paragraph>
    <Words Start="0" End="0" Block="12" Page="274" />
  </Paragraph>
  <Paragraph>
    <Words Start="1" End="1" Block="12" Page="274" />
  </Paragraph>
  <Paragraph>
    <Words Block="13" Page="274" />
  </Paragraph>
  <Paragraph>
    <Words Block="14" Page="274" />
  </Paragraph>
  <Paragraph>
    <Words Block="15" Page="274" />
  </Paragraph>
  <Paragraph>
    <Words Start="0" End="0" Block="16" Page="274" />
  </Paragraph>
  <Paragraph>
    <Words Start="1" End="1" Block="16" Page="274" />
  </Paragraph>
  <Paragraph>
    <Words Start="0" End="2" Block="17" Page="274" />
  </Paragraph>
  <Paragraph>
    <Words Start="3" End="3" Block="17" Page="274" />
  </Paragraph>
  <Paragraph>
    <Words Block="18" Page="274" />
  </Paragraph>
  <Paragraph>
    <Words Block="19" Page="274" />
  </Paragraph>
  <Paragraph>
    <Words Block="20" Page="274" />
  </Paragraph>
  <Paragraph>
    <Words Start="0" End="2" Block="21" Page="274" />
  </Paragraph>
  <Paragraph>
    <Words Start="3" End="3" Block="21" Page="274" />
  </Paragraph>
  <Paragraph>
    <Words Block="22" Page="274" />
  </Paragraph>
  <Paragraph>
    <Words Block="23" Page="274" />
  </Paragraph>
  <Paragraph>
    <Words Block="24" Page="274" />
  </Paragraph>
  <Paragraph>
    <Words Block="25" Page="274" />
  </Paragraph>
  <Paragraph>
    <Words Block="26" Page="274" />
  </Paragraph>
  <Paragraph>
    <Words Block="27" Page="274" />
  </Paragraph>
  <Paragraph>
    <Words Block="28" Page="274" />
  </Paragraph>
  <Paragraph>
    <Words Start="0" End="0" Block="0" Page="275" />
  </Paragraph>
  <Paragraph>
    <Words Start="1" End="1" Block="0" Page="275" />
  </Paragraph>
  <Paragraph>
    <Words Block="1" Page="275" />
    <Words Block="2" Page="275" />
  </Paragraph>
  <Paragraph>
    <Words Block="3" Page="275" />
  </Paragraph>
  <Paragraph>
    <Words Start="0" End="0" Block="4" Page="275" />
  </Paragraph>
  <Paragraph>
    <Words Start="1" End="1" Block="4" Page="275" />
  </Paragraph>
  <Paragraph>
    <Words Start="0" End="0" Block="5" Page="275" />
  </Paragraph>
  <Paragraph>
    <Words Start="1" End="1" Block="5" Page="275" />
  </Paragraph>
  <Paragraph>
    <Words Block="6" Page="275" />
  </Paragraph>
  <Paragraph>
    <Words Block="7" Page="275" />
  </Paragraph>
  <Paragraph>
    <Words Block="8" Page="275" />
  </Paragraph>
  <Paragraph>
    <Words Block="9" Page="275" />
  </Paragraph>
  <Paragraph>
    <Words Block="10" Page="275" />
  </Paragraph>
  <Paragraph>
    <Words Block="11" Page="275" />
  </Paragraph>
  <Paragraph>
    <Words Block="0" Page="276" />
  </Paragraph>
  <Paragraph>
    <Words Start="0" End="0" Block="1" Page="276" />
  </Paragraph>
  <Paragraph>
    <Words Start="1" End="1" Block="1" Page="276" />
  </Paragraph>
  <Paragraph>
    <Words Start="0" End="0" Block="2" Page="276" />
  </Paragraph>
  <Paragraph>
    <Words Start="1" End="1" Block="2" Page="276" />
  </Paragraph>
  <Paragraph>
    <Words Block="3" Page="276" />
  </Paragraph>
  <Paragraph>
    <Words Block="4" Page="276" />
  </Paragraph>
  <Paragraph>
    <Words Block="5" Page="276" />
  </Paragraph>
  <Paragraph>
    <Words Block="6" Page="276" />
  </Paragraph>
  <Paragraph>
    <Words Block="7" Page="276" />
  </Paragraph>
  <Paragraph>
    <Words Block="8" Page="276" />
  </Paragraph>
  <Paragraph>
    <Words Block="9" Page="276" />
  </Paragraph>
  <Paragraph>
    <Words Block="10" Page="276" />
  </Paragraph>
  <Paragraph>
    <Words Block="11" Page="276" />
  </Paragraph>
  <Paragraph>
    <Words Start="0" End="0" Block="0" Page="277" />
  </Paragraph>
  <Paragraph>
    <Words Start="1" End="1" Block="0" Page="277" />
  </Paragraph>
  <Paragraph>
    <Words Block="1" Page="277" />
  </Paragraph>
  <Paragraph>
    <Words Block="2" Page="277" />
  </Paragraph>
  <Paragraph>
    <Words Start="0" End="26" Block="3" Page="277" />
  </Paragraph>
  <Paragraph>
    <Words Start="27" End="33" Block="3" Page="277" />
  </Paragraph>
  <Paragraph>
    <Words Start="34" End="45" Block="3" Page="277" />
  </Paragraph>
  <Paragraph>
    <Words Start="46" End="46" Block="3" Page="277" />
  </Paragraph>
  <Paragraph>
    <Words Block="4" Page="277" />
  </Paragraph>
  <Paragraph>
    <Words Block="5" Page="277" />
  </Paragraph>
  <Paragraph>
    <Words Block="6" Page="277" />
  </Paragraph>
  <Paragraph>
    <Words Start="0" End="12" Block="7" Page="277" />
  </Paragraph>
  <Paragraph>
    <Words Start="13" End="17" Block="7" Page="277" />
  </Paragraph>
  <Paragraph>
    <Words Start="18" End="18" Block="7" Page="277" />
  </Paragraph>
  <Paragraph>
    <Words Start="0" End="3" Block="8" Page="277" />
  </Paragraph>
  <Paragraph>
    <Words Start="4" End="4" Block="8" Page="277" />
  </Paragraph>
  <Paragraph>
    <Words Start="0" End="1" Block="9" Page="277" />
  </Paragraph>
  <Paragraph>
    <Words Start="2" End="2" Block="9" Page="277" />
  </Paragraph>
  <Paragraph>
    <Words Start="0" End="1" Block="10" Page="277" />
  </Paragraph>
  <Paragraph>
    <Words Start="2" End="2" Block="10" Page="277" />
  </Paragraph>
  <Paragraph>
    <Words Block="11" Page="277" />
  </Paragraph>
  <Paragraph>
    <Words Block="12" Page="277" />
  </Paragraph>
  <Paragraph>
    <Words Block="13" Page="277" />
  </Paragraph>
  <Paragraph>
    <Words Start="0" End="23" Block="14" Page="277" />
  </Paragraph>
  <Paragraph>
    <Words Start="24" End="24" Block="14" Page="277" />
  </Paragraph>
  <Paragraph>
    <Words Start="0" End="1" Block="0" Page="278" />
  </Paragraph>
  <Paragraph>
    <Words Start="2" End="2" Block="0" Page="278" />
  </Paragraph>
  <Paragraph>
    <Words Start="0" End="1" Block="1" Page="278" />
  </Paragraph>
  <Paragraph>
    <Words Start="2" End="2" Block="1" Page="278" />
  </Paragraph>
  <Paragraph>
    <Words Block="2" Page="278" />
  </Paragraph>
  <Paragraph>
    <Words Block="3" Page="278" />
  </Paragraph>
  <Paragraph>
    <Words Block="4" Page="278" />
  </Paragraph>
  <Paragraph>
    <Words Block="5" Page="278" />
  </Paragraph>
  <Paragraph>
    <Words Block="6" Page="278" />
  </Paragraph>
  <Paragraph>
    <Words Block="7" Page="278" />
  </Paragraph>
  <Paragraph>
    <Words Block="8" Page="278" />
  </Paragraph>
  <Paragraph>
    <Words Block="9" Page="278" />
  </Paragraph>
  <Paragraph>
    <Words Block="10" Page="278" />
  </Paragraph>
  <Paragraph>
    <Words Block="11" Page="278" />
  </Paragraph>
  <Paragraph>
    <Words Block="12" Page="278" />
  </Paragraph>
  <Paragraph>
    <Words Start="0" End="6" Block="13" Page="278" />
  </Paragraph>
  <Paragraph>
    <Words Start="7" End="7" Block="13" Page="278" />
  </Paragraph>
  <Paragraph>
    <Words Start="0" End="2" Block="0" Page="279" />
  </Paragraph>
  <Paragraph>
    <Words Start="3" End="3" Block="0" Page="279" />
  </Paragraph>
  <Paragraph>
    <Words Start="0" End="0" Block="1" Page="279" />
  </Paragraph>
  <Paragraph>
    <Words Start="1" End="1" Block="1" Page="279" />
  </Paragraph>
  <Paragraph>
    <Words Start="0" End="2" Block="2" Page="279" />
  </Paragraph>
  <Paragraph>
    <Words Start="3" End="8" Block="2" Page="279" />
  </Paragraph>
  <Paragraph>
    <Words Block="3" Page="279" />
  </Paragraph>
  <Paragraph>
    <Words Block="4" Page="279" />
  </Paragraph>
  <Paragraph>
    <Words Block="5" Page="279" />
    <Words Block="6" Page="279" />
    <Words Block="7" Page="279" />
    <Words Block="8" Page="279" />
    <Words Block="9" Page="279" />
  </Paragraph>
  <Paragraph>
    <Words Block="10" Page="279" />
  </Paragraph>
  <Paragraph>
    <Words Block="11" Page="279" />
  </Paragraph>
  <Paragraph>
    <Words Block="12" Page="279" />
  </Paragraph>
  <Paragraph>
    <Words Block="0" Page="280" />
  </Paragraph>
  <Paragraph>
    <Words Start="0" End="21" Block="1" Page="280" />
  </Paragraph>
  <Paragraph>
    <Words Start="22" End="49" Block="1" Page="280" />
  </Paragraph>
  <Paragraph>
    <Words Block="2" Page="280" />
  </Paragraph>
  <Paragraph>
    <Words Block="3" Page="280" />
  </Paragraph>
  <Paragraph>
    <Words Block="4" Page="280" />
  </Paragraph>
  <Paragraph>
    <Words Block="5" Page="280" />
  </Paragraph>
  <Paragraph>
    <Words Start="0" End="0" Block="0" Page="281" />
  </Paragraph>
  <Paragraph>
    <Words Start="1" End="1" Block="0" Page="281" />
  </Paragraph>
  <Paragraph>
    <Words Block="1" Page="281" />
  </Paragraph>
  <Paragraph>
    <Words Block="2" Page="281" />
  </Paragraph>
  <Paragraph>
    <Words Block="3" Page="281" />
  </Paragraph>
  <Paragraph>
    <Words Block="4" Page="281" />
  </Paragraph>
  <Paragraph>
    <Words Block="5" Page="281" />
  </Paragraph>
  <Paragraph>
    <Words Block="6" Page="281" />
  </Paragraph>
  <Paragraph>
    <Words Block="0" Page="282" />
  </Paragraph>
  <Paragraph>
    <Words Start="0" End="26" Block="1" Page="282" />
  </Paragraph>
  <Paragraph>
    <Words Start="27" End="85" Block="1" Page="282" />
  </Paragraph>
  <Paragraph>
    <Words Block="2" Page="282" />
  </Paragraph>
  <Paragraph>
    <Words Block="3" Page="282" />
  </Paragraph>
  <Paragraph>
    <Words Block="4" Page="282" />
  </Paragraph>
  <Paragraph>
    <Words Block="5" Page="282" />
  </Paragraph>
  <Paragraph>
    <Words Block="0" Page="283" />
  </Paragraph>
  <Paragraph>
    <Words Block="1" Page="283" />
  </Paragraph>
  <Paragraph>
    <Words Block="2" Page="283" />
  </Paragraph>
  <Paragraph>
    <Words Block="3" Page="283" />
  </Paragraph>
  <Paragraph>
    <Words Block="4" Page="283" />
  </Paragraph>
  <Paragraph>
    <Words Block="5" Page="283" />
  </Paragraph>
  <Paragraph>
    <Words Block="0" Page="284" />
  </Paragraph>
  <Paragraph>
    <Words Block="1" Page="284" />
  </Paragraph>
  <Paragraph>
    <Words Block="2" Page="284" />
  </Paragraph>
  <Paragraph>
    <Words Block="3" Page="284" />
  </Paragraph>
  <Paragraph>
    <Words Block="4" Page="284" />
  </Paragraph>
  <Paragraph>
    <Words Block="5" Page="284" />
  </Paragraph>
  <Paragraph>
    <Words Block="0" Page="285" />
  </Paragraph>
  <Paragraph>
    <Words Block="1" Page="285" />
  </Paragraph>
  <Paragraph>
    <Words Block="2" Page="285" />
  </Paragraph>
  <Paragraph>
    <Words Block="3" Page="285" />
  </Paragraph>
  <Paragraph>
    <Words Block="4" Page="285" />
  </Paragraph>
  <Paragraph>
    <Words Block="5" Page="285" />
  </Paragraph>
  <Paragraph>
    <Words Start="0" End="14" Block="0" Page="286" />
  </Paragraph>
  <Paragraph>
    <Words Start="15" End="15" Block="0" Page="286" />
  </Paragraph>
  <Paragraph>
    <Words Block="1" Page="286" />
  </Paragraph>
  <Paragraph>
    <Words Block="2" Page="286" />
  </Paragraph>
  <Paragraph>
    <Words Block="3" Page="286" />
  </Paragraph>
  <Paragraph>
    <Words Block="4" Page="286" />
  </Paragraph>
  <Paragraph>
    <Words Block="5" Page="286" />
  </Paragraph>
  <Paragraph>
    <Words Block="0" Page="287" />
  </Paragraph>
  <Paragraph>
    <Words Block="1" Page="287" />
  </Paragraph>
  <Paragraph>
    <Words Block="2" Page="287" />
  </Paragraph>
  <Paragraph>
    <Words Block="3" Page="287" />
  </Paragraph>
  <Paragraph>
    <Words Block="4" Page="287" />
  </Paragraph>
  <Paragraph>
    <Words Block="5" Page="287" />
  </Paragraph>
  <Paragraph>
    <Words Start="0" End="1" Block="0" Page="288" />
  </Paragraph>
  <Paragraph>
    <Words Start="2" End="9" Block="0" Page="288" />
  </Paragraph>
  <Paragraph>
    <Words Start="10" End="15" Block="0" Page="288" />
  </Paragraph>
  <Paragraph>
    <Words Block="1" Page="288" />
  </Paragraph>
  <Paragraph>
    <Words Block="2" Page="288" />
  </Paragraph>
  <Paragraph>
    <Words Block="3" Page="288" />
  </Paragraph>
  <Paragraph>
    <Words Block="4" Page="288" />
  </Paragraph>
  <Paragraph>
    <Words Block="5" Page="288" />
  </Paragraph>
  <Paragraph>
    <Words Block="6" Page="288" />
  </Paragraph>
  <Paragraph>
    <Words Block="0" Page="289" />
  </Paragraph>
  <Paragraph>
    <Words Block="1" Page="289" />
  </Paragraph>
  <Paragraph>
    <Words Block="2" Page="289" />
  </Paragraph>
  <Paragraph>
    <Words Block="3" Page="289" />
  </Paragraph>
  <Paragraph>
    <Words Block="4" Page="289" />
  </Paragraph>
  <Paragraph>
    <Words Block="5" Page="289" />
  </Paragraph>
  <Paragraph>
    <Words Block="6" Page="289" />
  </Paragraph>
  <Paragraph>
    <Words Block="0" Page="290" />
  </Paragraph>
  <Paragraph>
    <Words Block="1" Page="290" />
  </Paragraph>
  <Paragraph>
    <Words Block="2" Page="290" />
  </Paragraph>
  <Paragraph>
    <Words Block="3" Page="290" />
  </Paragraph>
  <Paragraph>
    <Words Block="4" Page="290" />
  </Paragraph>
  <Paragraph>
    <Words Block="5" Page="290" />
  </Paragraph>
  <Paragraph>
    <Words Block="6" Page="290" />
  </Paragraph>
  <Paragraph>
    <Words Start="0" End="4" Block="0" Page="291" />
  </Paragraph>
  <Paragraph>
    <Words Start="5" End="10" Block="0" Page="291" />
  </Paragraph>
  <Paragraph>
    <Words Block="1" Page="291" />
  </Paragraph>
  <Paragraph>
    <Words Block="2" Page="291" />
  </Paragraph>
  <Paragraph>
    <Words Block="3" Page="291" />
  </Paragraph>
  <Paragraph>
    <Words Block="4" Page="291" />
  </Paragraph>
  <Paragraph>
    <Words Block="5" Page="291" />
  </Paragraph>
  <Paragraph>
    <Words Block="6" Page="291" />
  </Paragraph>
  <Paragraph>
    <Words Start="0" End="6" Block="0" Page="292" />
  </Paragraph>
  <Paragraph>
    <Words Start="7" End="12" Block="0" Page="292" />
  </Paragraph>
  <Paragraph>
    <Words Block="1" Page="292" />
  </Paragraph>
  <Paragraph>
    <Words Block="2" Page="292" />
  </Paragraph>
  <Paragraph>
    <Words Block="3" Page="292" />
  </Paragraph>
  <Paragraph>
    <Words Block="4" Page="292" />
  </Paragraph>
  <Paragraph>
    <Words Block="5" Page="292" />
  </Paragraph>
  <Paragraph>
    <Words Block="6" Page="292" />
  </Paragraph>
  <Paragraph>
    <Words Block="0" Page="293" />
  </Paragraph>
  <Paragraph>
    <Words Block="1" Page="293" />
  </Paragraph>
  <Paragraph>
    <Words Block="2" Page="293" />
  </Paragraph>
  <Paragraph>
    <Words Block="3" Page="293" />
  </Paragraph>
  <Paragraph>
    <Words Block="4" Page="293" />
  </Paragraph>
  <Paragraph>
    <Words Block="5" Page="293" />
  </Paragraph>
  <Paragraph>
    <Words Start="0" End="5" Block="0" Page="294" />
  </Paragraph>
  <Paragraph>
    <Words Start="6" End="11" Block="0" Page="294" />
  </Paragraph>
  <Paragraph>
    <Words Block="1" Page="294" />
  </Paragraph>
  <Paragraph>
    <Words Block="2" Page="294" />
  </Paragraph>
  <Paragraph>
    <Words Block="3" Page="294" />
  </Paragraph>
  <Paragraph>
    <Words Block="4" Page="294" />
  </Paragraph>
  <Paragraph>
    <Words Block="5" Page="294" />
  </Paragraph>
  <Paragraph>
    <Words Block="6" Page="294" />
  </Paragraph>
  <Paragraph>
    <Words Start="0" End="2" Block="0" Page="295" />
  </Paragraph>
  <Paragraph>
    <Words Start="3" End="8" Block="0" Page="295" />
  </Paragraph>
  <Paragraph>
    <Words Block="1" Page="295" />
  </Paragraph>
  <Paragraph>
    <Words Block="2" Page="295" />
  </Paragraph>
  <Paragraph>
    <Words Block="3" Page="295" />
  </Paragraph>
  <Paragraph>
    <Words Block="4" Page="295" />
  </Paragraph>
  <Paragraph>
    <Words Block="5" Page="295" />
  </Paragraph>
  <Paragraph>
    <Words Start="0" End="4" Block="0" Page="296" />
  </Paragraph>
  <Paragraph>
    <Words Start="5" End="10" Block="0" Page="296" />
  </Paragraph>
  <Paragraph>
    <Words Block="1" Page="296" />
  </Paragraph>
  <Paragraph>
    <Words Block="2" Page="296" />
  </Paragraph>
  <Paragraph>
    <Words Block="3" Page="296" />
  </Paragraph>
  <Paragraph>
    <Words Block="4" Page="296" />
  </Paragraph>
  <Paragraph>
    <Words Block="5" Page="296" />
  </Paragraph>
  <Paragraph>
    <Words Start="0" End="7" Block="0" Page="297" />
  </Paragraph>
  <Paragraph>
    <Words Start="8" End="13" Block="0" Page="297" />
  </Paragraph>
  <Paragraph>
    <Words Block="1" Page="297" />
  </Paragraph>
  <Paragraph>
    <Words Block="2" Page="297" />
  </Paragraph>
  <Paragraph>
    <Words Block="3" Page="297" />
  </Paragraph>
  <Paragraph>
    <Words Block="4" Page="297" />
  </Paragraph>
  <Paragraph>
    <Words Block="5" Page="297" />
  </Paragraph>
  <Paragraph>
    <Words Start="0" End="4" Block="0" Page="298" />
  </Paragraph>
  <Paragraph>
    <Words Start="5" End="10" Block="0" Page="298" />
  </Paragraph>
  <Paragraph>
    <Words Block="1" Page="298" />
  </Paragraph>
  <Paragraph>
    <Words Block="2" Page="298" />
    <Words Block="3" Page="298" />
    <Words Block="4" Page="298" />
    <Words Block="5" Page="298" />
    <Words Block="6" Page="298" />
    <Words Block="7" Page="298" />
  </Paragraph>
  <Paragraph>
    <Words Block="8" Page="298" />
  </Paragraph>
  <Paragraph>
    <Words Block="9" Page="298" />
  </Paragraph>
  <Paragraph>
    <Words Block="10" Page="298" />
  </Paragraph>
  <Paragraph>
    <Words Block="0" Page="299" />
  </Paragraph>
  <Paragraph>
    <Words Start="0" End="28" Block="1" Page="299" />
  </Paragraph>
  <Paragraph>
    <Words Start="29" End="38" Block="1" Page="299" />
  </Paragraph>
  <Paragraph>
    <Words Block="2" Page="299" />
  </Paragraph>
  <Paragraph>
    <Words Block="3" Page="299" />
  </Paragraph>
  <Paragraph>
    <Words Block="4" Page="299" />
  </Paragraph>
  <Paragraph>
    <Words Block="5" Page="299" />
  </Paragraph>
  <Paragraph>
    <Words Start="0" End="0" Block="0" Page="300" />
  </Paragraph>
  <Paragraph>
    <Words Start="1" End="1" Block="0" Page="300" />
  </Paragraph>
  <Paragraph>
    <Words Start="0" End="5" Block="1" Page="300" />
  </Paragraph>
  <Paragraph>
    <Words Start="6" End="11" Block="1" Page="300" />
  </Paragraph>
  <Paragraph>
    <Words Block="2" Page="300" />
  </Paragraph>
  <Paragraph>
    <Words Block="3" Page="300" />
  </Paragraph>
  <Paragraph>
    <Words Block="4" Page="300" />
  </Paragraph>
  <Paragraph>
    <Words Block="5" Page="300" />
  </Paragraph>
  <Paragraph>
    <Words Block="6" Page="300" />
  </Paragraph>
  <Paragraph>
    <Words Block="7" Page="300" />
  </Paragraph>
  <Paragraph>
    <Words Block="0" Page="301" />
  </Paragraph>
  <Paragraph>
    <Words Block="1" Page="301" />
  </Paragraph>
  <Paragraph>
    <Words Start="0" End="70" Block="2" Page="301" />
  </Paragraph>
  <Paragraph>
    <Words Start="71" End="71" Block="2" Page="301" />
  </Paragraph>
  <Paragraph>
    <Words Start="0" End="27" Block="3" Page="301" />
  </Paragraph>
  <Paragraph>
    <Words Start="28" End="28" Block="3" Page="301" />
  </Paragraph>
  <Paragraph>
    <Words Block="4" Page="301" />
  </Paragraph>
  <Paragraph>
    <Words Block="5" Page="301" />
  </Paragraph>
  <Paragraph>
    <Words Block="6" Page="301" />
  </Paragraph>
  <Paragraph>
    <Words Start="0" End="0" Block="0" Page="302" />
  </Paragraph>
  <Paragraph>
    <Words Start="1" End="1" Block="0" Page="302" />
  </Paragraph>
  <Paragraph>
    <Words Start="0" End="62" Block="1" Page="302" />
  </Paragraph>
  <Paragraph>
    <Words Start="63" End="81" Block="1" Page="302" />
  </Paragraph>
  <Paragraph>
    <Words Start="82" End="82" Block="1" Page="302" />
  </Paragraph>
  <Paragraph>
    <Words Start="83" End="124" Block="1" Page="302" />
  </Paragraph>
  <Paragraph>
    <Words Start="125" End="264" Block="1" Page="302" />
  </Paragraph>
  <Paragraph>
    <Words Start="0" End="3" Block="2" Page="302" />
  </Paragraph>
  <Paragraph>
    <Words Start="4" End="37" Block="2" Page="302" />
  </Paragraph>
  <Paragraph>
    <Words Block="3" Page="302" />
  </Paragraph>
  <Paragraph>
    <Words Block="0" Page="303" />
  </Paragraph>
  <Paragraph>
    <Words Block="1" Page="303" />
  </Paragraph>
  <Paragraph>
    <Words Block="2" Page="303" />
  </Paragraph>
  <Paragraph>
    <Words Block="3" Page="303" />
  </Paragraph>
  <Paragraph>
    <Words Start="0" End="8" Block="0" Page="304" />
  </Paragraph>
  <Paragraph>
    <Words Start="9" End="14" Block="0" Page="304" />
  </Paragraph>
  <Paragraph>
    <Words Block="1" Page="304" />
  </Paragraph>
  <Paragraph>
    <Words Block="2" Page="304" />
  </Paragraph>
  <Paragraph>
    <Words Block="3" Page="304" />
  </Paragraph>
  <Paragraph>
    <Words Block="4" Page="304" />
  </Paragraph>
  <Paragraph>
    <Words Block="5" Page="304" />
  </Paragraph>
  <Paragraph>
    <Words Block="6" Page="304" />
  </Paragraph>
  <Paragraph>
    <Words Start="0" End="3" Block="0" Page="305" />
  </Paragraph>
  <Paragraph>
    <Words Start="4" End="9" Block="0" Page="305" />
  </Paragraph>
  <Paragraph>
    <Words Start="0" End="25" Block="1" Page="305" />
  </Paragraph>
  <Paragraph>
    <Words Start="26" End="57" Block="1" Page="305" />
  </Paragraph>
  <Paragraph>
    <Words Start="58" End="84" Block="1" Page="305" />
  </Paragraph>
  <Paragraph>
    <Words Start="0" End="10" Block="2" Page="305" />
  </Paragraph>
  <Paragraph>
    <Words Start="11" End="29" Block="2" Page="305" />
  </Paragraph>
  <Paragraph>
    <Words Start="30" End="31" Block="2" Page="305" />
  </Paragraph>
  <Paragraph>
    <Words Start="32" End="33" Block="2" Page="305" />
  </Paragraph>
  <Paragraph>
    <Words Start="34" End="35" Block="2" Page="305" />
  </Paragraph>
  <Paragraph>
    <Words Start="36" End="48" Block="2" Page="305" />
  </Paragraph>
  <Paragraph>
    <Words Start="49" End="50" Block="2" Page="305" />
  </Paragraph>
  <Paragraph>
    <Words Start="51" End="66" Block="2" Page="305" />
  </Paragraph>
  <Paragraph>
    <Words Start="67" End="67" Block="2" Page="305" />
  </Paragraph>
  <Paragraph>
    <Words Start="68" End="69" Block="2" Page="305" />
  </Paragraph>
  <Paragraph>
    <Words Start="70" End="70" Block="2" Page="305" />
  </Paragraph>
  <Paragraph>
    <Words Start="71" End="86" Block="2" Page="305" />
  </Paragraph>
  <Paragraph>
    <Words Start="87" End="87" Block="2" Page="305" />
  </Paragraph>
  <Paragraph>
    <Words Start="88" End="89" Block="2" Page="305" />
  </Paragraph>
  <Paragraph>
    <Words Start="90" End="90" Block="2" Page="305" />
  </Paragraph>
  <Paragraph>
    <Words Start="91" End="103" Block="2" Page="305" />
  </Paragraph>
  <Paragraph>
    <Words Start="104" End="104" Block="2" Page="305" />
  </Paragraph>
  <Paragraph>
    <Words Start="105" End="118" Block="2" Page="305" />
  </Paragraph>
  <Paragraph>
    <Words Start="119" End="119" Block="2" Page="305" />
  </Paragraph>
  <Paragraph>
    <Words Start="120" End="121" Block="2" Page="305" />
  </Paragraph>
  <Paragraph>
    <Words Start="122" End="122" Block="2" Page="305" />
  </Paragraph>
  <Paragraph>
    <Words Start="123" End="134" Block="2" Page="305" />
  </Paragraph>
  <Paragraph>
    <Words Start="135" End="135" Block="2" Page="305" />
  </Paragraph>
  <Paragraph>
    <Words Start="136" End="137" Block="2" Page="305" />
  </Paragraph>
  <Paragraph>
    <Words Start="138" End="138" Block="2" Page="305" />
  </Paragraph>
  <Paragraph>
    <Words Start="139" End="182" Block="2" Page="305" />
  </Paragraph>
  <Paragraph>
    <Words Start="0" End="7" Block="0" Page="306" />
  </Paragraph>
  <Paragraph>
    <Words Start="8" End="13" Block="0" Page="306" />
  </Paragraph>
  <Paragraph>
    <Words Block="1" Page="306" />
  </Paragraph>
  <Paragraph>
    <Words Block="2" Page="306" />
  </Paragraph>
  <Paragraph>
    <Words Block="3" Page="306" />
  </Paragraph>
  <Paragraph>
    <Words Block="4" Page="306" />
  </Paragraph>
  <Paragraph>
    <Words Block="5" Page="306" />
  </Paragraph>
  <Paragraph>
    <Words Block="6" Page="306" />
  </Paragraph>
  <Paragraph>
    <Words Start="0" End="6" Block="0" Page="307" />
  </Paragraph>
  <Paragraph>
    <Words Start="7" End="12" Block="0" Page="307" />
  </Paragraph>
  <Paragraph>
    <Words Block="1" Page="307" />
  </Paragraph>
  <Paragraph>
    <Words Block="2" Page="307" />
  </Paragraph>
  <Paragraph>
    <Words Block="3" Page="307" />
  </Paragraph>
  <Paragraph>
    <Words Block="4" Page="307" />
  </Paragraph>
  <Paragraph>
    <Words Block="5" Page="307" />
  </Paragraph>
  <Paragraph>
    <Words Block="6" Page="307" />
  </Paragraph>
  <Paragraph>
    <Words Start="0" End="8" Block="0" Page="308" />
  </Paragraph>
  <Paragraph>
    <Words Start="9" End="14" Block="0" Page="308" />
  </Paragraph>
  <Paragraph>
    <Words Block="1" Page="308" />
  </Paragraph>
  <Paragraph>
    <Words Block="2" Page="308" />
  </Paragraph>
  <Paragraph>
    <Words Block="3" Page="308" />
  </Paragraph>
  <Paragraph>
    <Words Block="4" Page="308" />
  </Paragraph>
  <Paragraph>
    <Words Block="5" Page="308" />
  </Paragraph>
  <Paragraph>
    <Words Start="0" End="3" Block="0" Page="309" />
  </Paragraph>
  <Paragraph>
    <Words Start="4" End="9" Block="0" Page="309" />
  </Paragraph>
  <Paragraph>
    <Words Block="1" Page="309" />
  </Paragraph>
  <Paragraph>
    <Words Block="2" Page="309" />
  </Paragraph>
  <Paragraph>
    <Words Block="3" Page="309" />
    <Words Block="0" Page="310" />
  </Paragraph>
  <Paragraph>
    <Words Block="1" Page="310" />
  </Paragraph>
  <Paragraph>
    <Words Block="2" Page="310" />
  </Paragraph>
  <Paragraph>
    <Words Block="3" Page="310" />
  </Paragraph>
  <Paragraph>
    <Words Start="0" End="6" Block="0" Page="311" />
  </Paragraph>
  <Paragraph>
    <Words Start="7" End="12" Block="0" Page="311" />
  </Paragraph>
  <Paragraph>
    <Words Block="1" Page="311" />
  </Paragraph>
  <Paragraph>
    <Words Block="2" Page="311" />
  </Paragraph>
  <Paragraph>
    <Words Block="3" Page="311" />
  </Paragraph>
  <Paragraph>
    <Words Block="4" Page="311" />
  </Paragraph>
  <Paragraph>
    <Words Block="5" Page="311" />
  </Paragraph>
  <Paragraph>
    <Words Block="6" Page="311" />
  </Paragraph>
  <Paragraph>
    <Words Block="0" Page="312" />
  </Paragraph>
  <Paragraph>
    <Words Start="0" End="33" Block="1" Page="312" />
  </Paragraph>
  <Paragraph>
    <Words Start="34" End="34" Block="1" Page="312" />
  </Paragraph>
  <Paragraph>
    <Words Start="0" End="43" Block="2" Page="312" />
  </Paragraph>
  <Paragraph>
    <Words Start="44" End="44" Block="2" Page="312" />
  </Paragraph>
  <Paragraph>
    <Words Block="3" Page="312" />
  </Paragraph>
  <Paragraph>
    <Words Block="4" Page="312" />
  </Paragraph>
  <Paragraph>
    <Words Block="5" Page="312" />
  </Paragraph>
  <Paragraph>
    <Words Start="0" End="6" Block="0" Page="313" />
  </Paragraph>
  <Paragraph>
    <Words Start="7" End="12" Block="0" Page="313" />
  </Paragraph>
  <Paragraph>
    <Words Block="1" Page="313" />
  </Paragraph>
  <Paragraph>
    <Words Block="2" Page="313" />
  </Paragraph>
  <Paragraph>
    <Words Block="3" Page="313" />
  </Paragraph>
  <Paragraph>
    <Words Block="4" Page="313" />
  </Paragraph>
  <Paragraph>
    <Words Block="5" Page="313" />
  </Paragraph>
  <Paragraph>
    <Words Block="6" Page="313" />
  </Paragraph>
  <Paragraph>
    <Words Block="0" Page="314" />
  </Paragraph>
  <Paragraph>
    <Words Block="1" Page="314" />
  </Paragraph>
  <Paragraph>
    <Words Block="2" Page="314" />
  </Paragraph>
  <Paragraph>
    <Words Block="3" Page="314" />
  </Paragraph>
  <Paragraph>
    <Words Block="4" Page="314" />
  </Paragraph>
  <Paragraph>
    <Words Block="5" Page="314" />
  </Paragraph>
  <Paragraph>
    <Words Start="0" End="5" Block="0" Page="315" />
  </Paragraph>
  <Paragraph>
    <Words Start="6" End="11" Block="0" Page="315" />
  </Paragraph>
  <Paragraph>
    <Words Block="1" Page="315" />
  </Paragraph>
  <Paragraph>
    <Words Block="2" Page="315" />
  </Paragraph>
  <Paragraph>
    <Words Block="3" Page="315" />
  </Paragraph>
  <Paragraph>
    <Words Block="4" Page="315" />
  </Paragraph>
  <Paragraph>
    <Words Block="5" Page="315" />
  </Paragraph>
  <Paragraph>
    <Words Start="0" End="0" Block="0" Page="316" />
  </Paragraph>
  <Paragraph>
    <Words Start="1" End="1" Block="0" Page="316" />
  </Paragraph>
  <Paragraph>
    <Words Block="1" Page="316" />
  </Paragraph>
  <Paragraph>
    <Words Block="2" Page="316" />
  </Paragraph>
  <Paragraph>
    <Words Block="3" Page="316" />
  </Paragraph>
  <Paragraph>
    <Words Block="4" Page="316" />
  </Paragraph>
  <Paragraph>
    <Words Block="5" Page="316" />
  </Paragraph>
  <Paragraph>
    <Words Block="6" Page="316" />
  </Paragraph>
  <Paragraph>
    <Words Block="0" Page="317" />
  </Paragraph>
  <Paragraph>
    <Words Block="1" Page="317" />
  </Paragraph>
  <Paragraph>
    <Words Block="2" Page="317" />
  </Paragraph>
  <Paragraph>
    <Words Block="3" Page="317" />
  </Paragraph>
  <Paragraph>
    <Words Block="4" Page="317" />
  </Paragraph>
  <Paragraph>
    <Words Block="5" Page="317" />
  </Paragraph>
  <Paragraph>
    <Words Start="0" End="1" Block="0" Page="318" />
  </Paragraph>
  <Paragraph>
    <Words Start="2" End="8" Block="0" Page="318" />
  </Paragraph>
  <Paragraph>
    <Words Start="9" End="14" Block="0" Page="318" />
  </Paragraph>
  <Paragraph>
    <Words Block="1" Page="318" />
  </Paragraph>
  <Paragraph>
    <Words Block="2" Page="318" />
  </Paragraph>
  <Paragraph>
    <Words Block="3" Page="318" />
  </Paragraph>
  <Paragraph>
    <Words Block="4" Page="318" />
  </Paragraph>
  <Paragraph>
    <Words Block="5" Page="318" />
  </Paragraph>
  <Paragraph>
    <Words Start="0" End="5" Block="0" Page="319" />
  </Paragraph>
  <Paragraph>
    <Words Start="6" End="11" Block="0" Page="319" />
  </Paragraph>
  <Paragraph>
    <Words Block="1" Page="319" />
  </Paragraph>
  <Paragraph>
    <Words Block="2" Page="319" />
  </Paragraph>
  <Paragraph>
    <Words Block="3" Page="319" />
  </Paragraph>
  <Paragraph>
    <Words Block="4" Page="319" />
  </Paragraph>
  <Paragraph>
    <Words Block="5" Page="319" />
  </Paragraph>
  <Paragraph>
    <Words Start="0" End="7" Block="0" Page="320" />
  </Paragraph>
  <Paragraph>
    <Words Start="8" End="13" Block="0" Page="320" />
  </Paragraph>
  <Paragraph>
    <Words Start="0" End="16" Block="1" Page="320" />
  </Paragraph>
  <Paragraph>
    <Words Start="17" End="34" Block="1" Page="320" />
  </Paragraph>
  <Paragraph>
    <Words Block="2" Page="320" />
  </Paragraph>
  <Paragraph>
    <Words Block="3" Page="320" />
  </Paragraph>
  <Paragraph>
    <Words Block="4" Page="320" />
  </Paragraph>
  <Paragraph>
    <Words Block="5" Page="320" />
  </Paragraph>
  <Paragraph>
    <Words Start="0" End="7" Block="0" Page="321" />
  </Paragraph>
  <Paragraph>
    <Words Start="8" End="13" Block="0" Page="321" />
  </Paragraph>
  <Paragraph>
    <Words Block="1" Page="321" />
  </Paragraph>
  <Paragraph>
    <Words Block="2" Page="321" />
  </Paragraph>
  <Paragraph>
    <Words Block="3" Page="321" />
  </Paragraph>
  <Paragraph>
    <Words Block="4" Page="321" />
  </Paragraph>
  <Paragraph>
    <Words Block="5" Page="321" />
  </Paragraph>
  <Paragraph>
    <Words Start="0" End="0" Block="0" Page="322" />
  </Paragraph>
  <Paragraph>
    <Words Start="1" End="1" Block="0" Page="322" />
  </Paragraph>
  <Paragraph>
    <Words Block="1" Page="322" />
  </Paragraph>
  <Paragraph>
    <Words Block="3" Page="322" />
  </Paragraph>
  <Paragraph>
    <Words Block="4" Page="322" />
  </Paragraph>
  <Paragraph>
    <Words Start="0" End="10" Block="5" Page="322" />
  </Paragraph>
  <Paragraph>
    <Words Start="11" End="83" Block="5" Page="322" />
  </Paragraph>
  <Paragraph>
    <Words Block="6" Page="322" />
  </Paragraph>
  <Paragraph>
    <Words Block="7" Page="322" />
  </Paragraph>
  <Paragraph>
    <Words Block="8" Page="322" />
  </Paragraph>
</Flow>