﻿<?xml version="1.0" encoding="utf-8"?>
<Flow Name="f8">
  <Paragraph>
    <Words Start="0" End="5" Block="0" Page="50" />
  </Paragraph>
  <Paragraph>
    <Words Start="6" End="8" Block="0" Page="50" />
  </Paragraph>
  <Paragraph>
    <Words Start="9" End="9" Block="0" Page="50" />
  </Paragraph>
  <Paragraph>
    <Words Block="4" Page="50" />
  </Paragraph>
  <Paragraph>
    <Words Start="0" End="106" Block="0" Page="51" />
  </Paragraph>
  <Paragraph>
    <Words Start="107" End="185" Block="0" Page="51" />
  </Paragraph>
  <Paragraph>
    <Words Start="186" End="260" Block="0" Page="51" />
  </Paragraph>
  <Paragraph>
    <Words Start="261" End="335" Block="0" Page="51" />
  </Paragraph>
  <Paragraph>
    <Words Start="336" End="407" Block="0" Page="51" />
  </Paragraph>
  <Paragraph>
    <Words Start="0" End="1" Block="0" Page="52" />
  </Paragraph>
  <Paragraph>
    <Words Start="2" End="2" Block="0" Page="52" />
  </Paragraph>
  <Paragraph>
    <Words Block="1" Page="52" />
    <Words Start="0" End="19" Block="2" Page="52" />
  </Paragraph>
  <Paragraph>
    <Words Start="20" End="22" Block="2" Page="52" />
  </Paragraph>
  <Paragraph>
    <Words Start="23" End="56" Block="2" Page="52" />
  </Paragraph>
  <Paragraph>
    <Words Start="57" End="68" Block="2" Page="52" />
  </Paragraph>
  <Paragraph>
    <Words Start="69" End="118" Block="2" Page="52" />
  </Paragraph>
  <Paragraph>
    <Words Start="119" End="119" Block="2" Page="52" />
  </Paragraph>
  <Paragraph>
    <Words Start="0" End="2" Block="3" Page="52" />
  </Paragraph>
  <Paragraph>
    <Words Start="3" End="3" Block="3" Page="52" />
  </Paragraph>
  <Paragraph>
    <Words Start="0" End="23" Block="4" Page="52" />
  </Paragraph>
  <Paragraph>
    <Words Start="24" End="24" Block="4" Page="52" />
  </Paragraph>
  <Paragraph>
    <Words Start="0" End="0" Block="5" Page="52" />
  </Paragraph>
  <Paragraph>
    <Words Start="1" End="1" Block="5" Page="52" />
  </Paragraph>
  <Paragraph>
    <Words Start="0" End="179" Block="0" Page="53" />
  </Paragraph>
  <Paragraph>
    <Words Start="180" End="207" Block="0" Page="53" />
  </Paragraph>
  <Paragraph>
    <Words Start="208" End="208" Block="0" Page="53" />
  </Paragraph>
  <Paragraph>
    <Words Block="3" Page="53" />
  </Paragraph>
  <Paragraph>
    <Words Start="0" End="44" Block="4" Page="53" />
  </Paragraph>
  <Paragraph>
    <Words Start="45" End="57" Block="4" Page="53" />
  </Paragraph>
  <Paragraph>
    <Words Block="0" Page="54" />
  </Paragraph>
  <Paragraph>
    <Words Block="0" Page="55" />
  </Paragraph>
  <Paragraph>
    <Words Start="0" End="18" Block="0" Page="56" />
  </Paragraph>
  <Paragraph>
    <Words Start="19" End="59" Block="0" Page="56" />
  </Paragraph>
  <Paragraph>
    <Words Start="60" End="116" Block="0" Page="56" />
  </Paragraph>
  <Paragraph>
    <Words Start="117" End="291" Block="0" Page="56" />
  </Paragraph>
  <Paragraph>
    <Words Start="292" End="466" Block="0" Page="56" />
    <Words Start="0" End="97" Block="0" Page="57" />
  </Paragraph>
  <Paragraph>
    <Words Start="98" End="153" Block="0" Page="57" />
  </Paragraph>
  <Paragraph>
    <Words Start="154" End="200" Block="0" Page="57" />
  </Paragraph>
  <Paragraph>
    <Words Start="0" End="4" Block="1" Page="57" />
  </Paragraph>
  <Paragraph>
    <Words Start="5" End="5" Block="1" Page="57" />
  </Paragraph>
  <Paragraph>
    <Words Block="2" Page="57" />
  </Paragraph>
  <Paragraph>
    <Words Start="0" End="4" Block="3" Page="57" />
  </Paragraph>
  <Paragraph>
    <Words Start="5" End="5" Block="3" Page="57" />
  </Paragraph>
  <Paragraph>
    <Words Block="4" Page="57" />
  </Paragraph>
  <Paragraph>
    <Words Start="0" End="17" Block="0" Page="58" />
  </Paragraph>
  <Paragraph>
    <Words Start="18" End="80" Block="0" Page="58" />
  </Paragraph>
  <Paragraph>
    <Words Start="81" End="166" Block="0" Page="58" />
  </Paragraph>
  <Paragraph>
    <Words Start="167" End="339" Block="0" Page="58" />
  </Paragraph>
  <Paragraph>
    <Words Start="340" End="395" Block="0" Page="58" />
  </Paragraph>
  <Paragraph>
    <Words Start="396" End="410" Block="0" Page="58" />
  </Paragraph>
  <Paragraph>
    <Words Start="0" End="0" Block="0" Page="59" />
  </Paragraph>
  <Paragraph>
    <Words Start="1" End="13" Block="0" Page="59" />
  </Paragraph>
  <Paragraph>
    <Words Start="14" End="28" Block="0" Page="59" />
  </Paragraph>
  <Paragraph>
    <Words Start="29" End="31" Block="0" Page="59" />
  </Paragraph>
  <Paragraph>
    <Words Start="32" End="145" Block="0" Page="59" />
  </Paragraph>
  <Paragraph>
    <Words Start="146" End="188" Block="0" Page="59" />
  </Paragraph>
  <Paragraph>
    <Words Start="189" End="233" Block="0" Page="59" />
  </Paragraph>
  <Paragraph>
    <Words Start="234" End="315" Block="0" Page="59" />
  </Paragraph>
  <Paragraph>
    <Words Start="316" End="403" Block="0" Page="59" />
  </Paragraph>
  <Paragraph>
    <Words Start="0" End="6" Block="0" Page="60" />
  </Paragraph>
  <Paragraph>
    <Words Start="7" End="7" Block="0" Page="60" />
  </Paragraph>
  <Paragraph>
    <Words Start="0" End="67" Block="1" Page="60" />
  </Paragraph>
  <Paragraph>
    <Words Start="68" End="90" Block="1" Page="60" />
  </Paragraph>
  <Paragraph>
    <Words Start="91" End="207" Block="1" Page="60" />
  </Paragraph>
  <Paragraph>
    <Words Start="208" End="307" Block="1" Page="60" />
  </Paragraph>
  <Paragraph>
    <Words Block="2" Page="60" />
  </Paragraph>
  <Paragraph>
    <Words Block="0" Page="61" />
    <Words Start="0" End="18" Block="0" Page="62" />
  </Paragraph>
  <Paragraph>
    <Words Start="19" End="142" Block="0" Page="62" />
  </Paragraph>
  <Paragraph>
    <Words Start="143" End="214" Block="0" Page="62" />
  </Paragraph>
  <Paragraph>
    <Words Start="215" End="276" Block="0" Page="62" />
  </Paragraph>
  <Paragraph>
    <Words Start="277" End="361" Block="0" Page="62" />
  </Paragraph>
  <Paragraph>
    <Words Block="1" Page="63" />
    <Words Block="2" Page="63" />
  </Paragraph>
  <Paragraph>
    <Words Start="0" End="53" Block="3" Page="63" />
  </Paragraph>
  <Paragraph>
    <Words Start="54" End="120" Block="3" Page="63" />
  </Paragraph>
  <Paragraph>
    <Words Block="4" Page="63" />
  </Paragraph>
  <Paragraph>
    <Words Block="5" Page="63" />
  </Paragraph>
  <Paragraph>
    <Words Block="6" Page="63" />
    <Words Block="0" Page="64" />
  </Paragraph>
  <Paragraph>
    <Words Block="1" Page="64" />
  </Paragraph>
  <Paragraph>
    <Words Block="2" Page="64" />
  </Paragraph>
  <Paragraph>
    <Words Block="3" Page="64" />
  </Paragraph>
</Flow>