﻿<?xml version="1.0" encoding="utf-8"?>
<Flow Name="f25">
  <Paragraph>
    <Words Block="0" Page="370" />
  </Paragraph>
  <Paragraph>
    <Words Start="0" End="270" Block="1" Page="370" />
  </Paragraph>
  <Paragraph>
    <Words Start="271" End="294" Block="1" Page="370" />
    <Words Start="0" End="40" Block="0" Page="371" />
  </Paragraph>
  <Paragraph>
    <Words Start="41" End="90" Block="0" Page="371" />
  </Paragraph>
  <Paragraph>
    <Words Start="91" End="265" Block="0" Page="371" />
  </Paragraph>
  <Paragraph>
    <Words Start="266" End="271" Block="0" Page="371" />
  </Paragraph>
  <Paragraph>
    <Words Start="272" End="272" Block="0" Page="371" />
  </Paragraph>
  <Paragraph>
    <Words Block="1" Page="371" />
    <Words Start="0" End="60" Block="0" Page="372" />
  </Paragraph>
  <Paragraph>
    <Words Start="61" End="304" Block="0" Page="372" />
  </Paragraph>
  <Paragraph>
    <Words Start="305" End="357" Block="0" Page="372" />
  </Paragraph>
  <Paragraph>
    <Words Start="358" End="395" Block="0" Page="372" />
  </Paragraph>
  <Paragraph>
    <Words Start="396" End="396" Block="0" Page="372" />
    <Words Start="0" End="168" Block="0" Page="373" />
  </Paragraph>
  <Paragraph>
    <Words Start="169" End="204" Block="0" Page="373" />
  </Paragraph>
  <Paragraph>
    <Words Start="205" End="229" Block="0" Page="373" />
  </Paragraph>
  <Paragraph>
    <Words Start="230" End="231" Block="0" Page="373" />
  </Paragraph>
  <Paragraph>
    <Words Start="232" End="232" Block="0" Page="373" />
  </Paragraph>
  <Paragraph>
    <Words Block="1" Page="373" />
    <Words Start="0" End="62" Block="0" Page="374" />
  </Paragraph>
  <Paragraph>
    <Words Start="63" End="145" Block="0" Page="374" />
  </Paragraph>
  <Paragraph>
    <Words Start="146" End="277" Block="0" Page="374" />
  </Paragraph>
  <Paragraph>
    <Words Start="278" End="279" Block="0" Page="374" />
  </Paragraph>
  <Paragraph>
    <Words Start="280" End="280" Block="0" Page="374" />
  </Paragraph>
</Flow>