﻿<?xml version="1.0" encoding="utf-8"?>
<Flow Name="f21">
  <Paragraph>
    <Words Block="0" Page="324" />
  </Paragraph>
  <Paragraph>
    <Words Block="1" Page="324" />
  </Paragraph>
  <Paragraph>
    <Words Start="0" End="13" Block="2" Page="324" />
  </Paragraph>
  <Paragraph>
    <Words Start="14" End="14" Block="2" Page="324" />
  </Paragraph>
  <Paragraph>
    <Words Start="0" End="1" Block="0" Page="326" />
  </Paragraph>
  <Paragraph>
    <Words Start="2" End="2" Block="0" Page="326" />
  </Paragraph>
  <Paragraph>
    <Words Block="1" Page="326" />
  </Paragraph>
  <Paragraph>
    <Words Block="5" Page="326" />
  </Paragraph>
  <Paragraph>
    <Words Block="0" Page="327" />
  </Paragraph>
  <Paragraph>
    <Words Start="0" End="1" Block="2" Page="327" />
  </Paragraph>
  <Paragraph>
    <Words Start="2" End="2" Block="2" Page="327" />
  </Paragraph>
</Flow>