﻿<?xml version="1.0" encoding="utf-8"?>
<Flow Name="f15">
  <Paragraph>
    <Words Start="0" End="1" Block="0" Page="170" />
  </Paragraph>
  <Paragraph>
    <Words Start="2" End="10" Block="0" Page="170" />
  </Paragraph>
  <Paragraph>
    <Words Start="11" End="11" Block="0" Page="170" />
  </Paragraph>
  <Paragraph>
    <Words Block="4" Page="170" />
  </Paragraph>
  <Paragraph>
    <Words Start="0" End="71" Block="0" Page="171" />
  </Paragraph>
  <Paragraph>
    <Words Start="72" End="233" Block="0" Page="171" />
  </Paragraph>
  <Paragraph>
    <Words Start="234" End="246" Block="0" Page="171" />
  </Paragraph>
  <Paragraph>
    <Words Start="247" End="332" Block="0" Page="171" />
  </Paragraph>
  <Paragraph>
    <Words Start="333" End="383" Block="0" Page="171" />
  </Paragraph>
  <Paragraph>
    <Words Start="0" End="20" Block="0" Page="172" />
  </Paragraph>
  <Paragraph>
    <Words Start="21" End="63" Block="0" Page="172" />
  </Paragraph>
  <Paragraph>
    <Words Start="64" End="67" Block="0" Page="172" />
  </Paragraph>
  <Paragraph>
    <Words Start="68" End="109" Block="0" Page="172" />
  </Paragraph>
  <Paragraph>
    <Words Start="110" End="122" Block="0" Page="172" />
  </Paragraph>
  <Paragraph>
    <Words Start="123" End="150" Block="0" Page="172" />
  </Paragraph>
  <Paragraph>
    <Words Start="151" End="200" Block="0" Page="172" />
  </Paragraph>
  <Paragraph>
    <Words Start="201" End="212" Block="0" Page="172" />
  </Paragraph>
  <Paragraph>
    <Words Start="213" End="227" Block="0" Page="172" />
  </Paragraph>
  <Paragraph>
    <Words Start="228" End="241" Block="0" Page="172" />
  </Paragraph>
  <Paragraph>
    <Words Start="242" End="261" Block="0" Page="172" />
  </Paragraph>
  <Paragraph>
    <Words Start="262" End="288" Block="0" Page="172" />
  </Paragraph>
  <Paragraph>
    <Words Block="1" Page="172" />
  </Paragraph>
  <Paragraph>
    <Words Start="0" End="2" Block="2" Page="172" />
  </Paragraph>
  <Paragraph>
    <Words Start="3" End="3" Block="2" Page="172" />
  </Paragraph>
  <Paragraph>
    <Words Block="0" Page="173" />
    <Words Block="0" Page="174" />
  </Paragraph>
  <Paragraph>
    <Words Start="0" End="0" Block="1" Page="174" />
  </Paragraph>
  <Paragraph>
    <Words Start="1" End="1" Block="1" Page="174" />
  </Paragraph>
  <Paragraph>
    <Words Block="2" Page="174" />
  </Paragraph>
  <Paragraph>
    <Words Start="0" End="3" Block="3" Page="174" />
  </Paragraph>
  <Paragraph>
    <Words Start="4" End="4" Block="3" Page="174" />
  </Paragraph>
  <Paragraph>
    <Words Start="0" End="3" Block="4" Page="174" />
  </Paragraph>
  <Paragraph>
    <Words Start="4" End="4" Block="4" Page="174" />
  </Paragraph>
  <Paragraph>
    <Words Block="5" Page="174" />
  </Paragraph>
  <Paragraph>
    <Words Block="6" Page="174" />
  </Paragraph>
  <Paragraph>
    <Words Block="7" Page="174" />
  </Paragraph>
  <Paragraph>
    <Words Block="8" Page="174" />
  </Paragraph>
  <Paragraph>
    <Words Block="9" Page="174" />
  </Paragraph>
  <Paragraph>
    <Words Block="10" Page="174" />
  </Paragraph>
  <Paragraph>
    <Words Block="11" Page="174" />
  </Paragraph>
  <Paragraph>
    <Words Block="12" Page="174" />
  </Paragraph>
  <Paragraph>
    <Words Block="13" Page="174" />
  </Paragraph>
  <Paragraph>
    <Words Block="14" Page="174" />
  </Paragraph>
  <Paragraph>
    <Words Block="15" Page="174" />
  </Paragraph>
  <Paragraph>
    <Words Block="16" Page="174" />
  </Paragraph>
  <Paragraph>
    <Words Start="0" End="2" Block="17" Page="174" />
  </Paragraph>
  <Paragraph>
    <Words Start="3" End="3" Block="17" Page="174" />
  </Paragraph>
  <Paragraph>
    <Words Block="0" Page="175" />
    <Words Start="0" End="51" Block="0" Page="176" />
  </Paragraph>
  <Paragraph>
    <Words Start="52" End="53" Block="0" Page="176" />
  </Paragraph>
  <Paragraph>
    <Words Start="54" End="149" Block="0" Page="176" />
  </Paragraph>
  <Paragraph>
    <Words Start="150" End="165" Block="0" Page="176" />
  </Paragraph>
  <Paragraph>
    <Words Start="166" End="200" Block="0" Page="176" />
  </Paragraph>
  <Paragraph>
    <Words Start="201" End="287" Block="0" Page="176" />
  </Paragraph>
  <Paragraph>
    <Words Start="288" End="384" Block="0" Page="176" />
  </Paragraph>
  <Paragraph>
    <Words Start="0" End="2" Block="1" Page="176" />
  </Paragraph>
  <Paragraph>
    <Words Start="3" End="3" Block="1" Page="176" />
  </Paragraph>
  <Paragraph>
    <Words Start="0" End="17" Block="1" Page="177" />
  </Paragraph>
  <Paragraph>
    <Words Start="18" End="35" Block="1" Page="177" />
    <Words Block="2" Page="177" />
  </Paragraph>
  <Paragraph>
    <Words Block="3" Page="177" />
  </Paragraph>
  <Paragraph>
    <Words Block="4" Page="177" />
  </Paragraph>
</Flow>