﻿<?xml version="1.0" encoding="utf-8"?>
<BookContents>
  <PageLocations>
    <PageRange Start="0" End="51" Source="Pages_0_51.xml" />
    <PageRange Start="52" End="88" Source="Pages_52_88.xml" />
    <PageRange Start="89" End="121" Source="Pages_89_121.xml" />
    <PageRange Start="122" End="156" Source="Pages_122_156.xml" />
    <PageRange Start="157" End="193" Source="Pages_157_193.xml" />
    <PageRange Start="194" End="232" Source="Pages_194_232.xml" />
    <PageRange Start="233" End="268" Source="Pages_233_268.xml" />
    <PageRange Start="269" End="321" Source="Pages_269_321.xml" />
    <PageRange Start="322" End="360" Source="Pages_322_360.xml" />
    <PageRange Start="361" End="385" Source="Pages_361_385.xml" />
  </PageLocations>
  <Sections>
    <Section PageIndex="0" Name="">
      <FlowReference Source="Flow_0.xml" PageIndices="2,4" />
    </Section>
    <Section PageIndex="6" Name="Title Page">
      <FlowReference Source="Flow_1.xml" PageIndices="6" />
    </Section>
    <Section PageIndex="7" Name="Copyright Notice">
      <FlowReference Source="Flow_2.xml" PageIndices="7-8,10" />
    </Section>
    <Section PageIndex="11" Name="Contents">
      <FlowReference Source="Flow_3.xml" PageIndices="11-14" />
    </Section>
    <Section PageIndex="16" Name="Part 1: What a Waist!">
      <FlowReference Source="Flow_4.xml" PageIndices="16" />
    </Section>
    <Section PageIndex="18" Name="Introduction: YOU: On a Diet Work Smarter, Not Harder">
      <FlowReference Source="Flow_5.xml" PageIndices="18-39" />
    </Section>
    <Section PageIndex="40" Name="Chapter 1 The Ideal Body What Your Body Is Supposed to Look Like">
      <FlowReference Source="Flow_6.xml" PageIndices="40-47" />
    </Section>
    <Section PageIndex="48" Name="Part 2: The Biology of Fat">
      <FlowReference Source="Flow_7.xml" PageIndices="48" />
    </Section>
    <Section PageIndex="50" Name="Chapter 2 Can’t Get No Satisfaction The Science of Appetite">
      <FlowReference Source="Flow_8.xml" PageIndices="50-64" />
    </Section>
    <Section PageIndex="66" Name="Chapter 3 Eater’s Digest How Food Travels through Your Body">
      <FlowReference Source="Flow_9.xml" PageIndices="66-85" />
    </Section>
    <Section PageIndex="86" Name="Chapter 4 Gut Check The Dangerous Battles of Inflammation in Your Belly">
      <FlowReference Source="Flow_10.xml" PageIndices="86-113" />
    </Section>
    <Section PageIndex="114" Name="Chapter 5 Taking a Fat Chance How Fat Ruins Your Health">
      <FlowReference Source="Flow_11.xml" PageIndices="114-141" />
    </Section>
    <Section PageIndex="142" Name="Chapter 6 Metabolic Motors Your Body’s Hormonal Fat Burners">
      <FlowReference Source="Flow_12.xml" PageIndices="142-151" />
    </Section>
    <Section PageIndex="152" Name="Chapter 7 Make the Move How You Can Burn Fat Faster">
      <FlowReference Source="Flow_13.xml" PageIndices="152-166" />
    </Section>
    <Section PageIndex="168" Name="Part 3: The Science of the Mind">
      <FlowReference Source="Flow_14.xml" PageIndices="168" />
    </Section>
    <Section PageIndex="170" Name="Chapter 8 The Chemistry of Emotions The Connections between Feelings and Food">
      <FlowReference Source="Flow_15.xml" PageIndices="170-177" />
    </Section>
    <Section PageIndex="178" Name="Chapter 9 Shame on Who? The Psychology of the Failed Diet">
      <FlowReference Source="Flow_16.xml" PageIndices="178-204" />
    </Section>
    <Section PageIndex="206" Name="Part 4: The YOU Diet and Activity Plan">
      <FlowReference Source="Flow_17.xml" PageIndices="206" />
    </Section>
    <Section PageIndex="208" Name="Chapter 10 Make a YOU-Turn How to Change What You Thought You Knew about Dieting-and Change Your Life for Good">
      <FlowReference Source="Flow_18.xml" PageIndices="208-218" />
    </Section>
    <Section PageIndex="220" Name="Chapter 11 The YOU Activity Plan Physical Strategies for Waist Management">
      <FlowReference Source="Flow_19.xml" PageIndices="220-244" />
    </Section>
    <Section PageIndex="246" Name="Chapter 12 The YOU Diet The Waist-Management Eating Plan">
      <FlowReference Source="Flow_20.xml" PageIndices="246-322" />
    </Section>
    <Section PageIndex="324" Name="Appendices: The Medical Options">
      <FlowReference Source="Flow_21.xml" PageIndices="324,326-327" />
    </Section>
    <Section PageIndex="328" Name="Appendix A: This Is Your Fat on Drugs The Medical Jump Start to Waist Management">
      <FlowReference Source="Flow_22.xml" PageIndices="328-339" />
    </Section>
    <Section PageIndex="340" Name="Appendix B: Skinny Skin Skin When Plastic Surgery Is an Option">
      <FlowReference Source="Flow_23.xml" PageIndices="340-352" />
    </Section>
    <Section PageIndex="354" Name="Appendix C: The Extreme Team What to Do if Your Weight Is Out of Control">
      <FlowReference Source="Flow_24.xml" PageIndices="354-369" />
    </Section>
    <Section PageIndex="370" Name="Acknowledgments">
      <FlowReference Source="Flow_25.xml" PageIndices="370-374" />
    </Section>
    <Section PageIndex="376" Name="Index">
      <FlowReference Source="Flow_26.xml" PageIndices="376-385" />
    </Section>
  </Sections>
</BookContents>