﻿<?xml version="1.0" encoding="utf-8"?>
<BookContents>
  <PageLocations>
    <PageRange Start="0" End="69" Source="Pages_0_69.xml" />
    <PageRange Start="70" End="121" Source="Pages_70_121.xml" />
    <PageRange Start="122" End="185" Source="Pages_122_185.xml" />
    <PageRange Start="186" End="239" Source="Pages_186_239.xml" />
    <PageRange Start="240" End="289" Source="Pages_240_289.xml" />
    <PageRange Start="290" End="348" Source="Pages_290_348.xml" />
    <PageRange Start="349" End="353" Source="Pages_349_353.xml" />
  </PageLocations>
  <Sections>
    <Section PageIndex="2" Name="Text">
      <FlowReference Source="Flow_1.xml" PageIndices="2,4-24,26-27,29-31,34-35,37-38,40-41,44-45,48-49,52-60,62-66,68-69,71-85,88-96,98-99,101-108,110-111,113-116,118-119,121-122,124-125,128-132,134-135,138-139,142-150,152-153,156-157,160-168,170-171,173-175,178,180-181,184-193,196-200,202-203,206,208-209,211,213-222,224-225,227-230,232-233,236-240,242-243,246-247,249-250,252-254,256-257,260-269,271-279,282-286,288-289,291-295,298-299,302-332,334,336-337,339-353" />
    </Section>
  </Sections>
</BookContents>