﻿<?xml version="1.0" encoding="utf-8"?>
<Flow Name="f3">
  <Paragraph>
    <Words Block="0" Page="8" />
  </Paragraph>
  <Paragraph>
    <Words Start="0" End="5" Block="1" Page="8" />
  </Paragraph>
  <Paragraph>
    <Words Start="6" End="56" Block="1" Page="8" />
  </Paragraph>
  <Paragraph>
    <Words Start="57" End="139" Block="1" Page="8" />
  </Paragraph>
  <Paragraph>
    <Words Start="140" End="216" Block="1" Page="8" />
  </Paragraph>
  <Paragraph>
    <Words Start="217" End="302" Block="1" Page="8" />
  </Paragraph>
  <Paragraph>
    <Words Start="303" End="356" Block="1" Page="8" />
  </Paragraph>
  <Paragraph>
    <Words Start="357" End="392" Block="1" Page="8" />
  </Paragraph>
  <Paragraph>
    <Words Start="393" End="436" Block="1" Page="8" />
  </Paragraph>
  <Paragraph>
    <Words Start="0" End="45" Block="0" Page="9" />
  </Paragraph>
  <Paragraph>
    <Words Start="46" End="97" Block="0" Page="9" />
  </Paragraph>
  <Paragraph>
    <Words Start="98" End="198" Block="0" Page="9" />
  </Paragraph>
  <Paragraph>
    <Words Start="199" End="333" Block="0" Page="9" />
  </Paragraph>
  <Paragraph>
    <Words Start="334" End="364" Block="0" Page="9" />
  </Paragraph>
  <Paragraph>
    <Words Start="365" End="370" Block="0" Page="9" />
  </Paragraph>
  <Paragraph>
    <Words Start="371" End="404" Block="0" Page="9" />
  </Paragraph>
  <Paragraph>
    <Words Start="405" End="427" Block="0" Page="9" />
  </Paragraph>
  <Paragraph>
    <Words Start="428" End="449" Block="0" Page="9" />
  </Paragraph>
  <Paragraph>
    <Words Start="450" End="474" Block="0" Page="9" />
  </Paragraph>
</Flow>