﻿<?xml version="1.0" encoding="utf-8"?>
<Flow Name="f8">
  <Paragraph>
    <Words Block="0" Page="276" />
  </Paragraph>
  <Paragraph>
    <Words Block="1" Page="276" />
  </Paragraph>
  <Paragraph>
    <Words Start="0" End="4" Block="2" Page="276" />
  </Paragraph>
  <Paragraph>
    <Words Start="5" End="22" Block="2" Page="276" />
  </Paragraph>
  <Paragraph>
    <Words Start="23" End="36" Block="2" Page="276" />
  </Paragraph>
  <Paragraph>
    <Words Start="37" End="48" Block="2" Page="276" />
  </Paragraph>
  <Paragraph>
    <Words Start="49" End="56" Block="2" Page="276" />
  </Paragraph>
  <Paragraph>
    <Words Start="57" End="65" Block="2" Page="276" />
  </Paragraph>
  <Paragraph>
    <Words Start="0" End="1" Block="3" Page="276" />
  </Paragraph>
  <Paragraph>
    <Words Start="2" End="14" Block="3" Page="276" />
  </Paragraph>
  <Paragraph>
    <Words Start="15" End="46" Block="3" Page="276" />
  </Paragraph>
  <Paragraph>
    <Words Start="47" End="53" Block="3" Page="276" />
  </Paragraph>
  <Paragraph>
    <Words Start="54" End="65" Block="3" Page="276" />
  </Paragraph>
  <Paragraph>
    <Words Start="66" End="78" Block="3" Page="276" />
  </Paragraph>
  <Paragraph>
    <Words Start="0" End="1" Block="4" Page="276" />
  </Paragraph>
  <Paragraph>
    <Words Start="2" End="4" Block="4" Page="276" />
  </Paragraph>
  <Paragraph>
    <Words Start="5" End="9" Block="4" Page="276" />
  </Paragraph>
  <Paragraph>
    <Words Start="10" End="12" Block="4" Page="276" />
  </Paragraph>
  <Paragraph>
    <Words Start="13" End="18" Block="4" Page="276" />
  </Paragraph>
  <Paragraph>
    <Words Start="19" End="23" Block="4" Page="276" />
  </Paragraph>
  <Paragraph>
    <Words Block="5" Page="276" />
  </Paragraph>
  <Paragraph>
    <Words Start="0" End="21" Block="0" Page="277" />
  </Paragraph>
  <Paragraph>
    <Words Start="22" End="33" Block="0" Page="277" />
  </Paragraph>
  <Paragraph>
    <Words Start="34" End="51" Block="0" Page="277" />
  </Paragraph>
  <Paragraph>
    <Words Start="52" End="98" Block="0" Page="277" />
  </Paragraph>
  <Paragraph>
    <Words Start="99" End="138" Block="0" Page="277" />
  </Paragraph>
  <Paragraph>
    <Words Block="1" Page="277" />
  </Paragraph>
  <Paragraph>
    <Words Start="0" End="48" Block="0" Page="278" />
  </Paragraph>
  <Paragraph>
    <Words Start="49" End="64" Block="0" Page="278" />
  </Paragraph>
  <Paragraph>
    <Words Start="65" End="67" Block="0" Page="278" />
  </Paragraph>
  <Paragraph>
    <Words Block="1" Page="278" />
  </Paragraph>
  <Paragraph>
    <Words Block="0" Page="279" />
  </Paragraph>
  <Paragraph>
    <Words Block="1" Page="279" />
  </Paragraph>
  <Paragraph>
    <Words Start="0" End="75" Block="2" Page="279" />
  </Paragraph>
  <Paragraph>
    <Words Start="76" End="147" Block="2" Page="279" />
  </Paragraph>
  <Paragraph>
    <Words Start="148" End="184" Block="2" Page="279" />
  </Paragraph>
  <Paragraph>
    <Words Start="185" End="256" Block="2" Page="279" />
  </Paragraph>
  <Paragraph>
    <Words Block="3" Page="279" />
  </Paragraph>
  <Paragraph>
    <Words Start="0" End="96" Block="4" Page="279" />
  </Paragraph>
  <Paragraph>
    <Words Start="97" End="107" Block="4" Page="279" />
  </Paragraph>
  <Paragraph>
    <Words Block="5" Page="279" />
  </Paragraph>
  <Paragraph>
    <Words Block="6" Page="279" />
  </Paragraph>
  <Paragraph>
    <Words Block="7" Page="279" />
    <Words Block="0" Page="280" />
    <Words Block="1" Page="280" />
  </Paragraph>
  <Paragraph>
    <Words Block="2" Page="280" />
  </Paragraph>
  <Paragraph>
    <Words Block="3" Page="280" />
  </Paragraph>
  <Paragraph>
    <Words Block="4" Page="280" />
  </Paragraph>
  <Paragraph>
    <Words Block="5" Page="280" />
  </Paragraph>
  <Paragraph>
    <Words Block="6" Page="280" />
  </Paragraph>
  <Paragraph>
    <Words Block="7" Page="280" />
  </Paragraph>
  <Paragraph>
    <Words Block="8" Page="280" />
  </Paragraph>
  <Paragraph>
    <Words Block="9" Page="280" />
  </Paragraph>
  <Paragraph>
    <Words Block="10" Page="280" />
  </Paragraph>
  <Paragraph>
    <Words Block="11" Page="280" />
  </Paragraph>
  <Paragraph>
    <Words Start="0" End="48" Block="12" Page="280" />
  </Paragraph>
  <Paragraph>
    <Words Start="49" End="109" Block="12" Page="280" />
  </Paragraph>
  <Paragraph>
    <Words Start="110" End="151" Block="12" Page="280" />
  </Paragraph>
  <Paragraph>
    <Words Block="13" Page="280" />
    <Words Block="0" Page="281" />
  </Paragraph>
  <Paragraph>
    <Words Block="1" Page="281" />
  </Paragraph>
  <Paragraph>
    <Words Block="2" Page="281" />
  </Paragraph>
  <Paragraph>
    <Words Block="3" Page="281" />
  </Paragraph>
  <Paragraph>
    <Words Block="4" Page="281" />
  </Paragraph>
  <Paragraph>
    <Words Block="5" Page="281" />
  </Paragraph>
  <Paragraph>
    <Words Block="6" Page="281" />
  </Paragraph>
  <Paragraph>
    <Words Block="7" Page="281" />
  </Paragraph>
  <Paragraph>
    <Words Block="8" Page="281" />
  </Paragraph>
  <Paragraph>
    <Words Block="9" Page="281" />
    <Words Block="10" Page="281" />
    <Words Block="11" Page="281" />
    <Words Block="12" Page="281" />
  </Paragraph>
  <Paragraph>
    <Words Start="0" End="8" Block="13" Page="281" />
  </Paragraph>
  <Paragraph>
    <Words Start="9" End="13" Block="13" Page="281" />
  </Paragraph>
  <Paragraph>
    <Words Start="14" End="14" Block="13" Page="281" />
    <Words Block="14" Page="281" />
  </Paragraph>
  <Paragraph>
    <Words Block="15" Page="281" />
    <Words Block="16" Page="281" />
    <Words Block="17" Page="281" />
    <Words Block="18" Page="281" />
    <Words Block="19" Page="281" />
    <Words Block="20" Page="281" />
    <Words Block="21" Page="281" />
    <Words Block="22" Page="281" />
    <Words Block="23" Page="281" />
  </Paragraph>
  <Paragraph>
    <Words Block="24" Page="281" />
  </Paragraph>
  <Paragraph>
    <Words Block="25" Page="281" />
  </Paragraph>
  <Paragraph>
    <Words Block="26" Page="281" />
  </Paragraph>
  <Paragraph>
    <Words Block="0" Page="282" />
  </Paragraph>
  <Paragraph>
    <Words Start="0" End="19" Block="1" Page="282" />
  </Paragraph>
  <Paragraph>
    <Words Start="20" End="34" Block="1" Page="282" />
  </Paragraph>
  <Paragraph>
    <Words Block="2" Page="282" />
  </Paragraph>
  <Paragraph>
    <Words Block="3" Page="282" />
  </Paragraph>
  <Paragraph>
    <Words Block="4" Page="282" />
  </Paragraph>
  <Paragraph>
    <Words Block="5" Page="282" />
  </Paragraph>
  <Paragraph>
    <Words Block="6" Page="282" />
  </Paragraph>
  <Paragraph>
    <Words Block="7" Page="282" />
  </Paragraph>
  <Paragraph>
    <Words Start="0" End="36" Block="8" Page="282" />
  </Paragraph>
  <Paragraph>
    <Words Start="37" End="37" Block="8" Page="282" />
  </Paragraph>
  <Paragraph>
    <Words Start="38" End="38" Block="8" Page="282" />
  </Paragraph>
  <Paragraph>
    <Words Block="9" Page="282" />
  </Paragraph>
  <Paragraph>
    <Words Start="0" End="11" Block="10" Page="282" />
  </Paragraph>
  <Paragraph>
    <Words Start="12" End="40" Block="10" Page="282" />
  </Paragraph>
  <Paragraph>
    <Words Block="0" Page="283" />
  </Paragraph>
  <Paragraph>
    <Words Block="1" Page="283" />
  </Paragraph>
  <Paragraph>
    <Words Block="2" Page="283" />
    <Words Block="3" Page="283" />
  </Paragraph>
  <Paragraph>
    <Words Block="4" Page="283" />
  </Paragraph>
  <Paragraph>
    <Words Start="0" End="6" Block="5" Page="283" />
  </Paragraph>
  <Paragraph>
    <Words Start="7" End="7" Block="5" Page="283" />
  </Paragraph>
  <Paragraph>
    <Words Block="6" Page="283" />
  </Paragraph>
  <Paragraph>
    <Words Block="7" Page="283" />
  </Paragraph>
  <Paragraph>
    <Words Block="8" Page="283" />
  </Paragraph>
  <Paragraph>
    <Words Block="9" Page="283" />
  </Paragraph>
  <Paragraph>
    <Words Block="10" Page="283" />
  </Paragraph>
  <Paragraph>
    <Words Block="11" Page="283" />
  </Paragraph>
  <Paragraph>
    <Words Block="0" Page="284" />
  </Paragraph>
  <Paragraph>
    <Words Block="1" Page="284" />
  </Paragraph>
  <Paragraph>
    <Words Block="2" Page="284" />
  </Paragraph>
  <Paragraph>
    <Words Start="0" End="15" Block="3" Page="284" />
  </Paragraph>
  <Paragraph>
    <Words Start="16" End="88" Block="3" Page="284" />
  </Paragraph>
  <Paragraph>
    <Words Block="4" Page="284" />
  </Paragraph>
  <Paragraph>
    <Words Block="5" Page="284" />
  </Paragraph>
  <Paragraph>
    <Words Block="6" Page="284" />
  </Paragraph>
  <Paragraph>
    <Words Block="7" Page="284" />
  </Paragraph>
  <Paragraph>
    <Words Block="8" Page="284" />
  </Paragraph>
  <Paragraph>
    <Words Block="9" Page="284" />
  </Paragraph>
  <Paragraph>
    <Words Block="10" Page="284" />
  </Paragraph>
  <Paragraph>
    <Words Block="11" Page="284" />
  </Paragraph>
  <Paragraph>
    <Words Block="12" Page="284" />
  </Paragraph>
  <Paragraph>
    <Words Block="13" Page="284" />
  </Paragraph>
  <Paragraph>
    <Words Block="14" Page="284" />
  </Paragraph>
  <Paragraph>
    <Words Block="15" Page="284" />
  </Paragraph>
  <Paragraph>
    <Words Block="16" Page="284" />
  </Paragraph>
  <Paragraph>
    <Words Block="17" Page="284" />
  </Paragraph>
  <Paragraph>
    <Words Start="0" End="36" Block="18" Page="284" />
  </Paragraph>
  <Paragraph>
    <Words Start="37" End="54" Block="18" Page="284" />
    <Words Start="0" End="16" Block="19" Page="284" />
  </Paragraph>
  <Paragraph>
    <Words Start="17" End="35" Block="19" Page="284" />
  </Paragraph>
  <Paragraph>
    <Words Start="36" End="36" Block="19" Page="284" />
  </Paragraph>
  <Paragraph>
    <Words Block="0" Page="285" />
  </Paragraph>
  <Paragraph>
    <Words Block="1" Page="285" />
  </Paragraph>
  <Paragraph>
    <Words Block="2" Page="285" />
  </Paragraph>
  <Paragraph>
    <Words Block="3" Page="285" />
  </Paragraph>
  <Paragraph>
    <Words Block="4" Page="285" />
  </Paragraph>
  <Paragraph>
    <Words Block="5" Page="285" />
  </Paragraph>
  <Paragraph>
    <Words Start="0" End="6" Block="6" Page="285" />
  </Paragraph>
  <Paragraph>
    <Words Start="7" End="24" Block="6" Page="285" />
  </Paragraph>
  <Paragraph>
    <Words Block="7" Page="285" />
  </Paragraph>
  <Paragraph>
    <Words Block="8" Page="285" />
  </Paragraph>
  <Paragraph>
    <Words Block="9" Page="285" />
  </Paragraph>
  <Paragraph>
    <Words Block="10" Page="285" />
  </Paragraph>
  <Paragraph>
    <Words Start="0" End="34" Block="11" Page="285" />
  </Paragraph>
  <Paragraph>
    <Words Start="35" End="55" Block="11" Page="285" />
    <Words Start="0" End="17" Block="12" Page="285" />
  </Paragraph>
  <Paragraph>
    <Words Start="18" End="19" Block="12" Page="285" />
  </Paragraph>
  <Paragraph>
    <Words Block="0" Page="286" />
  </Paragraph>
  <Paragraph>
    <Words Block="1" Page="286" />
  </Paragraph>
  <Paragraph>
    <Words Block="2" Page="286" />
  </Paragraph>
  <Paragraph>
    <Words Block="3" Page="286" />
  </Paragraph>
  <Paragraph>
    <Words Block="4" Page="286" />
  </Paragraph>
  <Paragraph>
    <Words Block="5" Page="286" />
  </Paragraph>
  <Paragraph>
    <Words Block="6" Page="286" />
  </Paragraph>
  <Paragraph>
    <Words Block="7" Page="286" />
  </Paragraph>
  <Paragraph>
    <Words Block="8" Page="286" />
  </Paragraph>
  <Paragraph>
    <Words Block="9" Page="286" />
    <Words Start="0" End="17" Block="10" Page="286" />
  </Paragraph>
  <Paragraph>
    <Words Start="18" End="19" Block="10" Page="286" />
  </Paragraph>
  <Paragraph>
    <Words Block="0" Page="287" />
  </Paragraph>
  <Paragraph>
    <Words Block="1" Page="287" />
  </Paragraph>
  <Paragraph>
    <Words Start="0" End="34" Block="2" Page="287" />
  </Paragraph>
  <Paragraph>
    <Words Start="35" End="99" Block="2" Page="287" />
  </Paragraph>
  <Paragraph>
    <Words Block="3" Page="287" />
  </Paragraph>
  <Paragraph>
    <Words Block="4" Page="287" />
  </Paragraph>
  <Paragraph>
    <Words Block="5" Page="287" />
  </Paragraph>
  <Paragraph>
    <Words Block="6" Page="287" />
  </Paragraph>
  <Paragraph>
    <Words Block="7" Page="287" />
  </Paragraph>
  <Paragraph>
    <Words Block="8" Page="287" />
  </Paragraph>
  <Paragraph>
    <Words Block="9" Page="287" />
  </Paragraph>
  <Paragraph>
    <Words Block="10" Page="287" />
    <Words Block="0" Page="288" />
  </Paragraph>
  <Paragraph>
    <Words Block="1" Page="288" />
  </Paragraph>
  <Paragraph>
    <Words Start="0" End="42" Block="2" Page="288" />
  </Paragraph>
  <Paragraph>
    <Words Start="43" End="62" Block="2" Page="288" />
  </Paragraph>
  <Paragraph>
    <Words Block="3" Page="288" />
  </Paragraph>
  <Paragraph>
    <Words Block="4" Page="288" />
  </Paragraph>
  <Paragraph>
    <Words Block="5" Page="288" />
  </Paragraph>
  <Paragraph>
    <Words Block="6" Page="288" />
  </Paragraph>
  <Paragraph>
    <Words Block="7" Page="288" />
  </Paragraph>
  <Paragraph>
    <Words Block="8" Page="288" />
  </Paragraph>
  <Paragraph>
    <Words Block="9" Page="288" />
  </Paragraph>
  <Paragraph>
    <Words Block="10" Page="288" />
  </Paragraph>
  <Paragraph>
    <Words Block="11" Page="288" />
  </Paragraph>
  <Paragraph>
    <Words Start="0" End="13" Block="12" Page="288" />
  </Paragraph>
  <Paragraph>
    <Words Start="14" End="29" Block="12" Page="288" />
  </Paragraph>
  <Paragraph>
    <Words Block="13" Page="288" />
  </Paragraph>
  <Paragraph>
    <Words Block="0" Page="289" />
    <Words Block="1" Page="289" />
    <Words Block="2" Page="289" />
    <Words Block="3" Page="289" />
    <Words Block="4" Page="289" />
  </Paragraph>
  <Paragraph>
    <Words Block="5" Page="289" />
    <Words Block="6" Page="289" />
    <Words Block="7" Page="289" />
  </Paragraph>
  <Paragraph>
    <Words Block="8" Page="289" />
    <Words Block="9" Page="289" />
  </Paragraph>
  <Paragraph>
    <Words Block="10" Page="289" />
  </Paragraph>
  <Paragraph>
    <Words Block="11" Page="289" />
  </Paragraph>
  <Paragraph>
    <Words Block="12" Page="289" />
  </Paragraph>
  <Paragraph>
    <Words Block="13" Page="289" />
  </Paragraph>
  <Paragraph>
    <Words Block="14" Page="289" />
  </Paragraph>
  <Paragraph>
    <Words Block="15" Page="289" />
  </Paragraph>
  <Paragraph>
    <Words Block="16" Page="289" />
  </Paragraph>
  <Paragraph>
    <Words Block="17" Page="289" />
  </Paragraph>
  <Paragraph>
    <Words Block="18" Page="289" />
  </Paragraph>
  <Paragraph>
    <Words Block="0" Page="290" />
  </Paragraph>
  <Paragraph>
    <Words Block="1" Page="290" />
  </Paragraph>
  <Paragraph>
    <Words Block="2" Page="290" />
  </Paragraph>
  <Paragraph>
    <Words Block="3" Page="290" />
  </Paragraph>
  <Paragraph>
    <Words Block="4" Page="290" />
  </Paragraph>
  <Paragraph>
    <Words Block="5" Page="290" />
  </Paragraph>
  <Paragraph>
    <Words Block="6" Page="290" />
  </Paragraph>
  <Paragraph>
    <Words Block="7" Page="290" />
  </Paragraph>
  <Paragraph>
    <Words Block="8" Page="290" />
  </Paragraph>
  <Paragraph>
    <Words Block="9" Page="290" />
  </Paragraph>
  <Paragraph>
    <Words Block="10" Page="290" />
  </Paragraph>
  <Paragraph>
    <Words Block="11" Page="290" />
  </Paragraph>
  <Paragraph>
    <Words Block="12" Page="290" />
  </Paragraph>
  <Paragraph>
    <Words Block="0" Page="291" />
  </Paragraph>
  <Paragraph>
    <Words Block="1" Page="291" />
  </Paragraph>
  <Paragraph>
    <Words Block="2" Page="291" />
  </Paragraph>
  <Paragraph>
    <Words Block="3" Page="291" />
  </Paragraph>
  <Paragraph>
    <Words Block="4" Page="291" />
    <Words Start="0" End="17" Block="5" Page="291" />
  </Paragraph>
  <Paragraph>
    <Words Start="18" End="19" Block="5" Page="291" />
  </Paragraph>
  <Paragraph>
    <Words Block="6" Page="291" />
  </Paragraph>
  <Paragraph>
    <Words Block="7" Page="291" />
  </Paragraph>
  <Paragraph>
    <Words Block="8" Page="291" />
  </Paragraph>
  <Paragraph>
    <Words Block="9" Page="291" />
  </Paragraph>
  <Paragraph>
    <Words Block="10" Page="291" />
  </Paragraph>
  <Paragraph>
    <Words Block="11" Page="291" />
  </Paragraph>
  <Paragraph>
    <Words Block="12" Page="291" />
  </Paragraph>
  <Paragraph>
    <Words Block="13" Page="291" />
  </Paragraph>
  <Paragraph>
    <Words Block="14" Page="291" />
  </Paragraph>
  <Paragraph>
    <Words Start="0" End="17" Block="0" Page="292" />
  </Paragraph>
  <Paragraph>
    <Words Start="18" End="40" Block="0" Page="292" />
  </Paragraph>
  <Paragraph>
    <Words Block="1" Page="292" />
  </Paragraph>
  <Paragraph>
    <Words Block="2" Page="292" />
  </Paragraph>
  <Paragraph>
    <Words Block="3" Page="292" />
  </Paragraph>
  <Paragraph>
    <Words Block="4" Page="292" />
  </Paragraph>
  <Paragraph>
    <Words Block="5" Page="292" />
  </Paragraph>
  <Paragraph>
    <Words Block="6" Page="292" />
  </Paragraph>
  <Paragraph>
    <Words Block="7" Page="292" />
  </Paragraph>
  <Paragraph>
    <Words Block="8" Page="292" />
  </Paragraph>
  <Paragraph>
    <Words Block="9" Page="292" />
  </Paragraph>
  <Paragraph>
    <Words Block="10" Page="292" />
  </Paragraph>
  <Paragraph>
    <Words Start="0" End="23" Block="11" Page="292" />
  </Paragraph>
  <Paragraph>
    <Words Start="24" End="96" Block="11" Page="292" />
    <Words Start="0" End="38" Block="0" Page="293" />
  </Paragraph>
  <Paragraph>
    <Words Start="39" End="156" Block="0" Page="293" />
  </Paragraph>
  <Paragraph>
    <Words Start="157" End="173" Block="0" Page="293" />
  </Paragraph>
  <Paragraph>
    <Words Start="174" End="188" Block="0" Page="293" />
  </Paragraph>
  <Paragraph>
    <Words Start="189" End="259" Block="0" Page="293" />
  </Paragraph>
  <Paragraph>
    <Words Start="260" End="371" Block="0" Page="293" />
  </Paragraph>
  <Paragraph>
    <Words Block="0" Page="294" />
  </Paragraph>
  <Paragraph>
    <Words Block="1" Page="294" />
  </Paragraph>
  <Paragraph>
    <Words Start="0" End="30" Block="2" Page="294" />
  </Paragraph>
  <Paragraph>
    <Words Start="31" End="49" Block="2" Page="294" />
  </Paragraph>
  <Paragraph>
    <Words Start="50" End="84" Block="2" Page="294" />
  </Paragraph>
  <Paragraph>
    <Words Block="3" Page="294" />
  </Paragraph>
  <Paragraph>
    <Words Block="4" Page="294" />
  </Paragraph>
  <Paragraph>
    <Words Block="5" Page="294" />
  </Paragraph>
  <Paragraph>
    <Words Start="0" End="43" Block="6" Page="294" />
  </Paragraph>
  <Paragraph>
    <Words Start="44" End="52" Block="6" Page="294" />
  </Paragraph>
  <Paragraph>
    <Words Start="53" End="56" Block="6" Page="294" />
  </Paragraph>
  <Paragraph>
    <Words Block="7" Page="294" />
  </Paragraph>
  <Paragraph>
    <Words Block="8" Page="294" />
  </Paragraph>
  <Paragraph>
    <Words Block="9" Page="294" />
  </Paragraph>
  <Paragraph>
    <Words Block="10" Page="294" />
  </Paragraph>
  <Paragraph>
    <Words Block="11" Page="294" />
  </Paragraph>
  <Paragraph>
    <Words Block="0" Page="295" />
  </Paragraph>
  <Paragraph>
    <Words Block="1" Page="295" />
  </Paragraph>
  <Paragraph>
    <Words Block="2" Page="295" />
  </Paragraph>
  <Paragraph>
    <Words Block="3" Page="295" />
  </Paragraph>
  <Paragraph>
    <Words Start="0" End="44" Block="4" Page="295" />
  </Paragraph>
  <Paragraph>
    <Words Start="45" End="89" Block="4" Page="295" />
  </Paragraph>
  <Paragraph>
    <Words Start="90" End="193" Block="4" Page="295" />
  </Paragraph>
  <Paragraph>
    <Words Block="0" Page="296" />
  </Paragraph>
  <Paragraph>
    <Words Block="1" Page="296" />
  </Paragraph>
  <Paragraph>
    <Words Start="0" End="41" Block="2" Page="296" />
  </Paragraph>
  <Paragraph>
    <Words Start="42" End="53" Block="2" Page="296" />
  </Paragraph>
  <Paragraph>
    <Words Block="3" Page="296" />
  </Paragraph>
  <Paragraph>
    <Words Block="4" Page="296" />
  </Paragraph>
  <Paragraph>
    <Words Block="5" Page="296" />
  </Paragraph>
  <Paragraph>
    <Words Start="0" End="7" Block="6" Page="296" />
  </Paragraph>
  <Paragraph>
    <Words Start="8" End="32" Block="6" Page="296" />
  </Paragraph>
  <Paragraph>
    <Words Block="7" Page="296" />
  </Paragraph>
  <Paragraph>
    <Words Block="8" Page="296" />
    <Words Block="9" Page="296" />
  </Paragraph>
  <Paragraph>
    <Words Block="10" Page="296" />
  </Paragraph>
  <Paragraph>
    <Words Block="11" Page="296" />
  </Paragraph>
  <Paragraph>
    <Words Block="12" Page="296" />
  </Paragraph>
  <Paragraph>
    <Words Block="13" Page="296" />
  </Paragraph>
  <Paragraph>
    <Words Block="0" Page="297" />
  </Paragraph>
  <Paragraph>
    <Words Start="0" End="6" Block="1" Page="297" />
  </Paragraph>
  <Paragraph>
    <Words Start="7" End="7" Block="1" Page="297" />
  </Paragraph>
  <Paragraph>
    <Words Start="0" End="31" Block="2" Page="297" />
  </Paragraph>
  <Paragraph>
    <Words Start="32" End="170" Block="2" Page="297" />
  </Paragraph>
  <Paragraph>
    <Words Block="3" Page="297" />
  </Paragraph>
  <Paragraph>
    <Words Block="4" Page="297" />
  </Paragraph>
  <Paragraph>
    <Words Block="5" Page="297" />
    <Words Block="6" Page="297" />
    <Words Block="7" Page="297" />
  </Paragraph>
  <Paragraph>
    <Words Block="8" Page="297" />
  </Paragraph>
  <Paragraph>
    <Words Block="9" Page="297" />
  </Paragraph>
  <Paragraph>
    <Words Block="10" Page="297" />
  </Paragraph>
  <Paragraph>
    <Words Block="11" Page="297" />
  </Paragraph>
  <Paragraph>
    <Words Block="12" Page="297" />
  </Paragraph>
  <Paragraph>
    <Words Block="13" Page="297" />
  </Paragraph>
  <Paragraph>
    <Words Block="0" Page="298" />
  </Paragraph>
  <Paragraph>
    <Words Block="1" Page="298" />
  </Paragraph>
  <Paragraph>
    <Words Start="0" End="39" Block="2" Page="298" />
  </Paragraph>
  <Paragraph>
    <Words Start="40" End="61" Block="2" Page="298" />
  </Paragraph>
  <Paragraph>
    <Words Block="3" Page="298" />
  </Paragraph>
  <Paragraph>
    <Words Block="4" Page="298" />
  </Paragraph>
  <Paragraph>
    <Words Block="5" Page="298" />
  </Paragraph>
  <Paragraph>
    <Words Block="6" Page="298" />
  </Paragraph>
  <Paragraph>
    <Words Block="7" Page="298" />
  </Paragraph>
  <Paragraph>
    <Words Block="8" Page="298" />
  </Paragraph>
  <Paragraph>
    <Words Block="9" Page="298" />
  </Paragraph>
  <Paragraph>
    <Words Block="0" Page="299" />
  </Paragraph>
  <Paragraph>
    <Words Block="1" Page="299" />
  </Paragraph>
  <Paragraph>
    <Words Block="2" Page="299" />
  </Paragraph>
  <Paragraph>
    <Words Block="3" Page="299" />
  </Paragraph>
  <Paragraph>
    <Words Block="4" Page="299" />
  </Paragraph>
  <Paragraph>
    <Words Block="5" Page="299" />
  </Paragraph>
  <Paragraph>
    <Words Block="6" Page="299" />
  </Paragraph>
  <Paragraph>
    <Words Block="7" Page="299" />
  </Paragraph>
  <Paragraph>
    <Words Start="0" End="10" Block="8" Page="299" />
  </Paragraph>
  <Paragraph>
    <Words Start="11" End="21" Block="8" Page="299" />
  </Paragraph>
  <Paragraph>
    <Words Block="9" Page="299" />
  </Paragraph>
  <Paragraph>
    <Words Block="10" Page="299" />
  </Paragraph>
  <Paragraph>
    <Words Block="0" Page="300" />
  </Paragraph>
  <Paragraph>
    <Words Start="0" End="105" Block="1" Page="300" />
  </Paragraph>
  <Paragraph>
    <Words Start="106" End="145" Block="1" Page="300" />
  </Paragraph>
  <Paragraph>
    <Words Start="146" End="217" Block="1" Page="300" />
  </Paragraph>
  <Paragraph>
    <Words Block="2" Page="300" />
  </Paragraph>
  <Paragraph>
    <Words Start="0" End="108" Block="3" Page="300" />
  </Paragraph>
  <Paragraph>
    <Words Start="109" End="131" Block="3" Page="300" />
  </Paragraph>
  <Paragraph>
    <Words Block="4" Page="300" />
  </Paragraph>
  <Paragraph>
    <Words Start="0" End="71" Block="5" Page="300" />
  </Paragraph>
  <Paragraph>
    <Words Start="72" End="150" Block="5" Page="300" />
  </Paragraph>
  <Paragraph>
    <Words Start="151" End="210" Block="5" Page="300" />
    <Words Start="0" End="25" Block="0" Page="301" />
  </Paragraph>
  <Paragraph>
    <Words Start="26" End="52" Block="0" Page="301" />
  </Paragraph>
  <Paragraph>
    <Words Start="53" End="106" Block="0" Page="301" />
  </Paragraph>
  <Paragraph>
    <Words Block="1" Page="301" />
  </Paragraph>
  <Paragraph>
    <Words Block="2" Page="301" />
  </Paragraph>
  <Paragraph>
    <Words Block="3" Page="301" />
  </Paragraph>
  <Paragraph>
    <Words Block="4" Page="301" />
  </Paragraph>
  <Paragraph>
    <Words Block="5" Page="301" />
  </Paragraph>
  <Paragraph>
    <Words Block="6" Page="301" />
  </Paragraph>
  <Paragraph>
    <Words Block="7" Page="301" />
  </Paragraph>
  <Paragraph>
    <Words Start="0" End="17" Block="8" Page="301" />
  </Paragraph>
  <Paragraph>
    <Words Start="18" End="23" Block="8" Page="301" />
  </Paragraph>
  <Paragraph>
    <Words Block="9" Page="301" />
  </Paragraph>
  <Paragraph>
    <Words Block="0" Page="302" />
  </Paragraph>
  <Paragraph>
    <Words Block="1" Page="302" />
  </Paragraph>
  <Paragraph>
    <Words Block="2" Page="302" />
  </Paragraph>
  <Paragraph>
    <Words Block="3" Page="302" />
  </Paragraph>
  <Paragraph>
    <Words Block="4" Page="302" />
  </Paragraph>
  <Paragraph>
    <Words Block="5" Page="302" />
  </Paragraph>
  <Paragraph>
    <Words Block="6" Page="302" />
  </Paragraph>
  <Paragraph>
    <Words Block="7" Page="302" />
  </Paragraph>
  <Paragraph>
    <Words Block="8" Page="302" />
  </Paragraph>
  <Paragraph>
    <Words Start="0" End="11" Block="9" Page="302" />
  </Paragraph>
  <Paragraph>
    <Words Start="12" End="45" Block="9" Page="302" />
  </Paragraph>
  <Paragraph>
    <Words Start="46" End="51" Block="9" Page="302" />
  </Paragraph>
  <Paragraph>
    <Words Block="10" Page="302" />
  </Paragraph>
  <Paragraph>
    <Words Block="0" Page="303" />
  </Paragraph>
  <Paragraph>
    <Words Block="1" Page="303" />
  </Paragraph>
  <Paragraph>
    <Words Block="2" Page="303" />
  </Paragraph>
  <Paragraph>
    <Words Block="3" Page="303" />
  </Paragraph>
  <Paragraph>
    <Words Block="4" Page="303" />
  </Paragraph>
  <Paragraph>
    <Words Block="5" Page="303" />
  </Paragraph>
  <Paragraph>
    <Words Block="6" Page="303" />
  </Paragraph>
  <Paragraph>
    <Words Start="0" End="59" Block="7" Page="303" />
  </Paragraph>
  <Paragraph>
    <Words Start="60" End="98" Block="7" Page="303" />
  </Paragraph>
  <Paragraph>
    <Words Block="8" Page="303" />
  </Paragraph>
  <Paragraph>
    <Words Block="0" Page="304" />
  </Paragraph>
  <Paragraph>
    <Words Block="1" Page="304" />
  </Paragraph>
  <Paragraph>
    <Words Block="2" Page="304" />
  </Paragraph>
  <Paragraph>
    <Words Block="3" Page="304" />
  </Paragraph>
  <Paragraph>
    <Words Block="4" Page="304" />
  </Paragraph>
  <Paragraph>
    <Words Block="5" Page="304" />
  </Paragraph>
  <Paragraph>
    <Words Block="6" Page="304" />
  </Paragraph>
  <Paragraph>
    <Words Block="7" Page="304" />
  </Paragraph>
  <Paragraph>
    <Words Block="8" Page="304" />
  </Paragraph>
  <Paragraph>
    <Words Block="9" Page="304" />
  </Paragraph>
  <Paragraph>
    <Words Block="10" Page="304" />
  </Paragraph>
  <Paragraph>
    <Words Start="0" End="66" Block="0" Page="305" />
  </Paragraph>
  <Paragraph>
    <Words Start="67" End="73" Block="0" Page="305" />
  </Paragraph>
  <Paragraph>
    <Words Block="1" Page="305" />
  </Paragraph>
  <Paragraph>
    <Words Block="2" Page="305" />
  </Paragraph>
  <Paragraph>
    <Words Block="3" Page="305" />
  </Paragraph>
  <Paragraph>
    <Words Block="4" Page="305" />
  </Paragraph>
  <Paragraph>
    <Words Block="5" Page="305" />
  </Paragraph>
  <Paragraph>
    <Words Block="6" Page="305" />
  </Paragraph>
  <Paragraph>
    <Words Block="7" Page="305" />
  </Paragraph>
  <Paragraph>
    <Words Start="0" End="60" Block="0" Page="306" />
  </Paragraph>
  <Paragraph>
    <Words Start="61" End="104" Block="0" Page="306" />
  </Paragraph>
  <Paragraph>
    <Words Block="1" Page="306" />
  </Paragraph>
  <Paragraph>
    <Words Block="2" Page="306" />
  </Paragraph>
  <Paragraph>
    <Words Block="3" Page="306" />
  </Paragraph>
  <Paragraph>
    <Words Block="4" Page="306" />
  </Paragraph>
  <Paragraph>
    <Words Block="5" Page="306" />
  </Paragraph>
  <Paragraph>
    <Words Block="6" Page="306" />
  </Paragraph>
  <Paragraph>
    <Words Block="7" Page="306" />
  </Paragraph>
  <Paragraph>
    <Words Start="0" End="45" Block="8" Page="306" />
  </Paragraph>
  <Paragraph>
    <Words Start="46" End="111" Block="8" Page="306" />
  </Paragraph>
  <Paragraph>
    <Words Block="9" Page="306" />
  </Paragraph>
  <Paragraph>
    <Words Block="10" Page="306" />
  </Paragraph>
  <Paragraph>
    <Words Start="0" End="81" Block="11" Page="306" />
  </Paragraph>
  <Paragraph>
    <Words Start="82" End="132" Block="11" Page="306" />
  </Paragraph>
  <Paragraph>
    <Words Block="0" Page="307" />
  </Paragraph>
  <Paragraph>
    <Words Block="1" Page="307" />
    <Words Start="0" End="32" Block="2" Page="307" />
  </Paragraph>
  <Paragraph>
    <Words Start="33" End="61" Block="2" Page="307" />
  </Paragraph>
  <Paragraph>
    <Words Start="62" End="109" Block="2" Page="307" />
  </Paragraph>
  <Paragraph>
    <Words Block="3" Page="307" />
  </Paragraph>
  <Paragraph>
    <Words Start="0" End="96" Block="4" Page="307" />
  </Paragraph>
  <Paragraph>
    <Words Start="97" End="151" Block="4" Page="307" />
  </Paragraph>
  <Paragraph>
    <Words Start="152" End="227" Block="4" Page="307" />
  </Paragraph>
  <Paragraph>
    <Words Block="5" Page="307" />
  </Paragraph>
  <Paragraph>
    <Words Start="0" End="54" Block="6" Page="307" />
  </Paragraph>
  <Paragraph>
    <Words Start="55" End="63" Block="6" Page="307" />
  </Paragraph>
  <Paragraph>
    <Words Start="64" End="119" Block="6" Page="307" />
  </Paragraph>
  <Paragraph>
    <Words Block="0" Page="308" />
  </Paragraph>
  <Paragraph>
    <Words Start="0" End="76" Block="1" Page="308" />
  </Paragraph>
  <Paragraph>
    <Words Start="77" End="131" Block="1" Page="308" />
  </Paragraph>
  <Paragraph>
    <Words Start="132" End="163" Block="1" Page="308" />
  </Paragraph>
  <Paragraph>
    <Words Start="164" End="205" Block="1" Page="308" />
  </Paragraph>
  <Paragraph>
    <Words Start="206" End="279" Block="1" Page="308" />
  </Paragraph>
  <Paragraph>
    <Words Block="2" Page="308" />
  </Paragraph>
  <Paragraph>
    <Words Start="0" End="49" Block="3" Page="308" />
  </Paragraph>
  <Paragraph>
    <Words Start="50" End="200" Block="3" Page="308" />
  </Paragraph>
  <Paragraph>
    <Words Start="201" End="294" Block="3" Page="308" />
  </Paragraph>
  <Paragraph>
    <Words Block="4" Page="308" />
  </Paragraph>
  <Paragraph>
    <Words Block="5" Page="308" />
  </Paragraph>
  <Paragraph>
    <Words Block="0" Page="309" />
  </Paragraph>
  <Paragraph>
    <Words Block="1" Page="309" />
  </Paragraph>
  <Paragraph>
    <Words Block="2" Page="309" />
  </Paragraph>
  <Paragraph>
    <Words Block="3" Page="309" />
  </Paragraph>
  <Paragraph>
    <Words Block="4" Page="309" />
  </Paragraph>
  <Paragraph>
    <Words Block="5" Page="309" />
  </Paragraph>
  <Paragraph>
    <Words Block="6" Page="309" />
  </Paragraph>
  <Paragraph>
    <Words Block="7" Page="309" />
  </Paragraph>
  <Paragraph>
    <Words Start="0" End="95" Block="8" Page="309" />
  </Paragraph>
  <Paragraph>
    <Words Start="96" End="149" Block="8" Page="309" />
  </Paragraph>
  <Paragraph>
    <Words Block="9" Page="309" />
  </Paragraph>
  <Paragraph>
    <Words Start="0" End="56" Block="10" Page="309" />
  </Paragraph>
  <Paragraph>
    <Words Start="57" End="103" Block="10" Page="309" />
  </Paragraph>
  <Paragraph>
    <Words Start="104" End="162" Block="10" Page="309" />
  </Paragraph>
  <Paragraph>
    <Words Block="11" Page="309" />
  </Paragraph>
  <Paragraph>
    <Words Block="12" Page="309" />
    <Words Start="0" End="27" Block="0" Page="310" />
  </Paragraph>
  <Paragraph>
    <Words Start="28" End="48" Block="0" Page="310" />
  </Paragraph>
  <Paragraph>
    <Words Start="49" End="52" Block="0" Page="310" />
  </Paragraph>
  <Paragraph>
    <Words Start="53" End="124" Block="0" Page="310" />
  </Paragraph>
  <Paragraph>
    <Words Block="1" Page="310" />
  </Paragraph>
  <Paragraph>
    <Words Block="2" Page="310" />
  </Paragraph>
  <Paragraph>
    <Words Block="3" Page="310" />
  </Paragraph>
  <Paragraph>
    <Words Block="4" Page="310" />
  </Paragraph>
  <Paragraph>
    <Words Block="5" Page="310" />
  </Paragraph>
  <Paragraph>
    <Words Block="6" Page="310" />
  </Paragraph>
  <Paragraph>
    <Words Block="0" Page="311" />
    <Words Start="0" End="59" Block="1" Page="311" />
  </Paragraph>
  <Paragraph>
    <Words Start="60" End="106" Block="1" Page="311" />
  </Paragraph>
  <Paragraph>
    <Words Block="2" Page="311" />
  </Paragraph>
  <Paragraph>
    <Words Block="3" Page="311" />
  </Paragraph>
  <Paragraph>
    <Words Start="0" End="38" Block="4" Page="311" />
  </Paragraph>
  <Paragraph>
    <Words Start="39" End="112" Block="4" Page="311" />
  </Paragraph>
  <Paragraph>
    <Words Block="5" Page="311" />
  </Paragraph>
  <Paragraph>
    <Words Block="6" Page="311" />
  </Paragraph>
  <Paragraph>
    <Words Block="7" Page="311" />
  </Paragraph>
  <Paragraph>
    <Words Block="8" Page="311" />
  </Paragraph>
  <Paragraph>
    <Words Block="9" Page="311" />
  </Paragraph>
  <Paragraph>
    <Words Block="10" Page="311" />
  </Paragraph>
  <Paragraph>
    <Words Start="0" End="10" Block="0" Page="312" />
  </Paragraph>
  <Paragraph>
    <Words Start="11" End="30" Block="0" Page="312" />
  </Paragraph>
  <Paragraph>
    <Words Start="31" End="48" Block="0" Page="312" />
  </Paragraph>
  <Paragraph>
    <Words Block="1" Page="312" />
  </Paragraph>
  <Paragraph>
    <Words Block="2" Page="312" />
  </Paragraph>
  <Paragraph>
    <Words Block="3" Page="312" />
  </Paragraph>
  <Paragraph>
    <Words Block="4" Page="312" />
  </Paragraph>
  <Paragraph>
    <Words Block="5" Page="312" />
    <Words Start="0" End="17" Block="6" Page="312" />
  </Paragraph>
  <Paragraph>
    <Words Start="18" End="19" Block="6" Page="312" />
  </Paragraph>
  <Paragraph>
    <Words Block="0" Page="313" />
  </Paragraph>
  <Paragraph>
    <Words Block="1" Page="313" />
  </Paragraph>
  <Paragraph>
    <Words Block="2" Page="313" />
  </Paragraph>
  <Paragraph>
    <Words Block="3" Page="313" />
  </Paragraph>
  <Paragraph>
    <Words Block="4" Page="313" />
  </Paragraph>
  <Paragraph>
    <Words Block="5" Page="313" />
  </Paragraph>
  <Paragraph>
    <Words Start="0" End="5" Block="6" Page="313" />
  </Paragraph>
  <Paragraph>
    <Words Start="6" End="11" Block="6" Page="313" />
  </Paragraph>
  <Paragraph>
    <Words Start="12" End="64" Block="6" Page="313" />
  </Paragraph>
  <Paragraph>
    <Words Block="7" Page="313" />
  </Paragraph>
  <Paragraph>
    <Words Block="8" Page="313" />
  </Paragraph>
  <Paragraph>
    <Words Block="9" Page="313" />
  </Paragraph>
  <Paragraph>
    <Words Block="10" Page="313" />
  </Paragraph>
  <Paragraph>
    <Words Block="11" Page="313" />
  </Paragraph>
  <Paragraph>
    <Words Block="0" Page="314" />
  </Paragraph>
  <Paragraph>
    <Words Block="1" Page="314" />
  </Paragraph>
  <Paragraph>
    <Words Block="2" Page="314" />
  </Paragraph>
  <Paragraph>
    <Words Block="3" Page="314" />
  </Paragraph>
  <Paragraph>
    <Words Block="4" Page="314" />
  </Paragraph>
  <Paragraph>
    <Words Block="5" Page="314" />
  </Paragraph>
  <Paragraph>
    <Words Block="6" Page="314" />
  </Paragraph>
  <Paragraph>
    <Words Block="7" Page="314" />
  </Paragraph>
  <Paragraph>
    <Words Block="8" Page="314" />
  </Paragraph>
  <Paragraph>
    <Words Block="9" Page="314" />
  </Paragraph>
  <Paragraph>
    <Words Block="10" Page="314" />
  </Paragraph>
  <Paragraph>
    <Words Block="11" Page="314" />
  </Paragraph>
  <Paragraph>
    <Words Block="12" Page="314" />
  </Paragraph>
  <Paragraph>
    <Words Block="0" Page="315" />
  </Paragraph>
  <Paragraph>
    <Words Block="1" Page="315" />
  </Paragraph>
  <Paragraph>
    <Words Block="2" Page="315" />
  </Paragraph>
  <Paragraph>
    <Words Block="3" Page="315" />
  </Paragraph>
  <Paragraph>
    <Words Start="0" End="58" Block="4" Page="315" />
  </Paragraph>
  <Paragraph>
    <Words Start="59" End="71" Block="4" Page="315" />
  </Paragraph>
  <Paragraph>
    <Words Start="72" End="128" Block="4" Page="315" />
  </Paragraph>
  <Paragraph>
    <Words Start="129" End="203" Block="4" Page="315" />
  </Paragraph>
  <Paragraph>
    <Words Start="204" End="225" Block="4" Page="315" />
  </Paragraph>
  <Paragraph>
    <Words Block="5" Page="315" />
  </Paragraph>
  <Paragraph>
    <Words Block="6" Page="315" />
  </Paragraph>
  <Paragraph>
    <Words Start="0" End="41" Block="7" Page="315" />
  </Paragraph>
  <Paragraph>
    <Words Start="42" End="79" Block="7" Page="315" />
    <Words Start="0" End="45" Block="0" Page="316" />
  </Paragraph>
  <Paragraph>
    <Words Start="46" End="120" Block="0" Page="316" />
  </Paragraph>
  <Paragraph>
    <Words Block="1" Page="316" />
  </Paragraph>
  <Paragraph>
    <Words Block="2" Page="316" />
  </Paragraph>
  <Paragraph>
    <Words Block="3" Page="316" />
  </Paragraph>
  <Paragraph>
    <Words Block="4" Page="316" />
  </Paragraph>
  <Paragraph>
    <Words Start="0" End="8" Block="5" Page="316" />
  </Paragraph>
  <Paragraph>
    <Words Start="9" End="31" Block="5" Page="316" />
  </Paragraph>
  <Paragraph>
    <Words Block="6" Page="316" />
  </Paragraph>
  <Paragraph>
    <Words Block="7" Page="316" />
  </Paragraph>
  <Paragraph>
    <Words Block="8" Page="316" />
  </Paragraph>
  <Paragraph>
    <Words Block="9" Page="316" />
    <Words Block="0" Page="317" />
  </Paragraph>
  <Paragraph>
    <Words Block="1" Page="317" />
  </Paragraph>
  <Paragraph>
    <Words Block="2" Page="317" />
  </Paragraph>
  <Paragraph>
    <Words Block="3" Page="317" />
  </Paragraph>
  <Paragraph>
    <Words Block="4" Page="317" />
  </Paragraph>
  <Paragraph>
    <Words Start="0" End="57" Block="5" Page="317" />
  </Paragraph>
  <Paragraph>
    <Words Start="58" End="79" Block="5" Page="317" />
  </Paragraph>
  <Paragraph>
    <Words Block="6" Page="317" />
  </Paragraph>
  <Paragraph>
    <Words Block="7" Page="317" />
  </Paragraph>
  <Paragraph>
    <Words Block="8" Page="317" />
  </Paragraph>
  <Paragraph>
    <Words Block="9" Page="317" />
  </Paragraph>
  <Paragraph>
    <Words Block="10" Page="317" />
  </Paragraph>
  <Paragraph>
    <Words Start="0" End="29" Block="11" Page="317" />
  </Paragraph>
  <Paragraph>
    <Words Start="30" End="33" Block="11" Page="317" />
  </Paragraph>
  <Paragraph>
    <Words Block="12" Page="317" />
  </Paragraph>
  <Paragraph>
    <Words Block="13" Page="317" />
  </Paragraph>
  <Paragraph>
    <Words Block="0" Page="318" />
  </Paragraph>
  <Paragraph>
    <Words Block="1" Page="318" />
  </Paragraph>
  <Paragraph>
    <Words Block="2" Page="318" />
  </Paragraph>
  <Paragraph>
    <Words Block="3" Page="318" />
  </Paragraph>
  <Paragraph>
    <Words Block="4" Page="318" />
  </Paragraph>
  <Paragraph>
    <Words Block="5" Page="318" />
  </Paragraph>
  <Paragraph>
    <Words Block="6" Page="318" />
  </Paragraph>
  <Paragraph>
    <Words Block="7" Page="318" />
  </Paragraph>
  <Paragraph>
    <Words Block="0" Page="319" />
  </Paragraph>
  <Paragraph>
    <Words Block="1" Page="319" />
  </Paragraph>
  <Paragraph>
    <Words Block="2" Page="319" />
  </Paragraph>
  <Paragraph>
    <Words Block="3" Page="319" />
  </Paragraph>
  <Paragraph>
    <Words Block="4" Page="319" />
  </Paragraph>
  <Paragraph>
    <Words Block="5" Page="319" />
  </Paragraph>
  <Paragraph>
    <Words Block="6" Page="319" />
  </Paragraph>
  <Paragraph>
    <Words Block="7" Page="319" />
  </Paragraph>
  <Paragraph>
    <Words Block="8" Page="319" />
  </Paragraph>
  <Paragraph>
    <Words Block="9" Page="319" />
    <Words Block="10" Page="319" />
    <Words Block="11" Page="319" />
    <Words Block="12" Page="319" />
    <Words Block="13" Page="319" />
    <Words Block="14" Page="319" />
    <Words Block="15" Page="319" />
    <Words Block="16" Page="319" />
  </Paragraph>
  <Paragraph>
    <Words Block="17" Page="319" />
  </Paragraph>
  <Paragraph>
    <Words Block="18" Page="319" />
  </Paragraph>
  <Paragraph>
    <Words Block="19" Page="319" />
  </Paragraph>
  <Paragraph>
    <Words Block="20" Page="319" />
  </Paragraph>
  <Paragraph>
    <Words Start="0" End="10" Block="0" Page="320" />
  </Paragraph>
  <Paragraph>
    <Words Start="11" End="35" Block="0" Page="320" />
  </Paragraph>
  <Paragraph>
    <Words Start="0" End="35" Block="1" Page="320" />
  </Paragraph>
  <Paragraph>
    <Words Start="36" End="40" Block="1" Page="320" />
  </Paragraph>
  <Paragraph>
    <Words Block="2" Page="320" />
  </Paragraph>
  <Paragraph>
    <Words Block="3" Page="320" />
  </Paragraph>
  <Paragraph>
    <Words Block="4" Page="320" />
  </Paragraph>
  <Paragraph>
    <Words Block="5" Page="320" />
  </Paragraph>
  <Paragraph>
    <Words Block="6" Page="320" />
  </Paragraph>
  <Paragraph>
    <Words Block="7" Page="320" />
  </Paragraph>
  <Paragraph>
    <Words Block="0" Page="321" />
  </Paragraph>
  <Paragraph>
    <Words Block="1" Page="321" />
  </Paragraph>
  <Paragraph>
    <Words Block="2" Page="321" />
  </Paragraph>
  <Paragraph>
    <Words Block="3" Page="321" />
  </Paragraph>
  <Paragraph>
    <Words Block="4" Page="321" />
  </Paragraph>
  <Paragraph>
    <Words Block="5" Page="321" />
  </Paragraph>
  <Paragraph>
    <Words Start="0" End="39" Block="6" Page="321" />
  </Paragraph>
  <Paragraph>
    <Words Start="40" End="51" Block="6" Page="321" />
  </Paragraph>
  <Paragraph>
    <Words Start="52" End="69" Block="6" Page="321" />
  </Paragraph>
  <Paragraph>
    <Words Block="7" Page="321" />
  </Paragraph>
  <Paragraph>
    <Words Block="8" Page="321" />
  </Paragraph>
  <Paragraph>
    <Words Block="9" Page="321" />
  </Paragraph>
  <Paragraph>
    <Words Block="10" Page="321" />
  </Paragraph>
  <Paragraph>
    <Words Block="0" Page="322" />
  </Paragraph>
  <Paragraph>
    <Words Block="1" Page="322" />
  </Paragraph>
  <Paragraph>
    <Words Block="2" Page="322" />
  </Paragraph>
  <Paragraph>
    <Words Block="3" Page="322" />
  </Paragraph>
  <Paragraph>
    <Words Block="4" Page="322" />
  </Paragraph>
  <Paragraph>
    <Words Block="5" Page="322" />
  </Paragraph>
  <Paragraph>
    <Words Block="6" Page="322" />
  </Paragraph>
  <Paragraph>
    <Words Block="7" Page="322" />
  </Paragraph>
  <Paragraph>
    <Words Block="8" Page="322" />
  </Paragraph>
  <Paragraph>
    <Words Block="9" Page="322" />
  </Paragraph>
  <Paragraph>
    <Words Block="10" Page="322" />
  </Paragraph>
  <Paragraph>
    <Words Block="11" Page="322" />
  </Paragraph>
  <Paragraph>
    <Words Block="12" Page="322" />
  </Paragraph>
  <Paragraph>
    <Words Block="13" Page="322" />
  </Paragraph>
  <Paragraph>
    <Words Block="14" Page="322" />
  </Paragraph>
  <Paragraph>
    <Words Block="15" Page="322" />
  </Paragraph>
  <Paragraph>
    <Words Block="16" Page="322" />
  </Paragraph>
  <Paragraph>
    <Words Block="17" Page="322" />
  </Paragraph>
  <Paragraph>
    <Words Block="18" Page="322" />
  </Paragraph>
  <Paragraph>
    <Words Block="19" Page="322" />
  </Paragraph>
  <Paragraph>
    <Words Block="20" Page="322" />
  </Paragraph>
  <Paragraph>
    <Words Block="21" Page="322" />
  </Paragraph>
  <Paragraph>
    <Words Block="22" Page="322" />
  </Paragraph>
  <Paragraph>
    <Words Block="23" Page="322" />
  </Paragraph>
  <Paragraph>
    <Words Block="24" Page="322" />
  </Paragraph>
  <Paragraph>
    <Words Block="25" Page="322" />
  </Paragraph>
  <Paragraph>
    <Words Block="26" Page="322" />
  </Paragraph>
  <Paragraph>
    <Words Block="27" Page="322" />
  </Paragraph>
  <Paragraph>
    <Words Block="28" Page="322" />
    <Words Block="0" Page="323" />
  </Paragraph>
  <Paragraph>
    <Words Start="0" End="9" Block="1" Page="323" />
  </Paragraph>
  <Paragraph>
    <Words Start="10" End="74" Block="1" Page="323" />
  </Paragraph>
  <Paragraph>
    <Words Start="75" End="89" Block="1" Page="323" />
  </Paragraph>
  <Paragraph>
    <Words Start="90" End="172" Block="1" Page="323" />
  </Paragraph>
  <Paragraph>
    <Words Start="173" End="216" Block="1" Page="323" />
  </Paragraph>
  <Paragraph>
    <Words Start="217" End="230" Block="1" Page="323" />
  </Paragraph>
  <Paragraph>
    <Words Start="231" End="266" Block="1" Page="323" />
  </Paragraph>
  <Paragraph>
    <Words Start="267" End="313" Block="1" Page="323" />
  </Paragraph>
  <Paragraph>
    <Words Start="314" End="413" Block="1" Page="323" />
  </Paragraph>
  <Paragraph>
    <Words Start="414" End="503" Block="1" Page="323" />
  </Paragraph>
  <Paragraph>
    <Words Start="504" End="522" Block="1" Page="323" />
    <Words Start="0" End="15" Block="0" Page="324" />
  </Paragraph>
  <Paragraph>
    <Words Start="16" End="66" Block="0" Page="324" />
  </Paragraph>
  <Paragraph>
    <Words Start="67" End="99" Block="0" Page="324" />
  </Paragraph>
  <Paragraph>
    <Words Start="100" End="147" Block="0" Page="324" />
  </Paragraph>
  <Paragraph>
    <Words Start="148" End="200" Block="0" Page="324" />
  </Paragraph>
  <Paragraph>
    <Words Start="201" End="292" Block="0" Page="324" />
  </Paragraph>
  <Paragraph>
    <Words Start="293" End="326" Block="0" Page="324" />
  </Paragraph>
  <Paragraph>
    <Words Start="327" End="557" Block="0" Page="324" />
  </Paragraph>
  <Paragraph>
    <Words Start="558" End="561" Block="0" Page="324" />
  </Paragraph>
  <Paragraph>
    <Words Start="562" End="625" Block="0" Page="324" />
  </Paragraph>
  <Paragraph>
    <Words Block="0" Page="325" />
  </Paragraph>
  <Paragraph>
    <Words Block="1" Page="325" />
  </Paragraph>
  <Paragraph>
    <Words Start="0" End="64" Block="2" Page="325" />
  </Paragraph>
  <Paragraph>
    <Words Start="65" End="89" Block="2" Page="325" />
  </Paragraph>
  <Paragraph>
    <Words Start="90" End="150" Block="2" Page="325" />
  </Paragraph>
  <Paragraph>
    <Words Block="3" Page="325" />
  </Paragraph>
  <Paragraph>
    <Words Block="4" Page="325" />
  </Paragraph>
  <Paragraph>
    <Words Block="5" Page="325" />
  </Paragraph>
  <Paragraph>
    <Words Block="6" Page="325" />
  </Paragraph>
  <Paragraph>
    <Words Block="7" Page="325" />
  </Paragraph>
  <Paragraph>
    <Words Block="8" Page="325" />
  </Paragraph>
  <Paragraph>
    <Words Block="9" Page="325" />
  </Paragraph>
  <Paragraph>
    <Words Start="0" End="46" Block="0" Page="326" />
  </Paragraph>
  <Paragraph>
    <Words Start="47" End="72" Block="0" Page="326" />
  </Paragraph>
  <Paragraph>
    <Words Block="1" Page="326" />
  </Paragraph>
  <Paragraph>
    <Words Block="2" Page="326" />
  </Paragraph>
  <Paragraph>
    <Words Block="3" Page="326" />
  </Paragraph>
  <Paragraph>
    <Words Block="4" Page="326" />
  </Paragraph>
  <Paragraph>
    <Words Block="5" Page="326" />
  </Paragraph>
  <Paragraph>
    <Words Block="6" Page="326" />
  </Paragraph>
  <Paragraph>
    <Words Block="7" Page="326" />
  </Paragraph>
  <Paragraph>
    <Words Start="0" End="17" Block="0" Page="327" />
  </Paragraph>
  <Paragraph>
    <Words Start="18" End="97" Block="0" Page="327" />
  </Paragraph>
  <Paragraph>
    <Words Block="1" Page="327" />
  </Paragraph>
  <Paragraph>
    <Words Block="2" Page="327" />
  </Paragraph>
  <Paragraph>
    <Words Block="3" Page="327" />
  </Paragraph>
  <Paragraph>
    <Words Block="4" Page="327" />
  </Paragraph>
  <Paragraph>
    <Words Block="5" Page="327" />
  </Paragraph>
  <Paragraph>
    <Words Block="6" Page="327" />
  </Paragraph>
  <Paragraph>
    <Words Block="7" Page="327" />
  </Paragraph>
  <Paragraph>
    <Words Start="0" End="63" Block="8" Page="327" />
  </Paragraph>
  <Paragraph>
    <Words Start="64" End="70" Block="8" Page="327" />
  </Paragraph>
  <Paragraph>
    <Words Block="9" Page="327" />
  </Paragraph>
  <Paragraph>
    <Words Block="0" Page="328" />
  </Paragraph>
  <Paragraph>
    <Words Block="1" Page="328" />
  </Paragraph>
  <Paragraph>
    <Words Block="2" Page="328" />
  </Paragraph>
  <Paragraph>
    <Words Block="3" Page="328" />
  </Paragraph>
  <Paragraph>
    <Words Block="4" Page="328" />
  </Paragraph>
  <Paragraph>
    <Words Block="5" Page="328" />
  </Paragraph>
  <Paragraph>
    <Words Block="6" Page="328" />
  </Paragraph>
  <Paragraph>
    <Words Block="7" Page="328" />
  </Paragraph>
  <Paragraph>
    <Words Block="8" Page="328" />
  </Paragraph>
  <Paragraph>
    <Words Block="9" Page="328" />
  </Paragraph>
  <Paragraph>
    <Words Block="0" Page="329" />
  </Paragraph>
  <Paragraph>
    <Words Block="1" Page="329" />
  </Paragraph>
  <Paragraph>
    <Words Block="2" Page="329" />
  </Paragraph>
  <Paragraph>
    <Words Block="3" Page="329" />
  </Paragraph>
  <Paragraph>
    <Words Block="4" Page="329" />
  </Paragraph>
  <Paragraph>
    <Words Block="5" Page="329" />
  </Paragraph>
  <Paragraph>
    <Words Block="6" Page="329" />
  </Paragraph>
  <Paragraph>
    <Words Block="7" Page="329" />
  </Paragraph>
  <Paragraph>
    <Words Start="0" End="60" Block="8" Page="329" />
  </Paragraph>
  <Paragraph>
    <Words Start="61" End="73" Block="8" Page="329" />
  </Paragraph>
  <Paragraph>
    <Words Block="9" Page="329" />
  </Paragraph>
  <Paragraph>
    <Words Block="0" Page="330" />
  </Paragraph>
  <Paragraph>
    <Words Block="1" Page="330" />
  </Paragraph>
  <Paragraph>
    <Words Block="2" Page="330" />
  </Paragraph>
  <Paragraph>
    <Words Block="3" Page="330" />
  </Paragraph>
  <Paragraph>
    <Words Block="4" Page="330" />
  </Paragraph>
  <Paragraph>
    <Words Block="5" Page="330" />
  </Paragraph>
  <Paragraph>
    <Words Block="6" Page="330" />
  </Paragraph>
  <Paragraph>
    <Words Block="7" Page="330" />
  </Paragraph>
  <Paragraph>
    <Words Block="8" Page="330" />
  </Paragraph>
  <Paragraph>
    <Words Block="9" Page="330" />
  </Paragraph>
  <Paragraph>
    <Words Block="10" Page="330" />
  </Paragraph>
  <Paragraph>
    <Words Block="11" Page="330" />
    <Words Block="0" Page="331" />
  </Paragraph>
  <Paragraph>
    <Words Block="1" Page="331" />
  </Paragraph>
  <Paragraph>
    <Words Block="2" Page="331" />
  </Paragraph>
  <Paragraph>
    <Words Start="0" End="25" Block="3" Page="331" />
  </Paragraph>
  <Paragraph>
    <Words Start="26" End="27" Block="3" Page="331" />
  </Paragraph>
  <Paragraph>
    <Words Block="4" Page="331" />
  </Paragraph>
  <Paragraph>
    <Words Block="5" Page="331" />
  </Paragraph>
  <Paragraph>
    <Words Block="6" Page="331" />
  </Paragraph>
  <Paragraph>
    <Words Block="7" Page="331" />
  </Paragraph>
  <Paragraph>
    <Words Block="8" Page="331" />
  </Paragraph>
  <Paragraph>
    <Words Start="0" End="54" Block="9" Page="331" />
  </Paragraph>
  <Paragraph>
    <Words Start="55" End="169" Block="9" Page="331" />
  </Paragraph>
  <Paragraph>
    <Words Start="0" End="3" Block="0" Page="332" />
  </Paragraph>
  <Paragraph>
    <Words Start="4" End="72" Block="0" Page="332" />
  </Paragraph>
  <Paragraph>
    <Words Start="73" End="112" Block="0" Page="332" />
  </Paragraph>
  <Paragraph>
    <Words Start="113" End="209" Block="0" Page="332" />
  </Paragraph>
  <Paragraph>
    <Words Start="210" End="344" Block="0" Page="332" />
  </Paragraph>
  <Paragraph>
    <Words Start="345" End="376" Block="0" Page="332" />
  </Paragraph>
  <Paragraph>
    <Words Start="377" End="457" Block="0" Page="332" />
  </Paragraph>
  <Paragraph>
    <Words Block="1" Page="332" />
  </Paragraph>
  <Paragraph>
    <Words Start="0" End="50" Block="2" Page="332" />
  </Paragraph>
  <Paragraph>
    <Words Start="51" End="97" Block="2" Page="332" />
  </Paragraph>
  <Paragraph>
    <Words Start="0" End="86" Block="0" Page="333" />
  </Paragraph>
  <Paragraph>
    <Words Start="87" End="90" Block="0" Page="333" />
  </Paragraph>
  <Paragraph>
    <Words Start="91" End="156" Block="0" Page="333" />
  </Paragraph>
  <Paragraph>
    <Words Start="157" End="244" Block="0" Page="333" />
  </Paragraph>
  <Paragraph>
    <Words Start="245" End="355" Block="0" Page="333" />
  </Paragraph>
  <Paragraph>
    <Words Start="356" End="501" Block="0" Page="333" />
  </Paragraph>
  <Paragraph>
    <Words Block="0" Page="334" />
  </Paragraph>
  <Paragraph>
    <Words Block="1" Page="334" />
  </Paragraph>
  <Paragraph>
    <Words Block="2" Page="334" />
  </Paragraph>
  <Paragraph>
    <Words Block="3" Page="334" />
  </Paragraph>
  <Paragraph>
    <Words Block="4" Page="334" />
  </Paragraph>
  <Paragraph>
    <Words Block="5" Page="334" />
  </Paragraph>
  <Paragraph>
    <Words Block="6" Page="334" />
  </Paragraph>
  <Paragraph>
    <Words Block="7" Page="334" />
  </Paragraph>
  <Paragraph>
    <Words Block="8" Page="334" />
  </Paragraph>
  <Paragraph>
    <Words Block="9" Page="334" />
  </Paragraph>
  <Paragraph>
    <Words Block="10" Page="334" />
  </Paragraph>
  <Paragraph>
    <Words Block="11" Page="334" />
  </Paragraph>
  <Paragraph>
    <Words Block="12" Page="334" />
  </Paragraph>
  <Paragraph>
    <Words Block="13" Page="334" />
  </Paragraph>
  <Paragraph>
    <Words Block="14" Page="334" />
  </Paragraph>
  <Paragraph>
    <Words Block="15" Page="334" />
  </Paragraph>
  <Paragraph>
    <Words Block="16" Page="334" />
  </Paragraph>
  <Paragraph>
    <Words Block="17" Page="334" />
  </Paragraph>
  <Paragraph>
    <Words Block="0" Page="335" />
  </Paragraph>
  <Paragraph>
    <Words Block="1" Page="335" />
  </Paragraph>
  <Paragraph>
    <Words Block="2" Page="335" />
  </Paragraph>
  <Paragraph>
    <Words Block="3" Page="335" />
  </Paragraph>
  <Paragraph>
    <Words Block="4" Page="335" />
  </Paragraph>
  <Paragraph>
    <Words Block="5" Page="335" />
  </Paragraph>
  <Paragraph>
    <Words Block="6" Page="335" />
  </Paragraph>
  <Paragraph>
    <Words Start="0" End="5" Block="7" Page="335" />
  </Paragraph>
  <Paragraph>
    <Words Start="6" End="27" Block="7" Page="335" />
  </Paragraph>
  <Paragraph>
    <Words Start="0" End="6" Block="8" Page="335" />
  </Paragraph>
  <Paragraph>
    <Words Start="7" End="31" Block="8" Page="335" />
  </Paragraph>
  <Paragraph>
    <Words Start="32" End="38" Block="8" Page="335" />
  </Paragraph>
  <Paragraph>
    <Words Block="9" Page="335" />
  </Paragraph>
  <Paragraph>
    <Words Block="10" Page="335" />
  </Paragraph>
  <Paragraph>
    <Words Block="11" Page="335" />
  </Paragraph>
  <Paragraph>
    <Words Block="0" Page="336" />
  </Paragraph>
  <Paragraph>
    <Words Block="1" Page="336" />
  </Paragraph>
  <Paragraph>
    <Words Block="2" Page="336" />
  </Paragraph>
  <Paragraph>
    <Words Start="0" End="57" Block="3" Page="336" />
  </Paragraph>
  <Paragraph>
    <Words Start="58" End="109" Block="3" Page="336" />
  </Paragraph>
  <Paragraph>
    <Words Start="110" End="196" Block="3" Page="336" />
  </Paragraph>
  <Paragraph>
    <Words Block="4" Page="336" />
  </Paragraph>
  <Paragraph>
    <Words Start="0" End="70" Block="5" Page="336" />
  </Paragraph>
  <Paragraph>
    <Words Start="71" End="124" Block="5" Page="336" />
  </Paragraph>
  <Paragraph>
    <Words Start="125" End="140" Block="5" Page="336" />
  </Paragraph>
  <Paragraph>
    <Words Start="141" End="159" Block="5" Page="336" />
  </Paragraph>
  <Paragraph>
    <Words Start="160" End="175" Block="5" Page="336" />
  </Paragraph>
  <Paragraph>
    <Words Start="176" End="258" Block="5" Page="336" />
    <Words Block="0" Page="337" />
  </Paragraph>
  <Paragraph>
    <Words Block="1" Page="337" />
  </Paragraph>
  <Paragraph>
    <Words Block="2" Page="337" />
  </Paragraph>
  <Paragraph>
    <Words Block="3" Page="337" />
  </Paragraph>
  <Paragraph>
    <Words Block="4" Page="337" />
  </Paragraph>
  <Paragraph>
    <Words Block="5" Page="337" />
  </Paragraph>
  <Paragraph>
    <Words Block="6" Page="337" />
  </Paragraph>
  <Paragraph>
    <Words Block="7" Page="337" />
  </Paragraph>
  <Paragraph>
    <Words Block="8" Page="337" />
  </Paragraph>
  <Paragraph>
    <Words Block="9" Page="337" />
  </Paragraph>
  <Paragraph>
    <Words Block="10" Page="337" />
  </Paragraph>
  <Paragraph>
    <Words Block="11" Page="337" />
  </Paragraph>
  <Paragraph>
    <Words Block="12" Page="337" />
  </Paragraph>
  <Paragraph>
    <Words Block="0" Page="338" />
  </Paragraph>
  <Paragraph>
    <Words Block="1" Page="338" />
  </Paragraph>
  <Paragraph>
    <Words Block="2" Page="338" />
  </Paragraph>
  <Paragraph>
    <Words Block="3" Page="338" />
  </Paragraph>
  <Paragraph>
    <Words Block="4" Page="338" />
  </Paragraph>
  <Paragraph>
    <Words Start="0" End="39" Block="5" Page="338" />
  </Paragraph>
  <Paragraph>
    <Words Start="40" End="90" Block="5" Page="338" />
  </Paragraph>
  <Paragraph>
    <Words Start="91" End="110" Block="5" Page="338" />
  </Paragraph>
  <Paragraph>
    <Words Block="6" Page="338" />
  </Paragraph>
  <Paragraph>
    <Words Start="0" End="50" Block="7" Page="338" />
  </Paragraph>
  <Paragraph>
    <Words Start="51" End="122" Block="7" Page="338" />
  </Paragraph>
  <Paragraph>
    <Words Start="123" End="153" Block="7" Page="338" />
  </Paragraph>
  <Paragraph>
    <Words Block="0" Page="339" />
  </Paragraph>
  <Paragraph>
    <Words Block="1" Page="339" />
  </Paragraph>
  <Paragraph>
    <Words Block="2" Page="339" />
  </Paragraph>
  <Paragraph>
    <Words Start="0" End="118" Block="3" Page="339" />
  </Paragraph>
  <Paragraph>
    <Words Start="119" End="150" Block="3" Page="339" />
  </Paragraph>
  <Paragraph>
    <Words Start="151" End="253" Block="3" Page="339" />
  </Paragraph>
  <Paragraph>
    <Words Block="4" Page="339" />
  </Paragraph>
  <Paragraph>
    <Words Start="0" End="46" Block="5" Page="339" />
  </Paragraph>
  <Paragraph>
    <Words Start="47" End="238" Block="5" Page="339" />
  </Paragraph>
  <Paragraph>
    <Words Block="0" Page="340" />
  </Paragraph>
  <Paragraph>
    <Words Start="0" End="35" Block="1" Page="340" />
  </Paragraph>
  <Paragraph>
    <Words Start="36" End="107" Block="1" Page="340" />
  </Paragraph>
  <Paragraph>
    <Words Block="2" Page="340" />
  </Paragraph>
  <Paragraph>
    <Words Block="3" Page="340" />
  </Paragraph>
  <Paragraph>
    <Words Block="4" Page="340" />
  </Paragraph>
  <Paragraph>
    <Words Start="0" End="37" Block="5" Page="340" />
  </Paragraph>
  <Paragraph>
    <Words Start="38" End="49" Block="5" Page="340" />
  </Paragraph>
  <Paragraph>
    <Words Start="50" End="50" Block="5" Page="340" />
  </Paragraph>
  <Paragraph>
    <Words Block="6" Page="340" />
  </Paragraph>
  <Paragraph>
    <Words Block="7" Page="340" />
  </Paragraph>
  <Paragraph>
    <Words Block="0" Page="341" />
  </Paragraph>
  <Paragraph>
    <Words Block="1" Page="341" />
  </Paragraph>
  <Paragraph>
    <Words Block="2" Page="341" />
  </Paragraph>
  <Paragraph>
    <Words Block="3" Page="341" />
  </Paragraph>
  <Paragraph>
    <Words Start="0" End="71" Block="4" Page="341" />
  </Paragraph>
  <Paragraph>
    <Words Start="72" End="114" Block="4" Page="341" />
  </Paragraph>
  <Paragraph>
    <Words Start="115" End="205" Block="4" Page="341" />
  </Paragraph>
  <Paragraph>
    <Words Start="206" End="289" Block="4" Page="341" />
  </Paragraph>
  <Paragraph>
    <Words Start="290" End="328" Block="4" Page="341" />
  </Paragraph>
  <Paragraph>
    <Words Start="0" End="2" Block="0" Page="342" />
  </Paragraph>
  <Paragraph>
    <Words Start="3" End="99" Block="0" Page="342" />
  </Paragraph>
  <Paragraph>
    <Words Start="100" End="113" Block="0" Page="342" />
  </Paragraph>
  <Paragraph>
    <Words Start="114" End="204" Block="0" Page="342" />
  </Paragraph>
  <Paragraph>
    <Words Start="205" End="248" Block="0" Page="342" />
  </Paragraph>
  <Paragraph>
    <Words Start="249" End="314" Block="0" Page="342" />
  </Paragraph>
  <Paragraph>
    <Words Start="315" End="352" Block="0" Page="342" />
  </Paragraph>
  <Paragraph>
    <Words Start="353" End="382" Block="0" Page="342" />
  </Paragraph>
  <Paragraph>
    <Words Block="0" Page="343" />
  </Paragraph>
  <Paragraph>
    <Words Block="1" Page="343" />
  </Paragraph>
  <Paragraph>
    <Words Block="2" Page="343" />
  </Paragraph>
  <Paragraph>
    <Words Block="3" Page="343" />
  </Paragraph>
  <Paragraph>
    <Words Block="4" Page="343" />
  </Paragraph>
  <Paragraph>
    <Words Block="5" Page="343" />
  </Paragraph>
  <Paragraph>
    <Words Block="6" Page="343" />
  </Paragraph>
  <Paragraph>
    <Words Block="7" Page="343" />
  </Paragraph>
  <Paragraph>
    <Words Block="8" Page="343" />
  </Paragraph>
  <Paragraph>
    <Words Block="9" Page="343" />
    <Words Block="10" Page="343" />
  </Paragraph>
  <Paragraph>
    <Words Block="0" Page="344" />
  </Paragraph>
  <Paragraph>
    <Words Block="1" Page="344" />
  </Paragraph>
  <Paragraph>
    <Words Block="2" Page="344" />
  </Paragraph>
  <Paragraph>
    <Words Block="3" Page="344" />
  </Paragraph>
  <Paragraph>
    <Words Block="4" Page="344" />
  </Paragraph>
  <Paragraph>
    <Words Block="5" Page="344" />
  </Paragraph>
  <Paragraph>
    <Words Block="6" Page="344" />
  </Paragraph>
  <Paragraph>
    <Words Block="7" Page="344" />
  </Paragraph>
  <Paragraph>
    <Words Block="8" Page="344" />
  </Paragraph>
  <Paragraph>
    <Words Start="0" End="22" Block="9" Page="344" />
  </Paragraph>
  <Paragraph>
    <Words Start="23" End="90" Block="9" Page="344" />
  </Paragraph>
  <Paragraph>
    <Words Block="10" Page="344" />
    <Words Block="11" Page="344" />
  </Paragraph>
  <Paragraph>
    <Words Block="12" Page="344" />
  </Paragraph>
  <Paragraph>
    <Words Block="13" Page="344" />
    <Words Block="0" Page="345" />
  </Paragraph>
  <Paragraph>
    <Words Block="1" Page="345" />
  </Paragraph>
  <Paragraph>
    <Words Block="2" Page="345" />
  </Paragraph>
  <Paragraph>
    <Words Start="0" End="55" Block="3" Page="345" />
  </Paragraph>
  <Paragraph>
    <Words Start="56" End="120" Block="3" Page="345" />
  </Paragraph>
  <Paragraph>
    <Words Block="4" Page="345" />
  </Paragraph>
  <Paragraph>
    <Words Block="5" Page="345" />
  </Paragraph>
  <Paragraph>
    <Words Block="6" Page="345" />
  </Paragraph>
  <Paragraph>
    <Words Block="7" Page="345" />
  </Paragraph>
  <Paragraph>
    <Words Block="8" Page="345" />
  </Paragraph>
  <Paragraph>
    <Words Block="9" Page="345" />
  </Paragraph>
  <Paragraph>
    <Words Block="10" Page="345" />
  </Paragraph>
  <Paragraph>
    <Words Block="0" Page="346" />
  </Paragraph>
  <Paragraph>
    <Words Block="1" Page="346" />
  </Paragraph>
  <Paragraph>
    <Words Block="2" Page="346" />
  </Paragraph>
  <Paragraph>
    <Words Block="3" Page="346" />
  </Paragraph>
  <Paragraph>
    <Words Block="4" Page="346" />
  </Paragraph>
  <Paragraph>
    <Words Block="5" Page="346" />
  </Paragraph>
  <Paragraph>
    <Words Start="0" End="25" Block="6" Page="346" />
  </Paragraph>
  <Paragraph>
    <Words Start="26" End="110" Block="6" Page="346" />
  </Paragraph>
  <Paragraph>
    <Words Block="7" Page="346" />
  </Paragraph>
  <Paragraph>
    <Words Block="8" Page="346" />
  </Paragraph>
  <Paragraph>
    <Words Block="9" Page="346" />
  </Paragraph>
  <Paragraph>
    <Words Block="10" Page="346" />
  </Paragraph>
  <Paragraph>
    <Words Block="0" Page="347" />
  </Paragraph>
  <Paragraph>
    <Words Block="1" Page="347" />
  </Paragraph>
  <Paragraph>
    <Words Block="2" Page="347" />
  </Paragraph>
  <Paragraph>
    <Words Block="3" Page="347" />
  </Paragraph>
  <Paragraph>
    <Words Block="4" Page="347" />
  </Paragraph>
  <Paragraph>
    <Words Start="0" End="28" Block="5" Page="347" />
  </Paragraph>
  <Paragraph>
    <Words Start="29" End="30" Block="5" Page="347" />
  </Paragraph>
  <Paragraph>
    <Words Block="6" Page="347" />
  </Paragraph>
  <Paragraph>
    <Words Block="7" Page="347" />
  </Paragraph>
  <Paragraph>
    <Words Block="8" Page="347" />
  </Paragraph>
  <Paragraph>
    <Words Block="9" Page="347" />
  </Paragraph>
  <Paragraph>
    <Words Block="10" Page="347" />
  </Paragraph>
  <Paragraph>
    <Words Block="11" Page="347" />
  </Paragraph>
  <Paragraph>
    <Words Block="12" Page="347" />
  </Paragraph>
  <Paragraph>
    <Words Block="0" Page="348" />
  </Paragraph>
  <Paragraph>
    <Words Block="1" Page="348" />
  </Paragraph>
  <Paragraph>
    <Words Start="0" End="119" Block="2" Page="348" />
  </Paragraph>
  <Paragraph>
    <Words Start="120" End="139" Block="2" Page="348" />
  </Paragraph>
  <Paragraph>
    <Words Start="140" End="302" Block="2" Page="348" />
  </Paragraph>
  <Paragraph>
    <Words Start="303" End="314" Block="2" Page="348" />
  </Paragraph>
  <Paragraph>
    <Words Start="315" End="426" Block="2" Page="348" />
  </Paragraph>
  <Paragraph>
    <Words Start="427" End="495" Block="2" Page="348" />
  </Paragraph>
  <Paragraph>
    <Words Block="0" Page="349" />
  </Paragraph>
  <Paragraph>
    <Words Block="1" Page="349" />
  </Paragraph>
  <Paragraph>
    <Words Block="2" Page="349" />
  </Paragraph>
  <Paragraph>
    <Words Block="3" Page="349" />
  </Paragraph>
  <Paragraph>
    <Words Block="4" Page="349" />
  </Paragraph>
  <Paragraph>
    <Words Block="5" Page="349" />
  </Paragraph>
  <Paragraph>
    <Words Block="6" Page="349" />
    <Words Block="7" Page="349" />
    <Words Block="8" Page="349" />
    <Words Block="9" Page="349" />
  </Paragraph>
  <Paragraph>
    <Words Block="10" Page="349" />
  </Paragraph>
  <Paragraph>
    <Words Block="11" Page="349" />
  </Paragraph>
  <Paragraph>
    <Words Block="12" Page="349" />
  </Paragraph>
  <Paragraph>
    <Words Start="0" End="12" Block="13" Page="349" />
  </Paragraph>
  <Paragraph>
    <Words Start="13" End="56" Block="13" Page="349" />
  </Paragraph>
  <Paragraph>
    <Words Block="14" Page="349" />
  </Paragraph>
  <Paragraph>
    <Words Block="15" Page="349" />
  </Paragraph>
  <Paragraph>
    <Words Block="0" Page="350" />
  </Paragraph>
  <Paragraph>
    <Words Block="1" Page="350" />
  </Paragraph>
  <Paragraph>
    <Words Block="2" Page="350" />
  </Paragraph>
  <Paragraph>
    <Words Block="3" Page="350" />
  </Paragraph>
  <Paragraph>
    <Words Block="4" Page="350" />
  </Paragraph>
  <Paragraph>
    <Words Block="5" Page="350" />
  </Paragraph>
  <Paragraph>
    <Words Block="6" Page="350" />
  </Paragraph>
  <Paragraph>
    <Words Block="7" Page="350" />
  </Paragraph>
  <Paragraph>
    <Words Block="8" Page="350" />
  </Paragraph>
  <Paragraph>
    <Words Block="0" Page="351" />
  </Paragraph>
  <Paragraph>
    <Words Block="1" Page="351" />
  </Paragraph>
  <Paragraph>
    <Words Block="2" Page="351" />
  </Paragraph>
  <Paragraph>
    <Words Block="3" Page="351" />
  </Paragraph>
  <Paragraph>
    <Words Block="4" Page="351" />
  </Paragraph>
  <Paragraph>
    <Words Block="5" Page="351" />
  </Paragraph>
  <Paragraph>
    <Words Block="6" Page="351" />
    <Words Block="7" Page="351" />
    <Words Block="8" Page="351" />
    <Words Block="9" Page="351" />
  </Paragraph>
  <Paragraph>
    <Words Block="10" Page="351" />
  </Paragraph>
  <Paragraph>
    <Words Block="11" Page="351" />
  </Paragraph>
  <Paragraph>
    <Words Block="12" Page="351" />
  </Paragraph>
  <Paragraph>
    <Words Start="0" End="12" Block="13" Page="351" />
  </Paragraph>
  <Paragraph>
    <Words Start="13" End="54" Block="13" Page="351" />
  </Paragraph>
  <Paragraph>
    <Words Block="14" Page="351" />
  </Paragraph>
  <Paragraph>
    <Words Block="15" Page="351" />
  </Paragraph>
  <Paragraph>
    <Words Block="16" Page="351" />
    <Words Block="0" Page="352" />
  </Paragraph>
  <Paragraph>
    <Words Block="1" Page="352" />
  </Paragraph>
  <Paragraph>
    <Words Block="2" Page="352" />
  </Paragraph>
  <Paragraph>
    <Words Block="3" Page="352" />
  </Paragraph>
  <Paragraph>
    <Words Block="4" Page="352" />
  </Paragraph>
  <Paragraph>
    <Words Block="5" Page="352" />
  </Paragraph>
  <Paragraph>
    <Words Block="6" Page="352" />
  </Paragraph>
  <Paragraph>
    <Words Block="7" Page="352" />
  </Paragraph>
  <Paragraph>
    <Words Block="8" Page="352" />
  </Paragraph>
  <Paragraph>
    <Words Block="9" Page="352" />
  </Paragraph>
  <Paragraph>
    <Words Start="0" End="55" Block="10" Page="352" />
  </Paragraph>
  <Paragraph>
    <Words Start="56" End="64" Block="10" Page="352" />
  </Paragraph>
  <Paragraph>
    <Words Block="11" Page="352" />
  </Paragraph>
  <Paragraph>
    <Words Block="12" Page="352" />
  </Paragraph>
  <Paragraph>
    <Words Start="0" End="13" Block="0" Page="353" />
  </Paragraph>
  <Paragraph>
    <Words Start="14" End="23" Block="0" Page="353" />
  </Paragraph>
  <Paragraph>
    <Words Start="24" End="49" Block="0" Page="353" />
  </Paragraph>
  <Paragraph>
    <Words Start="50" End="54" Block="0" Page="353" />
  </Paragraph>
  <Paragraph>
    <Words Start="55" End="138" Block="0" Page="353" />
  </Paragraph>
  <Paragraph>
    <Words Block="1" Page="353" />
  </Paragraph>
  <Paragraph>
    <Words Block="2" Page="353" />
  </Paragraph>
  <Paragraph>
    <Words Block="3" Page="353" />
  </Paragraph>
  <Paragraph>
    <Words Block="4" Page="353" />
  </Paragraph>
  <Paragraph>
    <Words Block="5" Page="353" />
  </Paragraph>
  <Paragraph>
    <Words Block="6" Page="353" />
  </Paragraph>
  <Paragraph>
    <Words Block="7" Page="353" />
  </Paragraph>
  <Paragraph>
    <Words Block="8" Page="353" />
  </Paragraph>
  <Paragraph>
    <Words Block="0" Page="354" />
  </Paragraph>
  <Paragraph>
    <Words Block="1" Page="354" />
  </Paragraph>
  <Paragraph>
    <Words Block="2" Page="354" />
  </Paragraph>
  <Paragraph>
    <Words Block="3" Page="354" />
    <Words Start="0" End="16" Block="4" Page="354" />
  </Paragraph>
  <Paragraph>
    <Words Start="17" End="35" Block="4" Page="354" />
  </Paragraph>
  <Paragraph>
    <Words Start="36" End="36" Block="4" Page="354" />
  </Paragraph>
  <Paragraph>
    <Words Block="5" Page="354" />
  </Paragraph>
  <Paragraph>
    <Words Block="6" Page="354" />
  </Paragraph>
  <Paragraph>
    <Words Block="7" Page="354" />
  </Paragraph>
  <Paragraph>
    <Words Block="8" Page="354" />
  </Paragraph>
  <Paragraph>
    <Words Block="9" Page="354" />
  </Paragraph>
  <Paragraph>
    <Words Block="10" Page="354" />
  </Paragraph>
  <Paragraph>
    <Words Start="0" End="7" Block="0" Page="355" />
  </Paragraph>
  <Paragraph>
    <Words Start="8" End="79" Block="0" Page="355" />
  </Paragraph>
  <Paragraph>
    <Words Start="0" End="36" Block="1" Page="355" />
  </Paragraph>
  <Paragraph>
    <Words Start="37" End="74" Block="1" Page="355" />
  </Paragraph>
  <Paragraph>
    <Words Block="2" Page="355" />
  </Paragraph>
  <Paragraph>
    <Words Block="3" Page="355" />
  </Paragraph>
  <Paragraph>
    <Words Block="4" Page="355" />
  </Paragraph>
  <Paragraph>
    <Words Block="5" Page="355" />
  </Paragraph>
  <Paragraph>
    <Words Start="0" End="39" Block="6" Page="355" />
  </Paragraph>
  <Paragraph>
    <Words Start="40" End="50" Block="6" Page="355" />
    <Words Block="7" Page="355" />
    <Words Block="8" Page="355" />
  </Paragraph>
  <Paragraph>
    <Words Block="0" Page="356" />
  </Paragraph>
  <Paragraph>
    <Words Block="1" Page="356" />
  </Paragraph>
  <Paragraph>
    <Words Start="0" End="44" Block="2" Page="356" />
  </Paragraph>
  <Paragraph>
    <Words Start="45" End="129" Block="2" Page="356" />
  </Paragraph>
  <Paragraph>
    <Words Start="130" End="160" Block="2" Page="356" />
  </Paragraph>
  <Paragraph>
    <Words Start="161" End="186" Block="2" Page="356" />
  </Paragraph>
  <Paragraph>
    <Words Start="187" End="250" Block="2" Page="356" />
  </Paragraph>
  <Paragraph>
    <Words Start="251" End="282" Block="2" Page="356" />
  </Paragraph>
  <Paragraph>
    <Words Start="283" End="332" Block="2" Page="356" />
  </Paragraph>
  <Paragraph>
    <Words Start="333" End="384" Block="2" Page="356" />
  </Paragraph>
  <Paragraph>
    <Words Start="385" End="422" Block="2" Page="356" />
  </Paragraph>
  <Paragraph>
    <Words Block="0" Page="357" />
  </Paragraph>
  <Paragraph>
    <Words Block="1" Page="357" />
  </Paragraph>
  <Paragraph>
    <Words Block="2" Page="357" />
  </Paragraph>
  <Paragraph>
    <Words Block="3" Page="357" />
  </Paragraph>
  <Paragraph>
    <Words Block="4" Page="357" />
  </Paragraph>
  <Paragraph>
    <Words Block="5" Page="357" />
  </Paragraph>
  <Paragraph>
    <Words Block="6" Page="357" />
  </Paragraph>
  <Paragraph>
    <Words Block="7" Page="357" />
  </Paragraph>
  <Paragraph>
    <Words Start="0" End="10" Block="8" Page="357" />
  </Paragraph>
  <Paragraph>
    <Words Start="11" End="31" Block="8" Page="357" />
  </Paragraph>
  <Paragraph>
    <Words Start="32" End="48" Block="8" Page="357" />
  </Paragraph>
  <Paragraph>
    <Words Start="49" End="52" Block="8" Page="357" />
  </Paragraph>
  <Paragraph>
    <Words Block="9" Page="357" />
  </Paragraph>
  <Paragraph>
    <Words Block="10" Page="357" />
  </Paragraph>
  <Paragraph>
    <Words Block="11" Page="357" />
  </Paragraph>
  <Paragraph>
    <Words Block="12" Page="357" />
  </Paragraph>
  <Paragraph>
    <Words Block="0" Page="358" />
  </Paragraph>
  <Paragraph>
    <Words Block="1" Page="358" />
  </Paragraph>
  <Paragraph>
    <Words Start="0" End="44" Block="2" Page="358" />
  </Paragraph>
  <Paragraph>
    <Words Start="45" End="83" Block="2" Page="358" />
  </Paragraph>
  <Paragraph>
    <Words Block="3" Page="358" />
  </Paragraph>
  <Paragraph>
    <Words Start="0" End="53" Block="4" Page="358" />
  </Paragraph>
  <Paragraph>
    <Words Start="54" End="95" Block="4" Page="358" />
  </Paragraph>
  <Paragraph>
    <Words Start="96" End="144" Block="4" Page="358" />
  </Paragraph>
  <Paragraph>
    <Words Start="145" End="149" Block="4" Page="358" />
  </Paragraph>
  <Paragraph>
    <Words Start="150" End="196" Block="4" Page="358" />
  </Paragraph>
  <Paragraph>
    <Words Block="5" Page="358" />
  </Paragraph>
  <Paragraph>
    <Words Start="0" End="63" Block="6" Page="358" />
  </Paragraph>
  <Paragraph>
    <Words Start="64" End="113" Block="6" Page="358" />
  </Paragraph>
  <Paragraph>
    <Words Start="114" End="126" Block="6" Page="358" />
    <Words Start="0" End="14" Block="0" Page="359" />
  </Paragraph>
  <Paragraph>
    <Words Start="15" End="72" Block="0" Page="359" />
  </Paragraph>
  <Paragraph>
    <Words Start="73" End="172" Block="0" Page="359" />
  </Paragraph>
  <Paragraph>
    <Words Start="173" End="181" Block="0" Page="359" />
  </Paragraph>
  <Paragraph>
    <Words Start="182" End="194" Block="0" Page="359" />
  </Paragraph>
  <Paragraph>
    <Words Start="195" End="292" Block="0" Page="359" />
  </Paragraph>
  <Paragraph>
    <Words Block="1" Page="359" />
  </Paragraph>
  <Paragraph>
    <Words Start="0" End="14" Block="2" Page="359" />
  </Paragraph>
  <Paragraph>
    <Words Start="15" End="52" Block="2" Page="359" />
  </Paragraph>
  <Paragraph>
    <Words Start="53" End="135" Block="2" Page="359" />
  </Paragraph>
  <Paragraph>
    <Words Start="136" End="238" Block="2" Page="359" />
  </Paragraph>
  <Paragraph>
    <Words Block="0" Page="360" />
  </Paragraph>
  <Paragraph>
    <Words Start="0" End="34" Block="1" Page="360" />
  </Paragraph>
  <Paragraph>
    <Words Start="35" End="140" Block="1" Page="360" />
  </Paragraph>
  <Paragraph>
    <Words Start="141" End="174" Block="1" Page="360" />
  </Paragraph>
  <Paragraph>
    <Words Block="2" Page="360" />
  </Paragraph>
  <Paragraph>
    <Words Block="3" Page="360" />
  </Paragraph>
  <Paragraph>
    <Words Block="4" Page="360" />
  </Paragraph>
  <Paragraph>
    <Words Block="5" Page="360" />
  </Paragraph>
  <Paragraph>
    <Words Block="6" Page="360" />
  </Paragraph>
  <Paragraph>
    <Words Block="7" Page="360" />
  </Paragraph>
  <Paragraph>
    <Words Block="8" Page="360" />
  </Paragraph>
  <Paragraph>
    <Words Block="0" Page="361" />
  </Paragraph>
  <Paragraph>
    <Words Block="1" Page="361" />
  </Paragraph>
  <Paragraph>
    <Words Block="2" Page="361" />
  </Paragraph>
  <Paragraph>
    <Words Block="3" Page="361" />
  </Paragraph>
  <Paragraph>
    <Words Block="4" Page="361" />
  </Paragraph>
  <Paragraph>
    <Words Block="5" Page="361" />
  </Paragraph>
  <Paragraph>
    <Words Start="0" End="81" Block="6" Page="361" />
  </Paragraph>
  <Paragraph>
    <Words Start="82" End="82" Block="6" Page="361" />
  </Paragraph>
  <Paragraph>
    <Words Block="7" Page="361" />
  </Paragraph>
  <Paragraph>
    <Words Block="8" Page="361" />
  </Paragraph>
  <Paragraph>
    <Words Block="0" Page="362" />
  </Paragraph>
  <Paragraph>
    <Words Block="1" Page="362" />
  </Paragraph>
  <Paragraph>
    <Words Block="2" Page="362" />
  </Paragraph>
  <Paragraph>
    <Words Start="0" End="43" Block="3" Page="362" />
  </Paragraph>
  <Paragraph>
    <Words Start="44" End="114" Block="3" Page="362" />
  </Paragraph>
  <Paragraph>
    <Words Block="4" Page="362" />
  </Paragraph>
  <Paragraph>
    <Words Block="5" Page="362" />
  </Paragraph>
  <Paragraph>
    <Words Block="6" Page="362" />
  </Paragraph>
  <Paragraph>
    <Words Block="7" Page="362" />
  </Paragraph>
  <Paragraph>
    <Words Block="8" Page="362" />
  </Paragraph>
  <Paragraph>
    <Words Block="9" Page="362" />
  </Paragraph>
  <Paragraph>
    <Words Block="10" Page="362" />
  </Paragraph>
  <Paragraph>
    <Words Start="0" End="8" Block="11" Page="362" />
  </Paragraph>
  <Paragraph>
    <Words Start="9" End="32" Block="11" Page="362" />
  </Paragraph>
  <Paragraph>
    <Words Start="0" End="8" Block="12" Page="362" />
  </Paragraph>
  <Paragraph>
    <Words Start="9" End="33" Block="12" Page="362" />
  </Paragraph>
  <Paragraph>
    <Words Block="1" Page="363" />
  </Paragraph>
  <Paragraph>
    <Words Block="2" Page="363" />
  </Paragraph>
  <Paragraph>
    <Words Block="3" Page="363" />
  </Paragraph>
  <Paragraph>
    <Words Block="4" Page="363" />
  </Paragraph>
  <Paragraph>
    <Words Block="5" Page="363" />
  </Paragraph>
  <Paragraph>
    <Words Block="6" Page="363" />
  </Paragraph>
  <Paragraph>
    <Words Block="7" Page="363" />
  </Paragraph>
  <Paragraph>
    <Words Block="8" Page="363" />
  </Paragraph>
  <Paragraph>
    <Words Start="0" End="67" Block="9" Page="363" />
  </Paragraph>
  <Paragraph>
    <Words Start="68" End="93" Block="9" Page="363" />
  </Paragraph>
  <Paragraph>
    <Words Start="94" End="130" Block="9" Page="363" />
  </Paragraph>
  <Paragraph>
    <Words Block="10" Page="363" />
  </Paragraph>
  <Paragraph>
    <Words Block="11" Page="363" />
  </Paragraph>
  <Paragraph>
    <Words Start="0" End="63" Block="0" Page="364" />
  </Paragraph>
  <Paragraph>
    <Words Start="64" End="142" Block="0" Page="364" />
  </Paragraph>
  <Paragraph>
    <Words Start="143" End="200" Block="0" Page="364" />
  </Paragraph>
  <Paragraph>
    <Words Start="201" End="201" Block="0" Page="364" />
  </Paragraph>
  <Paragraph>
    <Words Start="202" End="261" Block="0" Page="364" />
  </Paragraph>
  <Paragraph>
    <Words Start="262" End="299" Block="0" Page="364" />
  </Paragraph>
  <Paragraph>
    <Words Start="300" End="351" Block="0" Page="364" />
  </Paragraph>
  <Paragraph>
    <Words Start="352" End="435" Block="0" Page="364" />
  </Paragraph>
  <Paragraph>
    <Words Start="436" End="535" Block="0" Page="364" />
  </Paragraph>
  <Paragraph>
    <Words Start="536" End="628" Block="0" Page="364" />
  </Paragraph>
  <Paragraph>
    <Words Start="629" End="659" Block="0" Page="364" />
  </Paragraph>
  <Paragraph>
    <Words Block="0" Page="365" />
  </Paragraph>
  <Paragraph>
    <Words Block="1" Page="365" />
  </Paragraph>
  <Paragraph>
    <Words Block="2" Page="365" />
  </Paragraph>
  <Paragraph>
    <Words Block="3" Page="365" />
  </Paragraph>
  <Paragraph>
    <Words Block="4" Page="365" />
  </Paragraph>
  <Paragraph>
    <Words Block="5" Page="365" />
  </Paragraph>
  <Paragraph>
    <Words Block="6" Page="365" />
  </Paragraph>
  <Paragraph>
    <Words Start="0" End="27" Block="7" Page="365" />
  </Paragraph>
  <Paragraph>
    <Words Start="28" End="37" Block="7" Page="365" />
  </Paragraph>
  <Paragraph>
    <Words Block="8" Page="365" />
  </Paragraph>
  <Paragraph>
    <Words Block="9" Page="365" />
  </Paragraph>
  <Paragraph>
    <Words Block="10" Page="365" />
  </Paragraph>
  <Paragraph>
    <Words Block="11" Page="365" />
  </Paragraph>
  <Paragraph>
    <Words Block="12" Page="365" />
  </Paragraph>
  <Paragraph>
    <Words Start="0" End="18" Block="13" Page="365" />
  </Paragraph>
  <Paragraph>
    <Words Start="19" End="37" Block="13" Page="365" />
    <Words Block="0" Page="366" />
  </Paragraph>
  <Paragraph>
    <Words Block="1" Page="366" />
  </Paragraph>
  <Paragraph>
    <Words Block="2" Page="366" />
  </Paragraph>
  <Paragraph>
    <Words Start="0" End="76" Block="3" Page="366" />
  </Paragraph>
  <Paragraph>
    <Words Start="77" End="189" Block="3" Page="366" />
  </Paragraph>
  <Paragraph>
    <Words Block="4" Page="366" />
  </Paragraph>
  <Paragraph>
    <Words Block="5" Page="366" />
  </Paragraph>
  <Paragraph>
    <Words Block="6" Page="366" />
  </Paragraph>
  <Paragraph>
    <Words Start="0" End="55" Block="7" Page="366" />
  </Paragraph>
  <Paragraph>
    <Words Start="56" End="81" Block="7" Page="366" />
  </Paragraph>
  <Paragraph>
    <Words Block="0" Page="367" />
  </Paragraph>
  <Paragraph>
    <Words Start="0" End="52" Block="1" Page="367" />
  </Paragraph>
  <Paragraph>
    <Words Start="53" End="115" Block="1" Page="367" />
  </Paragraph>
  <Paragraph>
    <Words Start="116" End="175" Block="1" Page="367" />
  </Paragraph>
  <Paragraph>
    <Words Block="2" Page="367" />
  </Paragraph>
  <Paragraph>
    <Words Block="3" Page="367" />
  </Paragraph>
  <Paragraph>
    <Words Block="4" Page="367" />
  </Paragraph>
  <Paragraph>
    <Words Block="5" Page="367" />
  </Paragraph>
  <Paragraph>
    <Words Block="6" Page="367" />
  </Paragraph>
  <Paragraph>
    <Words Block="7" Page="367" />
  </Paragraph>
  <Paragraph>
    <Words Block="8" Page="367" />
  </Paragraph>
  <Paragraph>
    <Words Block="9" Page="367" />
  </Paragraph>
  <Paragraph>
    <Words Start="0" End="8" Block="10" Page="367" />
  </Paragraph>
  <Paragraph>
    <Words Start="9" End="22" Block="10" Page="367" />
  </Paragraph>
  <Paragraph>
    <Words Start="23" End="28" Block="10" Page="367" />
  </Paragraph>
  <Paragraph>
    <Words Block="0" Page="368" />
  </Paragraph>
  <Paragraph>
    <Words Block="1" Page="368" />
  </Paragraph>
  <Paragraph>
    <Words Block="2" Page="368" />
  </Paragraph>
  <Paragraph>
    <Words Block="3" Page="368" />
  </Paragraph>
  <Paragraph>
    <Words Block="4" Page="368" />
  </Paragraph>
  <Paragraph>
    <Words Block="5" Page="368" />
  </Paragraph>
  <Paragraph>
    <Words Start="0" End="51" Block="6" Page="368" />
  </Paragraph>
  <Paragraph>
    <Words Start="52" End="90" Block="6" Page="368" />
  </Paragraph>
  <Paragraph>
    <Words Start="91" End="180" Block="6" Page="368" />
  </Paragraph>
  <Paragraph>
    <Words Start="181" End="223" Block="6" Page="368" />
  </Paragraph>
  <Paragraph>
    <Words Start="224" End="259" Block="6" Page="368" />
  </Paragraph>
  <Paragraph>
    <Words Start="260" End="354" Block="6" Page="368" />
  </Paragraph>
  <Paragraph>
    <Words Block="0" Page="369" />
  </Paragraph>
  <Paragraph>
    <Words Start="0" End="73" Block="1" Page="369" />
  </Paragraph>
  <Paragraph>
    <Words Start="74" End="156" Block="1" Page="369" />
  </Paragraph>
  <Paragraph>
    <Words Start="157" End="215" Block="1" Page="369" />
  </Paragraph>
  <Paragraph>
    <Words Start="216" End="244" Block="1" Page="369" />
  </Paragraph>
  <Paragraph>
    <Words Block="2" Page="369" />
  </Paragraph>
  <Paragraph>
    <Words Start="0" End="71" Block="3" Page="369" />
  </Paragraph>
  <Paragraph>
    <Words Start="72" End="175" Block="3" Page="369" />
  </Paragraph>
  <Paragraph>
    <Words Start="176" End="189" Block="3" Page="369" />
  </Paragraph>
  <Paragraph>
    <Words Start="190" End="243" Block="3" Page="369" />
  </Paragraph>
  <Paragraph>
    <Words Start="244" End="258" Block="3" Page="369" />
  </Paragraph>
  <Paragraph>
    <Words Start="259" End="297" Block="3" Page="369" />
  </Paragraph>
  <Paragraph>
    <Words Start="298" End="313" Block="3" Page="369" />
    <Words Start="0" End="78" Block="0" Page="370" />
  </Paragraph>
  <Paragraph>
    <Words Start="79" End="84" Block="0" Page="370" />
  </Paragraph>
  <Paragraph>
    <Words Start="85" End="134" Block="0" Page="370" />
  </Paragraph>
  <Paragraph>
    <Words Start="135" End="181" Block="0" Page="370" />
  </Paragraph>
  <Paragraph>
    <Words Start="182" End="198" Block="0" Page="370" />
  </Paragraph>
  <Paragraph>
    <Words Start="199" End="237" Block="0" Page="370" />
  </Paragraph>
  <Paragraph>
    <Words Block="1" Page="370" />
  </Paragraph>
  <Paragraph>
    <Words Block="2" Page="370" />
  </Paragraph>
  <Paragraph>
    <Words Block="3" Page="370" />
  </Paragraph>
  <Paragraph>
    <Words Block="4" Page="370" />
  </Paragraph>
  <Paragraph>
    <Words Block="5" Page="370" />
  </Paragraph>
  <Paragraph>
    <Words Start="0" End="75" Block="6" Page="370" />
  </Paragraph>
  <Paragraph>
    <Words Start="76" End="100" Block="6" Page="370" />
  </Paragraph>
  <Paragraph>
    <Words Block="0" Page="371" />
  </Paragraph>
  <Paragraph>
    <Words Start="0" End="53" Block="1" Page="371" />
  </Paragraph>
  <Paragraph>
    <Words Start="54" End="99" Block="1" Page="371" />
  </Paragraph>
  <Paragraph>
    <Words Start="100" End="118" Block="1" Page="371" />
  </Paragraph>
  <Paragraph>
    <Words Block="2" Page="371" />
  </Paragraph>
  <Paragraph>
    <Words Start="0" End="53" Block="3" Page="371" />
  </Paragraph>
  <Paragraph>
    <Words Start="54" End="208" Block="3" Page="371" />
  </Paragraph>
  <Paragraph>
    <Words Start="209" End="328" Block="3" Page="371" />
  </Paragraph>
  <Paragraph>
    <Words Start="329" End="397" Block="3" Page="371" />
  </Paragraph>
  <Paragraph>
    <Words Block="0" Page="372" />
  </Paragraph>
  <Paragraph>
    <Words Block="1" Page="372" />
  </Paragraph>
  <Paragraph>
    <Words Block="2" Page="372" />
  </Paragraph>
  <Paragraph>
    <Words Block="3" Page="372" />
  </Paragraph>
  <Paragraph>
    <Words Block="4" Page="372" />
  </Paragraph>
  <Paragraph>
    <Words Block="5" Page="372" />
  </Paragraph>
  <Paragraph>
    <Words Block="6" Page="372" />
  </Paragraph>
  <Paragraph>
    <Words Block="7" Page="372" />
  </Paragraph>
  <Paragraph>
    <Words Block="8" Page="372" />
  </Paragraph>
  <Paragraph>
    <Words Block="9" Page="372" />
  </Paragraph>
  <Paragraph>
    <Words Block="10" Page="372" />
  </Paragraph>
  <Paragraph>
    <Words Block="11" Page="372" />
  </Paragraph>
  <Paragraph>
    <Words Block="0" Page="373" />
  </Paragraph>
  <Paragraph>
    <Words Block="1" Page="373" />
  </Paragraph>
  <Paragraph>
    <Words Block="2" Page="373" />
  </Paragraph>
  <Paragraph>
    <Words Block="3" Page="373" />
  </Paragraph>
  <Paragraph>
    <Words Block="4" Page="373" />
  </Paragraph>
  <Paragraph>
    <Words Block="5" Page="373" />
  </Paragraph>
  <Paragraph>
    <Words Block="6" Page="373" />
  </Paragraph>
  <Paragraph>
    <Words Start="0" End="11" Block="7" Page="373" />
  </Paragraph>
  <Paragraph>
    <Words Start="12" End="22" Block="7" Page="373" />
  </Paragraph>
  <Paragraph>
    <Words Block="8" Page="373" />
  </Paragraph>
  <Paragraph>
    <Words Block="0" Page="374" />
  </Paragraph>
  <Paragraph>
    <Words Block="1" Page="374" />
  </Paragraph>
  <Paragraph>
    <Words Block="2" Page="374" />
  </Paragraph>
  <Paragraph>
    <Words Block="3" Page="374" />
  </Paragraph>
  <Paragraph>
    <Words Block="4" Page="374" />
  </Paragraph>
  <Paragraph>
    <Words Block="5" Page="374" />
  </Paragraph>
  <Paragraph>
    <Words Block="6" Page="374" />
  </Paragraph>
  <Paragraph>
    <Words Block="7" Page="374" />
  </Paragraph>
  <Paragraph>
    <Words Block="8" Page="374" />
  </Paragraph>
  <Paragraph>
    <Words Block="9" Page="374" />
  </Paragraph>
  <Paragraph>
    <Words Block="10" Page="374" />
  </Paragraph>
  <Paragraph>
    <Words Block="0" Page="375" />
  </Paragraph>
  <Paragraph>
    <Words Block="1" Page="375" />
  </Paragraph>
  <Paragraph>
    <Words Block="2" Page="375" />
  </Paragraph>
  <Paragraph>
    <Words Block="3" Page="375" />
  </Paragraph>
  <Paragraph>
    <Words Block="4" Page="375" />
  </Paragraph>
  <Paragraph>
    <Words Block="5" Page="375" />
  </Paragraph>
  <Paragraph>
    <Words Block="6" Page="375" />
  </Paragraph>
  <Paragraph>
    <Words Start="0" End="18" Block="7" Page="375" />
  </Paragraph>
  <Paragraph>
    <Words Start="19" End="26" Block="7" Page="375" />
  </Paragraph>
  <Paragraph>
    <Words Start="27" End="53" Block="7" Page="375" />
  </Paragraph>
  <Paragraph>
    <Words Start="0" End="21" Block="8" Page="375" />
  </Paragraph>
  <Paragraph>
    <Words Start="22" End="27" Block="8" Page="375" />
  </Paragraph>
  <Paragraph>
    <Words Start="28" End="34" Block="8" Page="375" />
  </Paragraph>
  <Paragraph>
    <Words Start="35" End="49" Block="8" Page="375" />
  </Paragraph>
  <Paragraph>
    <Words Block="0" Page="376" />
  </Paragraph>
  <Paragraph>
    <Words Start="0" End="35" Block="1" Page="376" />
  </Paragraph>
  <Paragraph>
    <Words Start="36" End="37" Block="1" Page="376" />
  </Paragraph>
  <Paragraph>
    <Words Block="2" Page="376" />
  </Paragraph>
  <Paragraph>
    <Words Block="3" Page="376" />
  </Paragraph>
  <Paragraph>
    <Words Block="4" Page="376" />
  </Paragraph>
  <Paragraph>
    <Words Block="5" Page="376" />
  </Paragraph>
  <Paragraph>
    <Words Block="6" Page="376" />
  </Paragraph>
  <Paragraph>
    <Words Block="7" Page="376" />
  </Paragraph>
  <Paragraph>
    <Words Block="8" Page="376" />
  </Paragraph>
  <Paragraph>
    <Words Block="9" Page="376" />
  </Paragraph>
  <Paragraph>
    <Words Block="10" Page="376" />
  </Paragraph>
  <Paragraph>
    <Words Block="11" Page="376" />
  </Paragraph>
  <Paragraph>
    <Words Block="0" Page="377" />
  </Paragraph>
  <Paragraph>
    <Words Block="1" Page="377" />
  </Paragraph>
  <Paragraph>
    <Words Block="2" Page="377" />
  </Paragraph>
  <Paragraph>
    <Words Block="3" Page="377" />
  </Paragraph>
  <Paragraph>
    <Words Start="0" End="12" Block="4" Page="377" />
  </Paragraph>
  <Paragraph>
    <Words Start="13" End="17" Block="4" Page="377" />
  </Paragraph>
  <Paragraph>
    <Words Block="5" Page="377" />
  </Paragraph>
  <Paragraph>
    <Words Block="6" Page="377" />
  </Paragraph>
  <Paragraph>
    <Words Block="7" Page="377" />
  </Paragraph>
  <Paragraph>
    <Words Start="0" End="8" Block="8" Page="377" />
  </Paragraph>
  <Paragraph>
    <Words Start="9" End="15" Block="8" Page="377" />
  </Paragraph>
  <Paragraph>
    <Words Start="16" End="48" Block="8" Page="377" />
  </Paragraph>
  <Paragraph>
    <Words Block="9" Page="377" />
  </Paragraph>
  <Paragraph>
    <Words Block="10" Page="377" />
  </Paragraph>
  <Paragraph>
    <Words Block="11" Page="377" />
    <Words Block="0" Page="378" />
  </Paragraph>
  <Paragraph>
    <Words Block="1" Page="378" />
  </Paragraph>
  <Paragraph>
    <Words Block="2" Page="378" />
  </Paragraph>
  <Paragraph>
    <Words Block="3" Page="378" />
  </Paragraph>
  <Paragraph>
    <Words Block="4" Page="378" />
  </Paragraph>
  <Paragraph>
    <Words Block="5" Page="378" />
  </Paragraph>
  <Paragraph>
    <Words Block="6" Page="378" />
  </Paragraph>
  <Paragraph>
    <Words Block="7" Page="378" />
  </Paragraph>
  <Paragraph>
    <Words Block="0" Page="379" />
  </Paragraph>
  <Paragraph>
    <Words Block="1" Page="379" />
  </Paragraph>
  <Paragraph>
    <Words Start="0" End="61" Block="2" Page="379" />
  </Paragraph>
  <Paragraph>
    <Words Start="62" End="115" Block="2" Page="379" />
  </Paragraph>
  <Paragraph>
    <Words Start="116" End="139" Block="2" Page="379" />
  </Paragraph>
  <Paragraph>
    <Words Start="140" End="216" Block="2" Page="379" />
  </Paragraph>
  <Paragraph>
    <Words Start="217" End="268" Block="2" Page="379" />
  </Paragraph>
  <Paragraph>
    <Words Start="269" End="322" Block="2" Page="379" />
  </Paragraph>
  <Paragraph>
    <Words Block="3" Page="379" />
  </Paragraph>
  <Paragraph>
    <Words Start="0" End="6" Block="4" Page="379" />
  </Paragraph>
  <Paragraph>
    <Words Start="7" End="19" Block="4" Page="379" />
  </Paragraph>
  <Paragraph>
    <Words Start="20" End="60" Block="4" Page="379" />
  </Paragraph>
  <Paragraph>
    <Words Start="61" End="63" Block="4" Page="379" />
  </Paragraph>
  <Paragraph>
    <Words Block="5" Page="379" />
  </Paragraph>
  <Paragraph>
    <Words Block="0" Page="380" />
  </Paragraph>
  <Paragraph>
    <Words Block="1" Page="380" />
  </Paragraph>
  <Paragraph>
    <Words Block="2" Page="380" />
  </Paragraph>
  <Paragraph>
    <Words Block="3" Page="380" />
  </Paragraph>
  <Paragraph>
    <Words Block="4" Page="380" />
  </Paragraph>
  <Paragraph>
    <Words Block="5" Page="380" />
  </Paragraph>
  <Paragraph>
    <Words Block="6" Page="380" />
  </Paragraph>
  <Paragraph>
    <Words Block="7" Page="380" />
  </Paragraph>
  <Paragraph>
    <Words Block="8" Page="380" />
  </Paragraph>
  <Paragraph>
    <Words Block="9" Page="380" />
  </Paragraph>
  <Paragraph>
    <Words Block="10" Page="380" />
  </Paragraph>
  <Paragraph>
    <Words Block="11" Page="380" />
  </Paragraph>
  <Paragraph>
    <Words Block="0" Page="381" />
  </Paragraph>
  <Paragraph>
    <Words Block="1" Page="381" />
  </Paragraph>
  <Paragraph>
    <Words Block="2" Page="381" />
  </Paragraph>
</Flow>