﻿<?xml version="1.0" encoding="utf-8"?>
<Flow Name="f12">
  <Paragraph>
    <Words Block="0" Page="511" />
  </Paragraph>
  <Paragraph>
    <Words Start="0" End="30" Block="1" Page="511" />
  </Paragraph>
  <Paragraph>
    <Words Start="31" End="90" Block="1" Page="511" />
  </Paragraph>
  <Paragraph>
    <Words Block="2" Page="511" />
  </Paragraph>
  <Paragraph>
    <Words Start="0" End="14" Block="3" Page="511" />
  </Paragraph>
  <Paragraph>
    <Words Start="15" End="115" Block="3" Page="511" />
  </Paragraph>
  <Paragraph>
    <Words Start="116" End="245" Block="3" Page="511" />
  </Paragraph>
  <Paragraph>
    <Words Start="246" End="306" Block="3" Page="511" />
  </Paragraph>
  <Paragraph>
    <Words Start="0" End="97" Block="0" Page="512" />
  </Paragraph>
  <Paragraph>
    <Words Start="98" End="113" Block="0" Page="512" />
  </Paragraph>
  <Paragraph>
    <Words Start="114" End="151" Block="0" Page="512" />
  </Paragraph>
  <Paragraph>
    <Words Start="152" End="199" Block="0" Page="512" />
  </Paragraph>
  <Paragraph>
    <Words Start="200" End="217" Block="0" Page="512" />
  </Paragraph>
  <Paragraph>
    <Words Start="218" End="297" Block="0" Page="512" />
  </Paragraph>
  <Paragraph>
    <Words Start="298" End="347" Block="0" Page="512" />
  </Paragraph>
  <Paragraph>
    <Words Block="1" Page="512" />
  </Paragraph>
  <Paragraph>
    <Words Block="2" Page="512" />
  </Paragraph>
  <Paragraph>
    <Words Start="0" End="21" Block="3" Page="512" />
  </Paragraph>
  <Paragraph>
    <Words Start="22" End="97" Block="3" Page="512" />
  </Paragraph>
  <Paragraph>
    <Words Start="98" End="123" Block="3" Page="512" />
  </Paragraph>
  <Paragraph>
    <Words Start="124" End="137" Block="3" Page="512" />
  </Paragraph>
  <Paragraph>
    <Words Start="0" End="40" Block="0" Page="513" />
  </Paragraph>
  <Paragraph>
    <Words Start="41" End="92" Block="0" Page="513" />
  </Paragraph>
  <Paragraph>
    <Words Start="93" End="125" Block="0" Page="513" />
  </Paragraph>
  <Paragraph>
    <Words Start="126" End="208" Block="0" Page="513" />
  </Paragraph>
  <Paragraph>
    <Words Start="209" End="245" Block="0" Page="513" />
  </Paragraph>
  <Paragraph>
    <Words Start="246" End="294" Block="0" Page="513" />
  </Paragraph>
  <Paragraph>
    <Words Start="295" End="351" Block="0" Page="513" />
  </Paragraph>
  <Paragraph>
    <Words Start="352" End="509" Block="0" Page="513" />
  </Paragraph>
  <Paragraph>
    <Words Start="510" End="510" Block="0" Page="513" />
  </Paragraph>
  <Paragraph>
    <Words Start="0" End="35" Block="0" Page="514" />
  </Paragraph>
  <Paragraph>
    <Words Start="36" End="95" Block="0" Page="514" />
  </Paragraph>
  <Paragraph>
    <Words Start="96" End="108" Block="0" Page="514" />
  </Paragraph>
  <Paragraph>
    <Words Start="109" End="217" Block="0" Page="514" />
  </Paragraph>
  <Paragraph>
    <Words Start="218" End="273" Block="0" Page="514" />
  </Paragraph>
  <Paragraph>
    <Words Block="1" Page="514" />
  </Paragraph>
  <Paragraph>
    <Words Start="0" End="19" Block="2" Page="514" />
  </Paragraph>
  <Paragraph>
    <Words Start="20" End="41" Block="2" Page="514" />
  </Paragraph>
  <Paragraph>
    <Words Start="42" End="97" Block="2" Page="514" />
  </Paragraph>
  <Paragraph>
    <Words Start="98" End="128" Block="2" Page="514" />
  </Paragraph>
  <Paragraph>
    <Words Start="129" End="183" Block="2" Page="514" />
  </Paragraph>
  <Paragraph>
    <Words Start="184" End="217" Block="2" Page="514" />
  </Paragraph>
  <Paragraph>
    <Words Start="218" End="239" Block="2" Page="514" />
  </Paragraph>
  <Paragraph>
    <Words Start="240" End="262" Block="2" Page="514" />
  </Paragraph>
  <Paragraph>
    <Words Start="263" End="273" Block="2" Page="514" />
  </Paragraph>
  <Paragraph>
    <Words Block="0" Page="515" />
  </Paragraph>
  <Paragraph>
    <Words Block="1" Page="515" />
  </Paragraph>
  <Paragraph>
    <Words Start="0" End="73" Block="2" Page="515" />
  </Paragraph>
  <Paragraph>
    <Words Start="74" End="91" Block="2" Page="515" />
  </Paragraph>
  <Paragraph>
    <Words Start="92" End="124" Block="2" Page="515" />
  </Paragraph>
  <Paragraph>
    <Words Start="125" End="178" Block="2" Page="515" />
  </Paragraph>
  <Paragraph>
    <Words Start="179" End="256" Block="2" Page="515" />
  </Paragraph>
  <Paragraph>
    <Words Block="3" Page="515" />
  </Paragraph>
  <Paragraph>
    <Words Start="0" End="17" Block="4" Page="515" />
  </Paragraph>
  <Paragraph>
    <Words Start="18" End="33" Block="4" Page="515" />
  </Paragraph>
  <Paragraph>
    <Words Start="34" End="58" Block="4" Page="515" />
  </Paragraph>
  <Paragraph>
    <Words Start="59" End="85" Block="4" Page="515" />
  </Paragraph>
  <Paragraph>
    <Words Start="86" End="108" Block="4" Page="515" />
  </Paragraph>
  <Paragraph>
    <Words Start="109" End="127" Block="4" Page="515" />
  </Paragraph>
  <Paragraph>
    <Words Start="128" End="155" Block="4" Page="515" />
  </Paragraph>
  <Paragraph>
    <Words Start="156" End="231" Block="4" Page="515" />
  </Paragraph>
  <Paragraph>
    <Words Block="0" Page="516" />
  </Paragraph>
  <Paragraph>
    <Words Block="1" Page="516" />
  </Paragraph>
  <Paragraph>
    <Words Start="0" End="16" Block="2" Page="516" />
  </Paragraph>
  <Paragraph>
    <Words Start="17" End="129" Block="2" Page="516" />
  </Paragraph>
  <Paragraph>
    <Words Start="130" End="180" Block="2" Page="516" />
  </Paragraph>
  <Paragraph>
    <Words Start="181" End="198" Block="2" Page="516" />
  </Paragraph>
  <Paragraph>
    <Words Start="199" End="216" Block="2" Page="516" />
  </Paragraph>
  <Paragraph>
    <Words Start="217" End="251" Block="2" Page="516" />
  </Paragraph>
  <Paragraph>
    <Words Start="252" End="274" Block="2" Page="516" />
  </Paragraph>
  <Paragraph>
    <Words Start="275" End="299" Block="2" Page="516" />
  </Paragraph>
  <Paragraph>
    <Words Start="300" End="359" Block="2" Page="516" />
  </Paragraph>
  <Paragraph>
    <Words Start="360" End="378" Block="2" Page="516" />
  </Paragraph>
  <Paragraph>
    <Words Start="379" End="407" Block="2" Page="516" />
  </Paragraph>
  <Paragraph>
    <Words Start="408" End="473" Block="2" Page="516" />
  </Paragraph>
  <Paragraph>
    <Words Start="474" End="495" Block="2" Page="516" />
  </Paragraph>
  <Paragraph>
    <Words Start="496" End="496" Block="2" Page="516" />
  </Paragraph>
  <Paragraph>
    <Words Block="0" Page="517" />
  </Paragraph>
  <Paragraph>
    <Words Start="0" End="16" Block="1" Page="517" />
  </Paragraph>
  <Paragraph>
    <Words Start="17" End="69" Block="1" Page="517" />
  </Paragraph>
  <Paragraph>
    <Words Start="70" End="92" Block="1" Page="517" />
  </Paragraph>
  <Paragraph>
    <Words Start="93" End="146" Block="1" Page="517" />
  </Paragraph>
  <Paragraph>
    <Words Block="2" Page="517" />
  </Paragraph>
  <Paragraph>
    <Words Block="3" Page="517" />
  </Paragraph>
  <Paragraph>
    <Words Start="0" End="89" Block="4" Page="517" />
  </Paragraph>
  <Paragraph>
    <Words Start="90" End="148" Block="4" Page="517" />
  </Paragraph>
  <Paragraph>
    <Words Start="149" End="167" Block="4" Page="517" />
  </Paragraph>
  <Paragraph>
    <Words Start="168" End="200" Block="4" Page="517" />
  </Paragraph>
  <Paragraph>
    <Words Start="201" End="219" Block="4" Page="517" />
  </Paragraph>
  <Paragraph>
    <Words Start="220" End="246" Block="4" Page="517" />
  </Paragraph>
  <Paragraph>
    <Words Block="5" Page="517" />
  </Paragraph>
  <Paragraph>
    <Words Block="6" Page="517" />
  </Paragraph>
  <Paragraph>
    <Words Block="7" Page="517" />
  </Paragraph>
  <Paragraph>
    <Words Start="0" End="24" Block="0" Page="518" />
  </Paragraph>
  <Paragraph>
    <Words Start="25" End="48" Block="0" Page="518" />
  </Paragraph>
  <Paragraph>
    <Words Start="49" End="89" Block="0" Page="518" />
  </Paragraph>
  <Paragraph>
    <Words Start="90" End="123" Block="0" Page="518" />
  </Paragraph>
  <Paragraph>
    <Words Start="124" End="148" Block="0" Page="518" />
  </Paragraph>
  <Paragraph>
    <Words Start="149" End="238" Block="0" Page="518" />
  </Paragraph>
  <Paragraph>
    <Words Start="239" End="266" Block="0" Page="518" />
  </Paragraph>
  <Paragraph>
    <Words Start="267" End="330" Block="0" Page="518" />
  </Paragraph>
  <Paragraph>
    <Words Start="331" End="444" Block="0" Page="518" />
  </Paragraph>
  <Paragraph>
    <Words Start="445" End="491" Block="0" Page="518" />
  </Paragraph>
  <Paragraph>
    <Words Start="492" End="505" Block="0" Page="518" />
  </Paragraph>
  <Paragraph>
    <Words Start="506" End="528" Block="0" Page="518" />
  </Paragraph>
  <Paragraph>
    <Words Start="529" End="530" Block="0" Page="518" />
  </Paragraph>
  <Paragraph>
    <Words Start="0" End="16" Block="0" Page="519" />
  </Paragraph>
  <Paragraph>
    <Words Start="17" End="60" Block="0" Page="519" />
  </Paragraph>
  <Paragraph>
    <Words Start="61" End="92" Block="0" Page="519" />
  </Paragraph>
  <Paragraph>
    <Words Start="93" End="110" Block="0" Page="519" />
  </Paragraph>
  <Paragraph>
    <Words Start="111" End="142" Block="0" Page="519" />
  </Paragraph>
  <Paragraph>
    <Words Start="143" End="163" Block="0" Page="519" />
  </Paragraph>
  <Paragraph>
    <Words Start="164" End="180" Block="0" Page="519" />
  </Paragraph>
  <Paragraph>
    <Words Block="1" Page="519" />
  </Paragraph>
  <Paragraph>
    <Words Start="0" End="16" Block="2" Page="519" />
  </Paragraph>
  <Paragraph>
    <Words Start="17" End="39" Block="2" Page="519" />
  </Paragraph>
  <Paragraph>
    <Words Start="40" End="71" Block="2" Page="519" />
  </Paragraph>
  <Paragraph>
    <Words Start="72" End="129" Block="2" Page="519" />
  </Paragraph>
  <Paragraph>
    <Words Start="130" End="148" Block="2" Page="519" />
  </Paragraph>
  <Paragraph>
    <Words Start="149" End="171" Block="2" Page="519" />
  </Paragraph>
  <Paragraph>
    <Words Start="172" End="177" Block="2" Page="519" />
  </Paragraph>
</Flow>