﻿<?xml version="1.0" encoding="utf-8"?>
<Flow Name="f0">
  <Paragraph>
    <Words Block="0" Page="0" />
  </Paragraph>
  <Paragraph>
    <Words Block="1" Page="0" />
  </Paragraph>
  <Paragraph>
    <Words Block="2" Page="0" />
  </Paragraph>
  <Paragraph>
    <Words Start="0" End="0" Block="3" Page="0" />
  </Paragraph>
  <Paragraph>
    <Words Start="1" End="3" Block="3" Page="0" />
  </Paragraph>
  <Paragraph>
    <Words Block="4" Page="0" />
  </Paragraph>
  <Paragraph>
    <Words Block="5" Page="0" />
    <Words Block="0" Page="2" />
  </Paragraph>
  <Paragraph>
    <Words Block="0" Page="3" />
  </Paragraph>
  <Paragraph>
    <Words Block="1" Page="3" />
  </Paragraph>
</Flow>