﻿<?xml version="1.0" encoding="utf-8"?>
<Flow Name="f13">
  <Paragraph>
    <Words Block="0" Page="520" />
  </Paragraph>
  <Paragraph>
    <Words Block="1" Page="520" />
  </Paragraph>
  <Paragraph>
    <Words Block="2" Page="520" />
  </Paragraph>
  <Paragraph>
    <Words Block="3" Page="520" />
  </Paragraph>
  <Paragraph>
    <Words Block="4" Page="520" />
  </Paragraph>
  <Paragraph>
    <Words Block="5" Page="520" />
  </Paragraph>
  <Paragraph>
    <Words Block="6" Page="520" />
  </Paragraph>
  <Paragraph>
    <Words Block="7" Page="520" />
  </Paragraph>
  <Paragraph>
    <Words Block="8" Page="520" />
  </Paragraph>
  <Paragraph>
    <Words Block="9" Page="520" />
  </Paragraph>
  <Paragraph>
    <Words Block="10" Page="520" />
  </Paragraph>
  <Paragraph>
    <Words Block="11" Page="520" />
  </Paragraph>
  <Paragraph>
    <Words Block="12" Page="520" />
  </Paragraph>
  <Paragraph>
    <Words Block="13" Page="520" />
  </Paragraph>
  <Paragraph>
    <Words Block="14" Page="520" />
  </Paragraph>
  <Paragraph>
    <Words Block="15" Page="520" />
  </Paragraph>
  <Paragraph>
    <Words Block="16" Page="520" />
  </Paragraph>
  <Paragraph>
    <Words Block="17" Page="520" />
  </Paragraph>
  <Paragraph>
    <Words Block="0" Page="521" />
  </Paragraph>
  <Paragraph>
    <Words Block="1" Page="521" />
    <Words Block="2" Page="521" />
  </Paragraph>
  <Paragraph>
    <Words Block="3" Page="521" />
  </Paragraph>
  <Paragraph>
    <Words Block="4" Page="521" />
  </Paragraph>
  <Paragraph>
    <Words Block="5" Page="521" />
  </Paragraph>
  <Paragraph>
    <Words Block="6" Page="521" />
  </Paragraph>
  <Paragraph>
    <Words Block="7" Page="521" />
  </Paragraph>
  <Paragraph>
    <Words Block="8" Page="521" />
  </Paragraph>
  <Paragraph>
    <Words Block="9" Page="521" />
  </Paragraph>
  <Paragraph>
    <Words Block="10" Page="521" />
  </Paragraph>
  <Paragraph>
    <Words Block="11" Page="521" />
  </Paragraph>
  <Paragraph>
    <Words Block="12" Page="521" />
  </Paragraph>
  <Paragraph>
    <Words Block="13" Page="521" />
  </Paragraph>
  <Paragraph>
    <Words Block="14" Page="521" />
  </Paragraph>
  <Paragraph>
    <Words Block="15" Page="521" />
  </Paragraph>
  <Paragraph>
    <Words Block="16" Page="521" />
  </Paragraph>
  <Paragraph>
    <Words Block="17" Page="521" />
  </Paragraph>
  <Paragraph>
    <Words Block="18" Page="521" />
  </Paragraph>
  <Paragraph>
    <Words Block="19" Page="521" />
  </Paragraph>
  <Paragraph>
    <Words Block="20" Page="521" />
  </Paragraph>
  <Paragraph>
    <Words Block="21" Page="521" />
  </Paragraph>
  <Paragraph>
    <Words Block="22" Page="521" />
  </Paragraph>
  <Paragraph>
    <Words Block="23" Page="521" />
  </Paragraph>
  <Paragraph>
    <Words Block="24" Page="521" />
  </Paragraph>
  <Paragraph>
    <Words Block="25" Page="521" />
  </Paragraph>
  <Paragraph>
    <Words Block="26" Page="521" />
  </Paragraph>
  <Paragraph>
    <Words Block="28" Page="521" />
  </Paragraph>
  <Paragraph>
    <Words Block="0" Page="522" />
  </Paragraph>
  <Paragraph>
    <Words Block="1" Page="522" />
  </Paragraph>
  <Paragraph>
    <Words Block="2" Page="522" />
  </Paragraph>
  <Paragraph>
    <Words Block="3" Page="522" />
  </Paragraph>
  <Paragraph>
    <Words Block="4" Page="522" />
  </Paragraph>
  <Paragraph>
    <Words Block="5" Page="522" />
  </Paragraph>
  <Paragraph>
    <Words Block="6" Page="522" />
  </Paragraph>
  <Paragraph>
    <Words Block="7" Page="522" />
  </Paragraph>
  <Paragraph>
    <Words Block="8" Page="522" />
  </Paragraph>
  <Paragraph>
    <Words Block="9" Page="522" />
  </Paragraph>
  <Paragraph>
    <Words Block="10" Page="522" />
  </Paragraph>
  <Paragraph>
    <Words Block="11" Page="522" />
  </Paragraph>
  <Paragraph>
    <Words Block="12" Page="522" />
  </Paragraph>
  <Paragraph>
    <Words Block="13" Page="522" />
  </Paragraph>
  <Paragraph>
    <Words Block="14" Page="522" />
  </Paragraph>
  <Paragraph>
    <Words Block="15" Page="522" />
  </Paragraph>
  <Paragraph>
    <Words Block="16" Page="522" />
  </Paragraph>
  <Paragraph>
    <Words Block="17" Page="522" />
  </Paragraph>
  <Paragraph>
    <Words Block="18" Page="522" />
  </Paragraph>
  <Paragraph>
    <Words Block="19" Page="522" />
  </Paragraph>
  <Paragraph>
    <Words Block="20" Page="522" />
  </Paragraph>
  <Paragraph>
    <Words Block="21" Page="522" />
  </Paragraph>
  <Paragraph>
    <Words Block="22" Page="522" />
  </Paragraph>
  <Paragraph>
    <Words Block="0" Page="523" />
  </Paragraph>
  <Paragraph>
    <Words Block="1" Page="523" />
  </Paragraph>
  <Paragraph>
    <Words Block="2" Page="523" />
  </Paragraph>
  <Paragraph>
    <Words Block="3" Page="523" />
  </Paragraph>
  <Paragraph>
    <Words Block="4" Page="523" />
  </Paragraph>
  <Paragraph>
    <Words Block="5" Page="523" />
  </Paragraph>
  <Paragraph>
    <Words Block="6" Page="523" />
  </Paragraph>
  <Paragraph>
    <Words Block="7" Page="523" />
  </Paragraph>
  <Paragraph>
    <Words Block="8" Page="523" />
  </Paragraph>
  <Paragraph>
    <Words Start="0" End="1" Block="9" Page="523" />
  </Paragraph>
  <Paragraph>
    <Words Start="2" End="4" Block="9" Page="523" />
  </Paragraph>
  <Paragraph>
    <Words Start="5" End="7" Block="9" Page="523" />
  </Paragraph>
  <Paragraph>
    <Words Start="8" End="33" Block="9" Page="523" />
  </Paragraph>
  <Paragraph>
    <Words Block="10" Page="523" />
  </Paragraph>
  <Paragraph>
    <Words Start="0" End="4" Block="11" Page="523" />
  </Paragraph>
  <Paragraph>
    <Words Start="5" End="8" Block="11" Page="523" />
  </Paragraph>
  <Paragraph>
    <Words Start="9" End="13" Block="11" Page="523" />
  </Paragraph>
  <Paragraph>
    <Words Start="14" End="14" Block="11" Page="523" />
  </Paragraph>
  <Paragraph>
    <Words Start="15" End="29" Block="11" Page="523" />
  </Paragraph>
  <Paragraph>
    <Words Start="0" End="4" Block="12" Page="523" />
  </Paragraph>
  <Paragraph>
    <Words Start="5" End="5" Block="12" Page="523" />
  </Paragraph>
  <Paragraph>
    <Words Start="6" End="28" Block="12" Page="523" />
  </Paragraph>
  <Paragraph>
    <Words Block="13" Page="523" />
  </Paragraph>
  <Paragraph>
    <Words Block="14" Page="523" />
  </Paragraph>
  <Paragraph>
    <Words Block="15" Page="523" />
  </Paragraph>
  <Paragraph>
    <Words Block="16" Page="523" />
  </Paragraph>
  <Paragraph>
    <Words Block="17" Page="523" />
  </Paragraph>
  <Paragraph>
    <Words Block="18" Page="523" />
  </Paragraph>
  <Paragraph>
    <Words Block="19" Page="523" />
  </Paragraph>
  <Paragraph>
    <Words Block="20" Page="523" />
  </Paragraph>
  <Paragraph>
    <Words Block="22" Page="523" />
  </Paragraph>
</Flow>