﻿<?xml version="1.0" encoding="utf-8"?>
<Flow Name="f7">
  <Paragraph>
    <Words Block="0" Page="174" />
  </Paragraph>
  <Paragraph>
    <Words Block="1" Page="174" />
  </Paragraph>
  <Paragraph>
    <Words Start="0" End="4" Block="2" Page="174" />
  </Paragraph>
  <Paragraph>
    <Words Start="5" End="31" Block="2" Page="174" />
  </Paragraph>
  <Paragraph>
    <Words Start="32" End="53" Block="2" Page="174" />
  </Paragraph>
  <Paragraph>
    <Words Start="54" End="69" Block="2" Page="174" />
  </Paragraph>
  <Paragraph>
    <Words Start="70" End="78" Block="2" Page="174" />
  </Paragraph>
  <Paragraph>
    <Words Start="0" End="1" Block="3" Page="174" />
  </Paragraph>
  <Paragraph>
    <Words Start="2" End="9" Block="3" Page="174" />
  </Paragraph>
  <Paragraph>
    <Words Start="10" End="13" Block="3" Page="174" />
  </Paragraph>
  <Paragraph>
    <Words Start="14" End="15" Block="3" Page="174" />
  </Paragraph>
  <Paragraph>
    <Words Start="16" End="29" Block="3" Page="174" />
  </Paragraph>
  <Paragraph>
    <Words Start="30" End="32" Block="3" Page="174" />
  </Paragraph>
  <Paragraph>
    <Words Start="0" End="1" Block="4" Page="174" />
  </Paragraph>
  <Paragraph>
    <Words Start="2" End="3" Block="4" Page="174" />
  </Paragraph>
  <Paragraph>
    <Words Start="4" End="4" Block="4" Page="174" />
  </Paragraph>
  <Paragraph>
    <Words Start="5" End="7" Block="4" Page="174" />
  </Paragraph>
  <Paragraph>
    <Words Start="8" End="18" Block="4" Page="174" />
  </Paragraph>
  <Paragraph>
    <Words Start="19" End="27" Block="4" Page="174" />
  </Paragraph>
  <Paragraph>
    <Words Start="28" End="30" Block="4" Page="174" />
  </Paragraph>
  <Paragraph>
    <Words Start="31" End="35" Block="4" Page="174" />
  </Paragraph>
  <Paragraph>
    <Words Start="36" End="43" Block="4" Page="174" />
  </Paragraph>
  <Paragraph>
    <Words Block="5" Page="174" />
  </Paragraph>
  <Paragraph>
    <Words Block="6" Page="174" />
  </Paragraph>
  <Paragraph>
    <Words Start="0" End="35" Block="0" Page="175" />
  </Paragraph>
  <Paragraph>
    <Words Start="36" End="65" Block="0" Page="175" />
  </Paragraph>
  <Paragraph>
    <Words Start="66" End="67" Block="0" Page="175" />
  </Paragraph>
  <Paragraph>
    <Words Start="68" End="91" Block="0" Page="175" />
  </Paragraph>
  <Paragraph>
    <Words Start="92" End="119" Block="0" Page="175" />
  </Paragraph>
  <Paragraph>
    <Words Start="120" End="126" Block="0" Page="175" />
  </Paragraph>
  <Paragraph>
    <Words Block="1" Page="175" />
  </Paragraph>
  <Paragraph>
    <Words Start="0" End="12" Block="0" Page="176" />
  </Paragraph>
  <Paragraph>
    <Words Start="13" End="21" Block="0" Page="176" />
  </Paragraph>
  <Paragraph>
    <Words Block="1" Page="176" />
  </Paragraph>
  <Paragraph>
    <Words Start="0" End="49" Block="0" Page="177" />
  </Paragraph>
  <Paragraph>
    <Words Start="50" End="137" Block="0" Page="177" />
  </Paragraph>
  <Paragraph>
    <Words Start="138" End="215" Block="0" Page="177" />
  </Paragraph>
  <Paragraph>
    <Words Start="216" End="275" Block="0" Page="177" />
  </Paragraph>
  <Paragraph>
    <Words Start="276" End="337" Block="0" Page="177" />
  </Paragraph>
  <Paragraph>
    <Words Block="1" Page="177" />
  </Paragraph>
  <Paragraph>
    <Words Block="2" Page="177" />
  </Paragraph>
  <Paragraph>
    <Words Start="0" End="59" Block="3" Page="177" />
  </Paragraph>
  <Paragraph>
    <Words Start="60" End="139" Block="3" Page="177" />
  </Paragraph>
  <Paragraph>
    <Words Start="140" End="155" Block="3" Page="177" />
    <Words Start="0" End="91" Block="0" Page="178" />
  </Paragraph>
  <Paragraph>
    <Words Start="92" End="129" Block="0" Page="178" />
  </Paragraph>
  <Paragraph>
    <Words Block="1" Page="178" />
  </Paragraph>
  <Paragraph>
    <Words Block="2" Page="178" />
  </Paragraph>
  <Paragraph>
    <Words Block="3" Page="178" />
  </Paragraph>
  <Paragraph>
    <Words Block="4" Page="178" />
  </Paragraph>
  <Paragraph>
    <Words Block="5" Page="178" />
  </Paragraph>
  <Paragraph>
    <Words Start="0" End="48" Block="6" Page="178" />
  </Paragraph>
  <Paragraph>
    <Words Start="49" End="86" Block="6" Page="178" />
  </Paragraph>
  <Paragraph>
    <Words Block="7" Page="178" />
  </Paragraph>
  <Paragraph>
    <Words Block="8" Page="178" />
  </Paragraph>
  <Paragraph>
    <Words Block="9" Page="178" />
  </Paragraph>
  <Paragraph>
    <Words Block="10" Page="178" />
  </Paragraph>
  <Paragraph>
    <Words Start="0" End="98" Block="0" Page="179" />
  </Paragraph>
  <Paragraph>
    <Words Start="99" End="170" Block="0" Page="179" />
  </Paragraph>
  <Paragraph>
    <Words Block="1" Page="179" />
  </Paragraph>
  <Paragraph>
    <Words Start="0" End="147" Block="2" Page="179" />
  </Paragraph>
  <Paragraph>
    <Words Start="148" End="205" Block="2" Page="179" />
  </Paragraph>
  <Paragraph>
    <Words Start="206" End="267" Block="2" Page="179" />
  </Paragraph>
  <Paragraph>
    <Words Block="3" Page="179" />
  </Paragraph>
  <Paragraph>
    <Words Block="4" Page="179" />
  </Paragraph>
  <Paragraph>
    <Words Block="5" Page="179" />
  </Paragraph>
  <Paragraph>
    <Words Block="6" Page="179" />
  </Paragraph>
  <Paragraph>
    <Words Block="0" Page="180" />
  </Paragraph>
  <Paragraph>
    <Words Block="1" Page="180" />
  </Paragraph>
  <Paragraph>
    <Words Block="2" Page="180" />
  </Paragraph>
  <Paragraph>
    <Words Start="0" End="46" Block="3" Page="180" />
  </Paragraph>
  <Paragraph>
    <Words Start="47" End="118" Block="3" Page="180" />
  </Paragraph>
  <Paragraph>
    <Words Start="119" End="123" Block="3" Page="180" />
  </Paragraph>
  <Paragraph>
    <Words Start="124" End="215" Block="3" Page="180" />
  </Paragraph>
  <Paragraph>
    <Words Start="216" End="280" Block="3" Page="180" />
  </Paragraph>
  <Paragraph>
    <Words Block="4" Page="180" />
  </Paragraph>
  <Paragraph>
    <Words Block="5" Page="180" />
  </Paragraph>
  <Paragraph>
    <Words Block="0" Page="181" />
  </Paragraph>
  <Paragraph>
    <Words Block="1" Page="181" />
  </Paragraph>
  <Paragraph>
    <Words Start="0" End="68" Block="2" Page="181" />
  </Paragraph>
  <Paragraph>
    <Words Start="69" End="73" Block="2" Page="181" />
  </Paragraph>
  <Paragraph>
    <Words Start="74" End="93" Block="2" Page="181" />
  </Paragraph>
  <Paragraph>
    <Words Start="94" End="170" Block="2" Page="181" />
  </Paragraph>
  <Paragraph>
    <Words Block="3" Page="181" />
  </Paragraph>
  <Paragraph>
    <Words Block="4" Page="181" />
  </Paragraph>
  <Paragraph>
    <Words Block="5" Page="181" />
  </Paragraph>
  <Paragraph>
    <Words Start="0" End="94" Block="6" Page="181" />
  </Paragraph>
  <Paragraph>
    <Words Start="95" End="227" Block="6" Page="181" />
  </Paragraph>
  <Paragraph>
    <Words Start="228" End="256" Block="6" Page="181" />
  </Paragraph>
  <Paragraph>
    <Words Block="0" Page="182" />
  </Paragraph>
  <Paragraph>
    <Words Block="0" Page="183" />
  </Paragraph>
  <Paragraph>
    <Words Block="1" Page="183" />
  </Paragraph>
  <Paragraph>
    <Words Block="2" Page="183" />
  </Paragraph>
  <Paragraph>
    <Words Block="3" Page="183" />
  </Paragraph>
  <Paragraph>
    <Words Block="4" Page="183" />
  </Paragraph>
  <Paragraph>
    <Words Block="5" Page="183" />
  </Paragraph>
  <Paragraph>
    <Words Block="6" Page="183" />
  </Paragraph>
  <Paragraph>
    <Words Block="7" Page="183" />
  </Paragraph>
  <Paragraph>
    <Words Start="0" End="22" Block="8" Page="183" />
  </Paragraph>
  <Paragraph>
    <Words Start="23" End="30" Block="8" Page="183" />
  </Paragraph>
  <Paragraph>
    <Words Block="9" Page="183" />
  </Paragraph>
  <Paragraph>
    <Words Block="10" Page="183" />
  </Paragraph>
  <Paragraph>
    <Words Block="11" Page="183" />
  </Paragraph>
  <Paragraph>
    <Words Block="12" Page="183" />
  </Paragraph>
  <Paragraph>
    <Words Block="0" Page="184" />
  </Paragraph>
  <Paragraph>
    <Words Block="1" Page="184" />
  </Paragraph>
  <Paragraph>
    <Words Block="2" Page="184" />
    <Words Block="3" Page="184" />
  </Paragraph>
  <Paragraph>
    <Words Block="4" Page="184" />
  </Paragraph>
  <Paragraph>
    <Words Block="5" Page="184" />
  </Paragraph>
  <Paragraph>
    <Words Block="6" Page="184" />
  </Paragraph>
  <Paragraph>
    <Words Block="7" Page="184" />
  </Paragraph>
  <Paragraph>
    <Words Block="8" Page="184" />
  </Paragraph>
  <Paragraph>
    <Words Block="9" Page="184" />
  </Paragraph>
  <Paragraph>
    <Words Block="10" Page="184" />
  </Paragraph>
  <Paragraph>
    <Words Block="11" Page="184" />
  </Paragraph>
  <Paragraph>
    <Words Block="12" Page="184" />
  </Paragraph>
  <Paragraph>
    <Words Block="13" Page="184" />
    <Words Block="0" Page="185" />
  </Paragraph>
  <Paragraph>
    <Words Block="1" Page="185" />
  </Paragraph>
  <Paragraph>
    <Words Start="0" End="68" Block="2" Page="185" />
  </Paragraph>
  <Paragraph>
    <Words Start="69" End="105" Block="2" Page="185" />
  </Paragraph>
  <Paragraph>
    <Words Start="106" End="126" Block="2" Page="185" />
  </Paragraph>
  <Paragraph>
    <Words Start="127" End="216" Block="2" Page="185" />
  </Paragraph>
  <Paragraph>
    <Words Start="217" End="231" Block="2" Page="185" />
  </Paragraph>
  <Paragraph>
    <Words Start="232" End="264" Block="2" Page="185" />
  </Paragraph>
  <Paragraph>
    <Words Block="3" Page="185" />
  </Paragraph>
  <Paragraph>
    <Words Start="0" End="104" Block="4" Page="185" />
  </Paragraph>
  <Paragraph>
    <Words Start="105" End="164" Block="4" Page="185" />
  </Paragraph>
  <Paragraph>
    <Words Block="5" Page="185" />
  </Paragraph>
  <Paragraph>
    <Words Block="6" Page="185" />
    <Words Start="0" End="29" Block="0" Page="186" />
  </Paragraph>
  <Paragraph>
    <Words Start="30" End="64" Block="0" Page="186" />
  </Paragraph>
  <Paragraph>
    <Words Block="1" Page="186" />
  </Paragraph>
  <Paragraph>
    <Words Start="0" End="98" Block="2" Page="186" />
  </Paragraph>
  <Paragraph>
    <Words Start="99" End="150" Block="2" Page="186" />
  </Paragraph>
  <Paragraph>
    <Words Start="151" End="163" Block="2" Page="186" />
  </Paragraph>
  <Paragraph>
    <Words Start="164" End="304" Block="2" Page="186" />
  </Paragraph>
  <Paragraph>
    <Words Block="3" Page="186" />
  </Paragraph>
  <Paragraph>
    <Words Start="0" End="82" Block="4" Page="186" />
  </Paragraph>
  <Paragraph>
    <Words Start="83" End="155" Block="4" Page="186" />
    <Words Start="0" End="91" Block="1" Page="187" />
  </Paragraph>
  <Paragraph>
    <Words Start="92" End="179" Block="1" Page="187" />
  </Paragraph>
  <Paragraph>
    <Words Block="2" Page="187" />
  </Paragraph>
  <Paragraph>
    <Words Start="0" End="61" Block="3" Page="187" />
  </Paragraph>
  <Paragraph>
    <Words Start="62" End="97" Block="3" Page="187" />
  </Paragraph>
  <Paragraph>
    <Words Start="98" End="140" Block="3" Page="187" />
  </Paragraph>
  <Paragraph>
    <Words Start="141" End="220" Block="3" Page="187" />
  </Paragraph>
  <Paragraph>
    <Words Block="4" Page="187" />
  </Paragraph>
  <Paragraph>
    <Words Start="0" End="51" Block="5" Page="187" />
  </Paragraph>
  <Paragraph>
    <Words Start="52" End="98" Block="5" Page="187" />
  </Paragraph>
  <Paragraph>
    <Words Start="99" End="113" Block="5" Page="187" />
    <Words Block="0" Page="188" />
  </Paragraph>
  <Paragraph>
    <Words Block="1" Page="188" />
  </Paragraph>
  <Paragraph>
    <Words Start="0" End="12" Block="2" Page="188" />
  </Paragraph>
  <Paragraph>
    <Words Start="13" End="13" Block="2" Page="188" />
  </Paragraph>
  <Paragraph>
    <Words Block="3" Page="188" />
  </Paragraph>
  <Paragraph>
    <Words Block="4" Page="188" />
  </Paragraph>
  <Paragraph>
    <Words Block="5" Page="188" />
  </Paragraph>
  <Paragraph>
    <Words Block="6" Page="188" />
  </Paragraph>
  <Paragraph>
    <Words Block="7" Page="188" />
  </Paragraph>
  <Paragraph>
    <Words Block="8" Page="188" />
  </Paragraph>
  <Paragraph>
    <Words Block="9" Page="188" />
  </Paragraph>
  <Paragraph>
    <Words Block="10" Page="188" />
  </Paragraph>
  <Paragraph>
    <Words Block="11" Page="188" />
  </Paragraph>
  <Paragraph>
    <Words Block="0" Page="189" />
  </Paragraph>
  <Paragraph>
    <Words Start="0" End="19" Block="1" Page="189" />
  </Paragraph>
  <Paragraph>
    <Words Start="20" End="32" Block="1" Page="189" />
  </Paragraph>
  <Paragraph>
    <Words Block="2" Page="189" />
    <Words Block="3" Page="189" />
  </Paragraph>
  <Paragraph>
    <Words Block="4" Page="189" />
  </Paragraph>
  <Paragraph>
    <Words Block="5" Page="189" />
  </Paragraph>
  <Paragraph>
    <Words Block="6" Page="189" />
  </Paragraph>
  <Paragraph>
    <Words Block="7" Page="189" />
  </Paragraph>
  <Paragraph>
    <Words Block="8" Page="189" />
  </Paragraph>
  <Paragraph>
    <Words Block="9" Page="189" />
  </Paragraph>
  <Paragraph>
    <Words Start="0" End="5" Block="10" Page="189" />
  </Paragraph>
  <Paragraph>
    <Words Start="6" End="12" Block="10" Page="189" />
  </Paragraph>
  <Paragraph>
    <Words Start="13" End="18" Block="10" Page="189" />
  </Paragraph>
  <Paragraph>
    <Words Start="19" End="19" Block="10" Page="189" />
  </Paragraph>
  <Paragraph>
    <Words Start="0" End="5" Block="11" Page="189" />
  </Paragraph>
  <Paragraph>
    <Words Start="6" End="19" Block="11" Page="189" />
  </Paragraph>
  <Paragraph>
    <Words Block="0" Page="190" />
  </Paragraph>
  <Paragraph>
    <Words Block="1" Page="190" />
  </Paragraph>
  <Paragraph>
    <Words Block="2" Page="190" />
  </Paragraph>
  <Paragraph>
    <Words Start="0" End="59" Block="3" Page="190" />
  </Paragraph>
  <Paragraph>
    <Words Start="60" End="70" Block="3" Page="190" />
  </Paragraph>
  <Paragraph>
    <Words Start="71" End="142" Block="3" Page="190" />
  </Paragraph>
  <Paragraph>
    <Words Start="143" End="153" Block="3" Page="190" />
  </Paragraph>
  <Paragraph>
    <Words Start="154" End="184" Block="3" Page="190" />
  </Paragraph>
  <Paragraph>
    <Words Start="185" End="194" Block="3" Page="190" />
  </Paragraph>
  <Paragraph>
    <Words Start="195" End="207" Block="3" Page="190" />
  </Paragraph>
  <Paragraph>
    <Words Start="208" End="390" Block="3" Page="190" />
  </Paragraph>
  <Paragraph>
    <Words Start="391" End="443" Block="3" Page="190" />
  </Paragraph>
  <Paragraph>
    <Words Block="0" Page="191" />
  </Paragraph>
  <Paragraph>
    <Words Start="0" End="22" Block="1" Page="191" />
  </Paragraph>
  <Paragraph>
    <Words Start="23" End="42" Block="1" Page="191" />
  </Paragraph>
  <Paragraph>
    <Words Start="43" End="109" Block="1" Page="191" />
  </Paragraph>
  <Paragraph>
    <Words Block="2" Page="191" />
  </Paragraph>
  <Paragraph>
    <Words Block="3" Page="191" />
  </Paragraph>
  <Paragraph>
    <Words Block="4" Page="191" />
  </Paragraph>
  <Paragraph>
    <Words Block="5" Page="191" />
  </Paragraph>
  <Paragraph>
    <Words Block="6" Page="191" />
  </Paragraph>
  <Paragraph>
    <Words Block="7" Page="191" />
  </Paragraph>
  <Paragraph>
    <Words Block="8" Page="191" />
  </Paragraph>
  <Paragraph>
    <Words Block="9" Page="191" />
  </Paragraph>
  <Paragraph>
    <Words Block="0" Page="192" />
  </Paragraph>
  <Paragraph>
    <Words Start="0" End="34" Block="1" Page="192" />
  </Paragraph>
  <Paragraph>
    <Words Start="35" End="37" Block="1" Page="192" />
  </Paragraph>
  <Paragraph>
    <Words Block="2" Page="192" />
  </Paragraph>
  <Paragraph>
    <Words Block="3" Page="192" />
  </Paragraph>
  <Paragraph>
    <Words Block="4" Page="192" />
  </Paragraph>
  <Paragraph>
    <Words Block="5" Page="192" />
  </Paragraph>
  <Paragraph>
    <Words Block="6" Page="192" />
  </Paragraph>
  <Paragraph>
    <Words Block="7" Page="192" />
  </Paragraph>
  <Paragraph>
    <Words Block="8" Page="192" />
  </Paragraph>
  <Paragraph>
    <Words Block="9" Page="192" />
  </Paragraph>
  <Paragraph>
    <Words Block="10" Page="192" />
    <Words Block="0" Page="193" />
    <Words Block="1" Page="193" />
  </Paragraph>
  <Paragraph>
    <Words Block="2" Page="193" />
  </Paragraph>
  <Paragraph>
    <Words Block="3" Page="193" />
  </Paragraph>
  <Paragraph>
    <Words Block="4" Page="193" />
  </Paragraph>
  <Paragraph>
    <Words Block="5" Page="193" />
  </Paragraph>
  <Paragraph>
    <Words Block="6" Page="193" />
  </Paragraph>
  <Paragraph>
    <Words Block="7" Page="193" />
  </Paragraph>
  <Paragraph>
    <Words Block="8" Page="193" />
  </Paragraph>
  <Paragraph>
    <Words Start="0" End="17" Block="9" Page="193" />
  </Paragraph>
  <Paragraph>
    <Words Start="18" End="25" Block="9" Page="193" />
  </Paragraph>
  <Paragraph>
    <Words Block="10" Page="193" />
  </Paragraph>
  <Paragraph>
    <Words Block="11" Page="193" />
  </Paragraph>
  <Paragraph>
    <Words Block="12" Page="193" />
  </Paragraph>
  <Paragraph>
    <Words Block="0" Page="194" />
  </Paragraph>
  <Paragraph>
    <Words Block="1" Page="194" />
  </Paragraph>
  <Paragraph>
    <Words Block="2" Page="194" />
  </Paragraph>
  <Paragraph>
    <Words Start="0" End="20" Block="3" Page="194" />
  </Paragraph>
  <Paragraph>
    <Words Start="21" End="53" Block="3" Page="194" />
  </Paragraph>
  <Paragraph>
    <Words Block="4" Page="194" />
  </Paragraph>
  <Paragraph>
    <Words Block="5" Page="194" />
    <Words Block="6" Page="194" />
  </Paragraph>
  <Paragraph>
    <Words Block="7" Page="194" />
  </Paragraph>
  <Paragraph>
    <Words Start="0" End="77" Block="8" Page="194" />
  </Paragraph>
  <Paragraph>
    <Words Start="78" End="110" Block="8" Page="194" />
  </Paragraph>
  <Paragraph>
    <Words Start="111" End="150" Block="8" Page="194" />
  </Paragraph>
  <Paragraph>
    <Words Block="0" Page="195" />
  </Paragraph>
  <Paragraph>
    <Words Block="1" Page="195" />
  </Paragraph>
  <Paragraph>
    <Words Block="2" Page="195" />
  </Paragraph>
  <Paragraph>
    <Words Block="3" Page="195" />
  </Paragraph>
  <Paragraph>
    <Words Block="4" Page="195" />
  </Paragraph>
  <Paragraph>
    <Words Block="5" Page="195" />
  </Paragraph>
  <Paragraph>
    <Words Block="6" Page="195" />
  </Paragraph>
  <Paragraph>
    <Words Start="0" End="7" Block="7" Page="195" />
  </Paragraph>
  <Paragraph>
    <Words Start="8" End="21" Block="7" Page="195" />
  </Paragraph>
  <Paragraph>
    <Words Block="8" Page="195" />
  </Paragraph>
  <Paragraph>
    <Words Block="9" Page="195" />
  </Paragraph>
  <Paragraph>
    <Words Block="10" Page="195" />
  </Paragraph>
  <Paragraph>
    <Words Block="11" Page="195" />
  </Paragraph>
  <Paragraph>
    <Words Block="12" Page="195" />
  </Paragraph>
  <Paragraph>
    <Words Block="0" Page="196" />
  </Paragraph>
  <Paragraph>
    <Words Block="1" Page="196" />
  </Paragraph>
  <Paragraph>
    <Words Block="2" Page="196" />
  </Paragraph>
  <Paragraph>
    <Words Block="3" Page="196" />
  </Paragraph>
  <Paragraph>
    <Words Block="4" Page="196" />
  </Paragraph>
  <Paragraph>
    <Words Block="5" Page="196" />
  </Paragraph>
  <Paragraph>
    <Words Block="6" Page="196" />
  </Paragraph>
  <Paragraph>
    <Words Block="7" Page="196" />
  </Paragraph>
  <Paragraph>
    <Words Block="8" Page="196" />
  </Paragraph>
  <Paragraph>
    <Words Block="9" Page="196" />
  </Paragraph>
  <Paragraph>
    <Words Block="10" Page="196" />
  </Paragraph>
  <Paragraph>
    <Words Start="0" End="26" Block="11" Page="196" />
  </Paragraph>
  <Paragraph>
    <Words Start="27" End="31" Block="11" Page="196" />
  </Paragraph>
  <Paragraph>
    <Words Start="32" End="39" Block="11" Page="196" />
  </Paragraph>
  <Paragraph>
    <Words Block="0" Page="197" />
  </Paragraph>
  <Paragraph>
    <Words Block="1" Page="197" />
  </Paragraph>
  <Paragraph>
    <Words Block="2" Page="197" />
  </Paragraph>
  <Paragraph>
    <Words Block="3" Page="197" />
  </Paragraph>
  <Paragraph>
    <Words Block="4" Page="197" />
  </Paragraph>
  <Paragraph>
    <Words Block="5" Page="197" />
    <Words Block="6" Page="197" />
  </Paragraph>
  <Paragraph>
    <Words Block="7" Page="197" />
  </Paragraph>
  <Paragraph>
    <Words Block="8" Page="197" />
  </Paragraph>
  <Paragraph>
    <Words Block="9" Page="197" />
  </Paragraph>
  <Paragraph>
    <Words Block="10" Page="197" />
  </Paragraph>
  <Paragraph>
    <Words Start="0" End="56" Block="11" Page="197" />
  </Paragraph>
  <Paragraph>
    <Words Start="57" End="99" Block="11" Page="197" />
  </Paragraph>
  <Paragraph>
    <Words Block="0" Page="198" />
  </Paragraph>
  <Paragraph>
    <Words Block="1" Page="198" />
  </Paragraph>
  <Paragraph>
    <Words Block="2" Page="198" />
  </Paragraph>
  <Paragraph>
    <Words Block="3" Page="198" />
  </Paragraph>
  <Paragraph>
    <Words Block="4" Page="198" />
  </Paragraph>
  <Paragraph>
    <Words Block="5" Page="198" />
  </Paragraph>
  <Paragraph>
    <Words Block="6" Page="198" />
  </Paragraph>
  <Paragraph>
    <Words Block="7" Page="198" />
  </Paragraph>
  <Paragraph>
    <Words Block="8" Page="198" />
  </Paragraph>
  <Paragraph>
    <Words Block="9" Page="198" />
  </Paragraph>
  <Paragraph>
    <Words Block="0" Page="199" />
  </Paragraph>
  <Paragraph>
    <Words Block="1" Page="199" />
  </Paragraph>
  <Paragraph>
    <Words Block="2" Page="199" />
  </Paragraph>
  <Paragraph>
    <Words Start="0" End="30" Block="3" Page="199" />
  </Paragraph>
  <Paragraph>
    <Words Start="31" End="33" Block="3" Page="199" />
  </Paragraph>
  <Paragraph>
    <Words Start="34" End="145" Block="3" Page="199" />
  </Paragraph>
  <Paragraph>
    <Words Start="146" End="194" Block="3" Page="199" />
  </Paragraph>
  <Paragraph>
    <Words Start="195" End="241" Block="3" Page="199" />
  </Paragraph>
  <Paragraph>
    <Words Start="242" End="300" Block="3" Page="199" />
  </Paragraph>
  <Paragraph>
    <Words Block="4" Page="199" />
  </Paragraph>
  <Paragraph>
    <Words Block="5" Page="199" />
  </Paragraph>
  <Paragraph>
    <Words Block="0" Page="200" />
  </Paragraph>
  <Paragraph>
    <Words Start="0" End="82" Block="1" Page="200" />
  </Paragraph>
  <Paragraph>
    <Words Start="83" End="121" Block="1" Page="200" />
  </Paragraph>
  <Paragraph>
    <Words Block="2" Page="200" />
  </Paragraph>
  <Paragraph>
    <Words Block="3" Page="200" />
  </Paragraph>
  <Paragraph>
    <Words Block="4" Page="200" />
  </Paragraph>
  <Paragraph>
    <Words Block="5" Page="200" />
  </Paragraph>
  <Paragraph>
    <Words Block="6" Page="200" />
  </Paragraph>
  <Paragraph>
    <Words Block="7" Page="200" />
  </Paragraph>
  <Paragraph>
    <Words Block="8" Page="200" />
  </Paragraph>
  <Paragraph>
    <Words Block="9" Page="200" />
    <Words Block="10" Page="200" />
    <Words Block="11" Page="200" />
    <Words Block="12" Page="200" />
    <Words Block="13" Page="200" />
    <Words Block="14" Page="200" />
    <Words Block="15" Page="200" />
  </Paragraph>
  <Paragraph>
    <Words Block="16" Page="200" />
  </Paragraph>
  <Paragraph>
    <Words Block="17" Page="200" />
    <Words Block="18" Page="200" />
    <Words Block="19" Page="200" />
    <Words Block="20" Page="200" />
    <Words Block="21" Page="200" />
    <Words Block="22" Page="200" />
    <Words Block="23" Page="200" />
    <Words Block="24" Page="200" />
    <Words Block="25" Page="200" />
    <Words Block="26" Page="200" />
  </Paragraph>
  <Paragraph>
    <Words Block="27" Page="200" />
  </Paragraph>
  <Paragraph>
    <Words Block="0" Page="201" />
  </Paragraph>
  <Paragraph>
    <Words Block="1" Page="201" />
  </Paragraph>
  <Paragraph>
    <Words Start="0" End="18" Block="2" Page="201" />
  </Paragraph>
  <Paragraph>
    <Words Start="19" End="65" Block="2" Page="201" />
  </Paragraph>
  <Paragraph>
    <Words Block="3" Page="201" />
  </Paragraph>
  <Paragraph>
    <Words Block="4" Page="201" />
  </Paragraph>
  <Paragraph>
    <Words Block="5" Page="201" />
  </Paragraph>
  <Paragraph>
    <Words Start="0" End="61" Block="6" Page="201" />
  </Paragraph>
  <Paragraph>
    <Words Start="62" End="234" Block="6" Page="201" />
  </Paragraph>
  <Paragraph>
    <Words Block="0" Page="202" />
  </Paragraph>
  <Paragraph>
    <Words Block="1" Page="202" />
  </Paragraph>
  <Paragraph>
    <Words Block="2" Page="202" />
  </Paragraph>
  <Paragraph>
    <Words Start="0" End="35" Block="3" Page="202" />
  </Paragraph>
  <Paragraph>
    <Words Start="36" End="99" Block="3" Page="202" />
  </Paragraph>
  <Paragraph>
    <Words Start="100" End="152" Block="3" Page="202" />
  </Paragraph>
  <Paragraph>
    <Words Start="153" End="231" Block="3" Page="202" />
  </Paragraph>
  <Paragraph>
    <Words Start="232" End="257" Block="3" Page="202" />
  </Paragraph>
  <Paragraph>
    <Words Start="258" End="261" Block="3" Page="202" />
  </Paragraph>
  <Paragraph>
    <Words Start="262" End="327" Block="3" Page="202" />
  </Paragraph>
  <Paragraph>
    <Words Start="328" End="402" Block="3" Page="202" />
  </Paragraph>
  <Paragraph>
    <Words Start="403" End="449" Block="3" Page="202" />
  </Paragraph>
  <Paragraph>
    <Words Block="0" Page="203" />
  </Paragraph>
  <Paragraph>
    <Words Block="1" Page="203" />
  </Paragraph>
  <Paragraph>
    <Words Block="2" Page="203" />
  </Paragraph>
  <Paragraph>
    <Words Start="0" End="157" Block="3" Page="203" />
  </Paragraph>
  <Paragraph>
    <Words Start="158" End="212" Block="3" Page="203" />
  </Paragraph>
  <Paragraph>
    <Words Start="213" End="274" Block="3" Page="203" />
  </Paragraph>
  <Paragraph>
    <Words Block="4" Page="203" />
  </Paragraph>
  <Paragraph>
    <Words Start="0" End="70" Block="5" Page="203" />
  </Paragraph>
  <Paragraph>
    <Words Start="71" End="183" Block="5" Page="203" />
  </Paragraph>
  <Paragraph>
    <Words Start="184" End="202" Block="5" Page="203" />
  </Paragraph>
  <Paragraph>
    <Words Start="0" End="37" Block="0" Page="204" />
  </Paragraph>
  <Paragraph>
    <Words Start="38" End="163" Block="0" Page="204" />
  </Paragraph>
  <Paragraph>
    <Words Start="164" End="241" Block="0" Page="204" />
  </Paragraph>
  <Paragraph>
    <Words Start="242" End="288" Block="0" Page="204" />
  </Paragraph>
  <Paragraph>
    <Words Block="1" Page="204" />
  </Paragraph>
  <Paragraph>
    <Words Block="2" Page="204" />
  </Paragraph>
  <Paragraph>
    <Words Block="3" Page="204" />
  </Paragraph>
  <Paragraph>
    <Words Block="4" Page="204" />
  </Paragraph>
  <Paragraph>
    <Words Block="5" Page="204" />
  </Paragraph>
  <Paragraph>
    <Words Block="6" Page="204" />
  </Paragraph>
  <Paragraph>
    <Words Block="7" Page="204" />
  </Paragraph>
  <Paragraph>
    <Words Block="0" Page="205" />
  </Paragraph>
  <Paragraph>
    <Words Block="1" Page="205" />
  </Paragraph>
  <Paragraph>
    <Words Block="2" Page="205" />
  </Paragraph>
  <Paragraph>
    <Words Block="3" Page="205" />
  </Paragraph>
  <Paragraph>
    <Words Block="4" Page="205" />
  </Paragraph>
  <Paragraph>
    <Words Block="5" Page="205" />
  </Paragraph>
  <Paragraph>
    <Words Block="6" Page="205" />
  </Paragraph>
  <Paragraph>
    <Words Block="0" Page="206" />
  </Paragraph>
  <Paragraph>
    <Words Block="1" Page="206" />
  </Paragraph>
  <Paragraph>
    <Words Block="2" Page="206" />
  </Paragraph>
  <Paragraph>
    <Words Block="3" Page="206" />
  </Paragraph>
  <Paragraph>
    <Words Block="4" Page="206" />
  </Paragraph>
  <Paragraph>
    <Words Block="5" Page="206" />
  </Paragraph>
  <Paragraph>
    <Words Block="6" Page="206" />
  </Paragraph>
  <Paragraph>
    <Words Block="7" Page="206" />
  </Paragraph>
  <Paragraph>
    <Words Block="8" Page="206" />
  </Paragraph>
  <Paragraph>
    <Words Block="9" Page="206" />
  </Paragraph>
  <Paragraph>
    <Words Block="10" Page="206" />
  </Paragraph>
  <Paragraph>
    <Words Block="11" Page="206" />
  </Paragraph>
  <Paragraph>
    <Words Block="12" Page="206" />
  </Paragraph>
  <Paragraph>
    <Words Block="0" Page="207" />
  </Paragraph>
  <Paragraph>
    <Words Block="1" Page="207" />
  </Paragraph>
  <Paragraph>
    <Words Block="2" Page="207" />
  </Paragraph>
  <Paragraph>
    <Words Block="3" Page="207" />
  </Paragraph>
  <Paragraph>
    <Words Block="4" Page="207" />
  </Paragraph>
  <Paragraph>
    <Words Block="5" Page="207" />
  </Paragraph>
  <Paragraph>
    <Words Block="6" Page="207" />
  </Paragraph>
  <Paragraph>
    <Words Block="7" Page="207" />
  </Paragraph>
  <Paragraph>
    <Words Block="8" Page="207" />
  </Paragraph>
  <Paragraph>
    <Words Block="9" Page="207" />
  </Paragraph>
  <Paragraph>
    <Words Block="10" Page="207" />
  </Paragraph>
  <Paragraph>
    <Words Block="11" Page="207" />
  </Paragraph>
  <Paragraph>
    <Words Block="12" Page="207" />
  </Paragraph>
  <Paragraph>
    <Words Block="13" Page="207" />
  </Paragraph>
  <Paragraph>
    <Words Block="14" Page="207" />
  </Paragraph>
  <Paragraph>
    <Words Block="15" Page="207" />
  </Paragraph>
  <Paragraph>
    <Words Block="16" Page="207" />
  </Paragraph>
  <Paragraph>
    <Words Block="17" Page="207" />
  </Paragraph>
  <Paragraph>
    <Words Block="18" Page="207" />
  </Paragraph>
  <Paragraph>
    <Words Block="0" Page="208" />
  </Paragraph>
  <Paragraph>
    <Words Block="1" Page="208" />
  </Paragraph>
  <Paragraph>
    <Words Block="2" Page="208" />
  </Paragraph>
  <Paragraph>
    <Words Start="0" End="14" Block="3" Page="208" />
  </Paragraph>
  <Paragraph>
    <Words Start="15" End="113" Block="3" Page="208" />
  </Paragraph>
  <Paragraph>
    <Words Start="114" End="116" Block="3" Page="208" />
  </Paragraph>
  <Paragraph>
    <Words Start="117" End="129" Block="3" Page="208" />
  </Paragraph>
  <Paragraph>
    <Words Start="130" End="195" Block="3" Page="208" />
  </Paragraph>
  <Paragraph>
    <Words Start="196" End="267" Block="3" Page="208" />
  </Paragraph>
  <Paragraph>
    <Words Start="268" End="362" Block="3" Page="208" />
  </Paragraph>
  <Paragraph>
    <Words Start="363" End="376" Block="3" Page="208" />
  </Paragraph>
  <Paragraph>
    <Words Start="377" End="468" Block="3" Page="208" />
  </Paragraph>
  <Paragraph>
    <Words Start="0" End="23" Block="0" Page="209" />
  </Paragraph>
  <Paragraph>
    <Words Start="24" End="51" Block="0" Page="209" />
  </Paragraph>
  <Paragraph>
    <Words Start="52" End="89" Block="0" Page="209" />
  </Paragraph>
  <Paragraph>
    <Words Start="90" End="216" Block="0" Page="209" />
  </Paragraph>
  <Paragraph>
    <Words Block="1" Page="209" />
  </Paragraph>
  <Paragraph>
    <Words Block="2" Page="209" />
  </Paragraph>
  <Paragraph>
    <Words Block="3" Page="209" />
  </Paragraph>
  <Paragraph>
    <Words Block="4" Page="209" />
  </Paragraph>
  <Paragraph>
    <Words Block="5" Page="209" />
  </Paragraph>
  <Paragraph>
    <Words Block="6" Page="209" />
  </Paragraph>
  <Paragraph>
    <Words Block="7" Page="209" />
  </Paragraph>
  <Paragraph>
    <Words Block="8" Page="209" />
  </Paragraph>
  <Paragraph>
    <Words Block="0" Page="210" />
  </Paragraph>
  <Paragraph>
    <Words Block="1" Page="210" />
  </Paragraph>
  <Paragraph>
    <Words Block="2" Page="210" />
  </Paragraph>
  <Paragraph>
    <Words Block="3" Page="210" />
  </Paragraph>
  <Paragraph>
    <Words Block="4" Page="210" />
  </Paragraph>
  <Paragraph>
    <Words Block="5" Page="210" />
  </Paragraph>
  <Paragraph>
    <Words Block="6" Page="210" />
  </Paragraph>
  <Paragraph>
    <Words Block="7" Page="210" />
  </Paragraph>
  <Paragraph>
    <Words Block="8" Page="210" />
  </Paragraph>
  <Paragraph>
    <Words Block="9" Page="210" />
  </Paragraph>
  <Paragraph>
    <Words Block="10" Page="210" />
  </Paragraph>
  <Paragraph>
    <Words Block="11" Page="210" />
    <Words Block="0" Page="211" />
  </Paragraph>
  <Paragraph>
    <Words Block="1" Page="211" />
  </Paragraph>
  <Paragraph>
    <Words Block="2" Page="211" />
  </Paragraph>
  <Paragraph>
    <Words Start="0" End="43" Block="3" Page="211" />
  </Paragraph>
  <Paragraph>
    <Words Start="44" End="78" Block="3" Page="211" />
  </Paragraph>
  <Paragraph>
    <Words Start="79" End="123" Block="3" Page="211" />
  </Paragraph>
  <Paragraph>
    <Words Start="124" End="207" Block="3" Page="211" />
  </Paragraph>
  <Paragraph>
    <Words Start="208" End="291" Block="3" Page="211" />
  </Paragraph>
  <Paragraph>
    <Words Start="292" End="295" Block="3" Page="211" />
  </Paragraph>
  <Paragraph>
    <Words Block="4" Page="211" />
  </Paragraph>
  <Paragraph>
    <Words Start="0" End="41" Block="5" Page="211" />
  </Paragraph>
  <Paragraph>
    <Words Start="42" End="91" Block="5" Page="211" />
  </Paragraph>
  <Paragraph>
    <Words Start="92" End="143" Block="5" Page="211" />
  </Paragraph>
  <Paragraph>
    <Words Block="0" Page="212" />
  </Paragraph>
  <Paragraph>
    <Words Block="1" Page="212" />
  </Paragraph>
  <Paragraph>
    <Words Block="2" Page="212" />
  </Paragraph>
  <Paragraph>
    <Words Block="3" Page="212" />
  </Paragraph>
  <Paragraph>
    <Words Block="4" Page="212" />
  </Paragraph>
  <Paragraph>
    <Words Block="5" Page="212" />
  </Paragraph>
  <Paragraph>
    <Words Block="6" Page="212" />
  </Paragraph>
  <Paragraph>
    <Words Block="7" Page="212" />
  </Paragraph>
  <Paragraph>
    <Words Block="8" Page="212" />
  </Paragraph>
  <Paragraph>
    <Words Block="9" Page="212" />
  </Paragraph>
  <Paragraph>
    <Words Block="10" Page="212" />
  </Paragraph>
  <Paragraph>
    <Words Block="0" Page="213" />
  </Paragraph>
  <Paragraph>
    <Words Block="1" Page="213" />
  </Paragraph>
  <Paragraph>
    <Words Block="2" Page="213" />
  </Paragraph>
  <Paragraph>
    <Words Block="3" Page="213" />
  </Paragraph>
  <Paragraph>
    <Words Block="4" Page="213" />
  </Paragraph>
  <Paragraph>
    <Words Block="5" Page="213" />
  </Paragraph>
  <Paragraph>
    <Words Block="6" Page="213" />
  </Paragraph>
  <Paragraph>
    <Words Block="0" Page="214" />
  </Paragraph>
  <Paragraph>
    <Words Block="1" Page="214" />
  </Paragraph>
  <Paragraph>
    <Words Block="2" Page="214" />
  </Paragraph>
  <Paragraph>
    <Words Block="3" Page="214" />
  </Paragraph>
  <Paragraph>
    <Words Block="4" Page="214" />
  </Paragraph>
  <Paragraph>
    <Words Block="5" Page="214" />
  </Paragraph>
  <Paragraph>
    <Words Block="6" Page="214" />
  </Paragraph>
  <Paragraph>
    <Words Block="7" Page="214" />
  </Paragraph>
  <Paragraph>
    <Words Block="8" Page="214" />
  </Paragraph>
  <Paragraph>
    <Words Block="9" Page="214" />
  </Paragraph>
  <Paragraph>
    <Words Block="10" Page="214" />
  </Paragraph>
  <Paragraph>
    <Words Block="0" Page="215" />
  </Paragraph>
  <Paragraph>
    <Words Block="1" Page="215" />
  </Paragraph>
  <Paragraph>
    <Words Block="2" Page="215" />
  </Paragraph>
  <Paragraph>
    <Words Block="3" Page="215" />
  </Paragraph>
  <Paragraph>
    <Words Block="4" Page="215" />
  </Paragraph>
  <Paragraph>
    <Words Block="5" Page="215" />
  </Paragraph>
  <Paragraph>
    <Words Block="6" Page="215" />
  </Paragraph>
  <Paragraph>
    <Words Start="0" End="11" Block="7" Page="215" />
  </Paragraph>
  <Paragraph>
    <Words Start="12" End="23" Block="7" Page="215" />
  </Paragraph>
  <Paragraph>
    <Words Block="8" Page="215" />
  </Paragraph>
  <Paragraph>
    <Words Block="9" Page="215" />
  </Paragraph>
  <Paragraph>
    <Words Block="10" Page="215" />
  </Paragraph>
  <Paragraph>
    <Words Block="0" Page="216" />
  </Paragraph>
  <Paragraph>
    <Words Block="1" Page="216" />
  </Paragraph>
  <Paragraph>
    <Words Block="2" Page="216" />
  </Paragraph>
  <Paragraph>
    <Words Block="3" Page="216" />
  </Paragraph>
  <Paragraph>
    <Words Block="4" Page="216" />
  </Paragraph>
  <Paragraph>
    <Words Block="5" Page="216" />
  </Paragraph>
  <Paragraph>
    <Words Block="6" Page="216" />
  </Paragraph>
  <Paragraph>
    <Words Block="7" Page="216" />
  </Paragraph>
  <Paragraph>
    <Words Block="8" Page="216" />
  </Paragraph>
  <Paragraph>
    <Words Block="9" Page="216" />
  </Paragraph>
  <Paragraph>
    <Words Block="10" Page="216" />
  </Paragraph>
  <Paragraph>
    <Words Block="11" Page="216" />
  </Paragraph>
  <Paragraph>
    <Words Block="0" Page="217" />
  </Paragraph>
  <Paragraph>
    <Words Start="0" End="66" Block="1" Page="217" />
  </Paragraph>
  <Paragraph>
    <Words Start="67" End="100" Block="1" Page="217" />
  </Paragraph>
  <Paragraph>
    <Words Block="2" Page="217" />
  </Paragraph>
  <Paragraph>
    <Words Block="3" Page="217" />
  </Paragraph>
  <Paragraph>
    <Words Block="4" Page="217" />
  </Paragraph>
  <Paragraph>
    <Words Block="5" Page="217" />
  </Paragraph>
  <Paragraph>
    <Words Block="6" Page="217" />
  </Paragraph>
  <Paragraph>
    <Words Block="7" Page="217" />
  </Paragraph>
  <Paragraph>
    <Words Block="8" Page="217" />
  </Paragraph>
  <Paragraph>
    <Words Block="9" Page="217" />
  </Paragraph>
  <Paragraph>
    <Words Block="10" Page="217" />
  </Paragraph>
  <Paragraph>
    <Words Block="0" Page="218" />
  </Paragraph>
  <Paragraph>
    <Words Block="1" Page="218" />
  </Paragraph>
  <Paragraph>
    <Words Block="2" Page="218" />
  </Paragraph>
  <Paragraph>
    <Words Block="3" Page="218" />
  </Paragraph>
  <Paragraph>
    <Words Block="4" Page="218" />
  </Paragraph>
  <Paragraph>
    <Words Block="5" Page="218" />
  </Paragraph>
  <Paragraph>
    <Words Block="6" Page="218" />
  </Paragraph>
  <Paragraph>
    <Words Block="7" Page="218" />
    <Words Block="8" Page="218" />
  </Paragraph>
  <Paragraph>
    <Words Block="9" Page="218" />
  </Paragraph>
  <Paragraph>
    <Words Start="0" End="45" Block="10" Page="218" />
  </Paragraph>
  <Paragraph>
    <Words Start="46" End="85" Block="10" Page="218" />
  </Paragraph>
  <Paragraph>
    <Words Block="0" Page="219" />
  </Paragraph>
  <Paragraph>
    <Words Block="1" Page="219" />
  </Paragraph>
  <Paragraph>
    <Words Start="0" End="74" Block="2" Page="219" />
  </Paragraph>
  <Paragraph>
    <Words Start="75" End="165" Block="2" Page="219" />
  </Paragraph>
  <Paragraph>
    <Words Block="3" Page="219" />
  </Paragraph>
  <Paragraph>
    <Words Block="4" Page="219" />
  </Paragraph>
  <Paragraph>
    <Words Block="5" Page="219" />
  </Paragraph>
  <Paragraph>
    <Words Block="6" Page="219" />
  </Paragraph>
  <Paragraph>
    <Words Block="7" Page="219" />
  </Paragraph>
  <Paragraph>
    <Words Block="8" Page="219" />
  </Paragraph>
  <Paragraph>
    <Words Start="0" End="18" Block="9" Page="219" />
  </Paragraph>
  <Paragraph>
    <Words Start="19" End="19" Block="9" Page="219" />
  </Paragraph>
  <Paragraph>
    <Words Start="20" End="60" Block="9" Page="219" />
  </Paragraph>
  <Paragraph>
    <Words Block="10" Page="219" />
  </Paragraph>
  <Paragraph>
    <Words Block="0" Page="220" />
  </Paragraph>
  <Paragraph>
    <Words Block="1" Page="220" />
  </Paragraph>
  <Paragraph>
    <Words Block="2" Page="220" />
  </Paragraph>
  <Paragraph>
    <Words Block="3" Page="220" />
  </Paragraph>
  <Paragraph>
    <Words Block="4" Page="220" />
  </Paragraph>
  <Paragraph>
    <Words Block="5" Page="220" />
  </Paragraph>
  <Paragraph>
    <Words Block="6" Page="220" />
    <Words Block="7" Page="220" />
    <Words Block="8" Page="220" />
  </Paragraph>
  <Paragraph>
    <Words Block="0" Page="221" />
  </Paragraph>
  <Paragraph>
    <Words Block="1" Page="221" />
  </Paragraph>
  <Paragraph>
    <Words Block="2" Page="221" />
  </Paragraph>
  <Paragraph>
    <Words Block="3" Page="221" />
  </Paragraph>
  <Paragraph>
    <Words Block="4" Page="221" />
  </Paragraph>
  <Paragraph>
    <Words Block="5" Page="221" />
  </Paragraph>
  <Paragraph>
    <Words Block="6" Page="221" />
  </Paragraph>
  <Paragraph>
    <Words Block="7" Page="221" />
  </Paragraph>
  <Paragraph>
    <Words Block="8" Page="221" />
  </Paragraph>
  <Paragraph>
    <Words Block="9" Page="221" />
  </Paragraph>
  <Paragraph>
    <Words Block="10" Page="221" />
  </Paragraph>
  <Paragraph>
    <Words Block="11" Page="221" />
  </Paragraph>
  <Paragraph>
    <Words Block="12" Page="221" />
  </Paragraph>
  <Paragraph>
    <Words Block="13" Page="221" />
  </Paragraph>
  <Paragraph>
    <Words Block="14" Page="221" />
  </Paragraph>
  <Paragraph>
    <Words Block="15" Page="221" />
  </Paragraph>
  <Paragraph>
    <Words Block="16" Page="221" />
  </Paragraph>
  <Paragraph>
    <Words Block="17" Page="221" />
  </Paragraph>
  <Paragraph>
    <Words Block="18" Page="221" />
  </Paragraph>
  <Paragraph>
    <Words Block="19" Page="221" />
  </Paragraph>
  <Paragraph>
    <Words Block="20" Page="221" />
  </Paragraph>
  <Paragraph>
    <Words Block="21" Page="221" />
  </Paragraph>
  <Paragraph>
    <Words Block="22" Page="221" />
    <Words Block="0" Page="222" />
  </Paragraph>
  <Paragraph>
    <Words Block="1" Page="222" />
  </Paragraph>
  <Paragraph>
    <Words Block="2" Page="222" />
  </Paragraph>
  <Paragraph>
    <Words Start="0" End="96" Block="3" Page="222" />
  </Paragraph>
  <Paragraph>
    <Words Start="97" End="133" Block="3" Page="222" />
  </Paragraph>
  <Paragraph>
    <Words Block="4" Page="222" />
  </Paragraph>
  <Paragraph>
    <Words Block="5" Page="222" />
  </Paragraph>
  <Paragraph>
    <Words Block="6" Page="222" />
  </Paragraph>
  <Paragraph>
    <Words Start="0" End="30" Block="7" Page="222" />
  </Paragraph>
  <Paragraph>
    <Words Start="31" End="95" Block="7" Page="222" />
  </Paragraph>
  <Paragraph>
    <Words Start="96" End="184" Block="7" Page="222" />
  </Paragraph>
  <Paragraph>
    <Words Start="185" End="196" Block="7" Page="222" />
  </Paragraph>
  <Paragraph>
    <Words Block="8" Page="222" />
  </Paragraph>
  <Paragraph>
    <Words Block="9" Page="222" />
  </Paragraph>
  <Paragraph>
    <Words Block="0" Page="223" />
  </Paragraph>
  <Paragraph>
    <Words Start="0" End="51" Block="1" Page="223" />
  </Paragraph>
  <Paragraph>
    <Words Start="52" End="106" Block="1" Page="223" />
  </Paragraph>
  <Paragraph>
    <Words Start="107" End="147" Block="1" Page="223" />
  </Paragraph>
  <Paragraph>
    <Words Block="2" Page="223" />
  </Paragraph>
  <Paragraph>
    <Words Start="0" End="15" Block="3" Page="223" />
  </Paragraph>
  <Paragraph>
    <Words Start="16" End="75" Block="3" Page="223" />
  </Paragraph>
  <Paragraph>
    <Words Start="76" End="180" Block="3" Page="223" />
  </Paragraph>
  <Paragraph>
    <Words Start="181" End="237" Block="3" Page="223" />
  </Paragraph>
  <Paragraph>
    <Words Start="238" End="291" Block="3" Page="223" />
    <Words Block="0" Page="224" />
  </Paragraph>
  <Paragraph>
    <Words Block="1" Page="224" />
  </Paragraph>
  <Paragraph>
    <Words Block="2" Page="224" />
  </Paragraph>
  <Paragraph>
    <Words Block="3" Page="224" />
  </Paragraph>
  <Paragraph>
    <Words Block="4" Page="224" />
  </Paragraph>
  <Paragraph>
    <Words Block="5" Page="224" />
    <Words Block="6" Page="224" />
    <Words Block="7" Page="224" />
    <Words Block="8" Page="224" />
    <Words Block="9" Page="224" />
    <Words Block="10" Page="224" />
    <Words Block="11" Page="224" />
    <Words Block="12" Page="224" />
  </Paragraph>
  <Paragraph>
    <Words Block="13" Page="224" />
  </Paragraph>
  <Paragraph>
    <Words Block="14" Page="224" />
  </Paragraph>
  <Paragraph>
    <Words Block="15" Page="224" />
  </Paragraph>
  <Paragraph>
    <Words Block="16" Page="224" />
  </Paragraph>
  <Paragraph>
    <Words Start="0" End="55" Block="17" Page="224" />
  </Paragraph>
  <Paragraph>
    <Words Start="56" End="59" Block="17" Page="224" />
  </Paragraph>
  <Paragraph>
    <Words Block="0" Page="225" />
  </Paragraph>
  <Paragraph>
    <Words Block="1" Page="225" />
  </Paragraph>
  <Paragraph>
    <Words Block="2" Page="225" />
  </Paragraph>
  <Paragraph>
    <Words Block="3" Page="225" />
  </Paragraph>
  <Paragraph>
    <Words Block="4" Page="225" />
  </Paragraph>
  <Paragraph>
    <Words Block="5" Page="225" />
  </Paragraph>
  <Paragraph>
    <Words Block="6" Page="225" />
  </Paragraph>
  <Paragraph>
    <Words Block="7" Page="225" />
  </Paragraph>
  <Paragraph>
    <Words Block="8" Page="225" />
  </Paragraph>
  <Paragraph>
    <Words Start="0" End="10" Block="9" Page="225" />
  </Paragraph>
  <Paragraph>
    <Words Start="11" End="47" Block="9" Page="225" />
  </Paragraph>
  <Paragraph>
    <Words Start="0" End="19" Block="10" Page="225" />
  </Paragraph>
  <Paragraph>
    <Words Start="20" End="25" Block="10" Page="225" />
  </Paragraph>
  <Paragraph>
    <Words Start="26" End="37" Block="10" Page="225" />
  </Paragraph>
  <Paragraph>
    <Words Block="11" Page="225" />
  </Paragraph>
  <Paragraph>
    <Words Block="12" Page="225" />
    <Words Block="0" Page="226" />
  </Paragraph>
  <Paragraph>
    <Words Start="0" End="18" Block="1" Page="226" />
  </Paragraph>
  <Paragraph>
    <Words Start="19" End="52" Block="1" Page="226" />
  </Paragraph>
  <Paragraph>
    <Words Block="2" Page="226" />
  </Paragraph>
  <Paragraph>
    <Words Block="3" Page="226" />
  </Paragraph>
  <Paragraph>
    <Words Block="4" Page="226" />
  </Paragraph>
  <Paragraph>
    <Words Block="5" Page="226" />
  </Paragraph>
  <Paragraph>
    <Words Start="0" End="60" Block="6" Page="226" />
  </Paragraph>
  <Paragraph>
    <Words Start="61" End="126" Block="6" Page="226" />
  </Paragraph>
  <Paragraph>
    <Words Start="127" End="217" Block="6" Page="226" />
  </Paragraph>
  <Paragraph>
    <Words Block="0" Page="227" />
  </Paragraph>
  <Paragraph>
    <Words Block="1" Page="227" />
  </Paragraph>
  <Paragraph>
    <Words Block="2" Page="227" />
  </Paragraph>
  <Paragraph>
    <Words Block="3" Page="227" />
  </Paragraph>
  <Paragraph>
    <Words Block="4" Page="227" />
  </Paragraph>
  <Paragraph>
    <Words Block="5" Page="227" />
  </Paragraph>
  <Paragraph>
    <Words Start="0" End="15" Block="6" Page="227" />
  </Paragraph>
  <Paragraph>
    <Words Start="16" End="16" Block="6" Page="227" />
  </Paragraph>
  <Paragraph>
    <Words Start="17" End="27" Block="6" Page="227" />
  </Paragraph>
  <Paragraph>
    <Words Block="7" Page="227" />
  </Paragraph>
  <Paragraph>
    <Words Block="8" Page="227" />
  </Paragraph>
  <Paragraph>
    <Words Block="9" Page="227" />
  </Paragraph>
  <Paragraph>
    <Words Block="10" Page="227" />
  </Paragraph>
  <Paragraph>
    <Words Block="11" Page="227" />
  </Paragraph>
  <Paragraph>
    <Words Block="12" Page="227" />
    <Words Block="0" Page="228" />
  </Paragraph>
  <Paragraph>
    <Words Block="1" Page="228" />
  </Paragraph>
  <Paragraph>
    <Words Block="2" Page="228" />
  </Paragraph>
  <Paragraph>
    <Words Start="0" End="90" Block="3" Page="228" />
  </Paragraph>
  <Paragraph>
    <Words Start="91" End="128" Block="3" Page="228" />
  </Paragraph>
  <Paragraph>
    <Words Start="129" End="137" Block="3" Page="228" />
  </Paragraph>
  <Paragraph>
    <Words Block="4" Page="228" />
  </Paragraph>
  <Paragraph>
    <Words Start="0" End="38" Block="5" Page="228" />
  </Paragraph>
  <Paragraph>
    <Words Start="39" End="106" Block="5" Page="228" />
  </Paragraph>
  <Paragraph>
    <Words Start="107" End="136" Block="5" Page="228" />
  </Paragraph>
  <Paragraph>
    <Words Start="137" End="275" Block="5" Page="228" />
  </Paragraph>
  <Paragraph>
    <Words Block="0" Page="229" />
  </Paragraph>
  <Paragraph>
    <Words Block="1" Page="229" />
  </Paragraph>
  <Paragraph>
    <Words Block="2" Page="229" />
  </Paragraph>
  <Paragraph>
    <Words Block="3" Page="229" />
  </Paragraph>
  <Paragraph>
    <Words Block="4" Page="229" />
  </Paragraph>
  <Paragraph>
    <Words Block="5" Page="229" />
  </Paragraph>
  <Paragraph>
    <Words Block="6" Page="229" />
  </Paragraph>
  <Paragraph>
    <Words Block="7" Page="229" />
  </Paragraph>
  <Paragraph>
    <Words Block="8" Page="229" />
  </Paragraph>
  <Paragraph>
    <Words Block="9" Page="229" />
  </Paragraph>
  <Paragraph>
    <Words Block="10" Page="229" />
  </Paragraph>
  <Paragraph>
    <Words Start="0" End="19" Block="11" Page="229" />
  </Paragraph>
  <Paragraph>
    <Words Start="20" End="125" Block="11" Page="229" />
  </Paragraph>
  <Paragraph>
    <Words Block="0" Page="230" />
  </Paragraph>
  <Paragraph>
    <Words Block="1" Page="230" />
  </Paragraph>
  <Paragraph>
    <Words Start="0" End="74" Block="2" Page="230" />
  </Paragraph>
  <Paragraph>
    <Words Start="75" End="171" Block="2" Page="230" />
  </Paragraph>
  <Paragraph>
    <Words Block="3" Page="230" />
  </Paragraph>
  <Paragraph>
    <Words Block="4" Page="230" />
  </Paragraph>
  <Paragraph>
    <Words Block="5" Page="230" />
  </Paragraph>
  <Paragraph>
    <Words Start="0" End="92" Block="6" Page="230" />
  </Paragraph>
  <Paragraph>
    <Words Start="93" End="174" Block="6" Page="230" />
  </Paragraph>
  <Paragraph>
    <Words Block="0" Page="231" />
  </Paragraph>
  <Paragraph>
    <Words Block="1" Page="231" />
  </Paragraph>
  <Paragraph>
    <Words Start="0" End="60" Block="2" Page="231" />
  </Paragraph>
  <Paragraph>
    <Words Start="61" End="86" Block="2" Page="231" />
  </Paragraph>
  <Paragraph>
    <Words Block="3" Page="231" />
  </Paragraph>
  <Paragraph>
    <Words Start="0" End="35" Block="4" Page="231" />
  </Paragraph>
  <Paragraph>
    <Words Start="36" End="50" Block="4" Page="231" />
  </Paragraph>
  <Paragraph>
    <Words Block="5" Page="231" />
  </Paragraph>
  <Paragraph>
    <Words Block="6" Page="231" />
  </Paragraph>
  <Paragraph>
    <Words Start="0" End="63" Block="7" Page="231" />
  </Paragraph>
  <Paragraph>
    <Words Start="64" End="87" Block="7" Page="231" />
  </Paragraph>
  <Paragraph>
    <Words Block="8" Page="231" />
  </Paragraph>
  <Paragraph>
    <Words Block="9" Page="231" />
  </Paragraph>
  <Paragraph>
    <Words Block="10" Page="231" />
  </Paragraph>
  <Paragraph>
    <Words Block="11" Page="231" />
  </Paragraph>
  <Paragraph>
    <Words Block="0" Page="232" />
  </Paragraph>
  <Paragraph>
    <Words Start="0" End="10" Block="1" Page="232" />
  </Paragraph>
  <Paragraph>
    <Words Start="11" End="37" Block="1" Page="232" />
  </Paragraph>
  <Paragraph>
    <Words Block="2" Page="232" />
  </Paragraph>
  <Paragraph>
    <Words Block="3" Page="232" />
  </Paragraph>
  <Paragraph>
    <Words Block="4" Page="232" />
  </Paragraph>
  <Paragraph>
    <Words Block="5" Page="232" />
  </Paragraph>
  <Paragraph>
    <Words Block="6" Page="232" />
  </Paragraph>
  <Paragraph>
    <Words Block="7" Page="232" />
  </Paragraph>
  <Paragraph>
    <Words Start="0" End="28" Block="8" Page="232" />
  </Paragraph>
  <Paragraph>
    <Words Start="29" End="29" Block="8" Page="232" />
  </Paragraph>
  <Paragraph>
    <Words Block="9" Page="232" />
  </Paragraph>
  <Paragraph>
    <Words Block="10" Page="232" />
  </Paragraph>
  <Paragraph>
    <Words Start="0" End="58" Block="11" Page="232" />
  </Paragraph>
  <Paragraph>
    <Words Start="59" End="97" Block="11" Page="232" />
    <Words Start="0" End="24" Block="0" Page="233" />
  </Paragraph>
  <Paragraph>
    <Words Start="25" End="89" Block="0" Page="233" />
  </Paragraph>
  <Paragraph>
    <Words Start="90" End="117" Block="0" Page="233" />
  </Paragraph>
  <Paragraph>
    <Words Block="1" Page="233" />
  </Paragraph>
  <Paragraph>
    <Words Start="0" End="95" Block="2" Page="233" />
  </Paragraph>
  <Paragraph>
    <Words Start="96" End="125" Block="2" Page="233" />
  </Paragraph>
  <Paragraph>
    <Words Block="3" Page="233" />
  </Paragraph>
  <Paragraph>
    <Words Block="4" Page="233" />
  </Paragraph>
  <Paragraph>
    <Words Start="0" End="72" Block="5" Page="233" />
  </Paragraph>
  <Paragraph>
    <Words Start="73" End="117" Block="5" Page="233" />
  </Paragraph>
  <Paragraph>
    <Words Start="118" End="161" Block="5" Page="233" />
  </Paragraph>
  <Paragraph>
    <Words Block="6" Page="233" />
  </Paragraph>
  <Paragraph>
    <Words Start="0" End="39" Block="7" Page="233" />
  </Paragraph>
  <Paragraph>
    <Words Start="40" End="57" Block="7" Page="233" />
    <Words Start="0" End="22" Block="0" Page="234" />
  </Paragraph>
  <Paragraph>
    <Words Start="23" End="47" Block="0" Page="234" />
  </Paragraph>
  <Paragraph>
    <Words Block="1" Page="234" />
  </Paragraph>
  <Paragraph>
    <Words Block="2" Page="234" />
  </Paragraph>
  <Paragraph>
    <Words Block="3" Page="234" />
  </Paragraph>
  <Paragraph>
    <Words Block="4" Page="234" />
  </Paragraph>
  <Paragraph>
    <Words Block="5" Page="234" />
  </Paragraph>
  <Paragraph>
    <Words Block="6" Page="234" />
  </Paragraph>
  <Paragraph>
    <Words Block="7" Page="234" />
  </Paragraph>
  <Paragraph>
    <Words Start="0" End="92" Block="8" Page="234" />
  </Paragraph>
  <Paragraph>
    <Words Start="93" End="116" Block="8" Page="234" />
  </Paragraph>
  <Paragraph>
    <Words Start="117" End="175" Block="8" Page="234" />
  </Paragraph>
  <Paragraph>
    <Words Start="176" End="216" Block="8" Page="234" />
  </Paragraph>
  <Paragraph>
    <Words Start="217" End="234" Block="8" Page="234" />
    <Words Start="0" End="50" Block="0" Page="235" />
  </Paragraph>
  <Paragraph>
    <Words Start="51" End="70" Block="0" Page="235" />
  </Paragraph>
  <Paragraph>
    <Words Start="71" End="89" Block="0" Page="235" />
  </Paragraph>
  <Paragraph>
    <Words Block="1" Page="235" />
  </Paragraph>
  <Paragraph>
    <Words Start="0" End="122" Block="2" Page="235" />
  </Paragraph>
  <Paragraph>
    <Words Start="123" End="172" Block="2" Page="235" />
  </Paragraph>
  <Paragraph>
    <Words Start="173" End="184" Block="2" Page="235" />
  </Paragraph>
  <Paragraph>
    <Words Start="185" End="256" Block="2" Page="235" />
  </Paragraph>
  <Paragraph>
    <Words Block="3" Page="235" />
  </Paragraph>
  <Paragraph>
    <Words Start="0" End="31" Block="4" Page="235" />
  </Paragraph>
  <Paragraph>
    <Words Start="32" End="113" Block="4" Page="235" />
  </Paragraph>
  <Paragraph>
    <Words Block="0" Page="236" />
  </Paragraph>
  <Paragraph>
    <Words Start="0" End="28" Block="1" Page="236" />
  </Paragraph>
  <Paragraph>
    <Words Start="29" End="96" Block="1" Page="236" />
  </Paragraph>
  <Paragraph>
    <Words Start="97" End="194" Block="1" Page="236" />
  </Paragraph>
  <Paragraph>
    <Words Block="2" Page="236" />
  </Paragraph>
  <Paragraph>
    <Words Block="3" Page="236" />
  </Paragraph>
  <Paragraph>
    <Words Block="4" Page="236" />
  </Paragraph>
  <Paragraph>
    <Words Block="5" Page="236" />
  </Paragraph>
  <Paragraph>
    <Words Block="6" Page="236" />
  </Paragraph>
  <Paragraph>
    <Words Block="7" Page="236" />
  </Paragraph>
  <Paragraph>
    <Words Start="0" End="34" Block="8" Page="236" />
  </Paragraph>
  <Paragraph>
    <Words Start="35" End="114" Block="8" Page="236" />
  </Paragraph>
  <Paragraph>
    <Words Start="115" End="209" Block="8" Page="236" />
  </Paragraph>
  <Paragraph>
    <Words Block="0" Page="237" />
  </Paragraph>
  <Paragraph>
    <Words Block="1" Page="237" />
  </Paragraph>
  <Paragraph>
    <Words Block="2" Page="237" />
  </Paragraph>
  <Paragraph>
    <Words Block="3" Page="237" />
  </Paragraph>
  <Paragraph>
    <Words Block="4" Page="237" />
  </Paragraph>
  <Paragraph>
    <Words Block="5" Page="237" />
  </Paragraph>
  <Paragraph>
    <Words Block="6" Page="237" />
  </Paragraph>
  <Paragraph>
    <Words Block="7" Page="237" />
  </Paragraph>
  <Paragraph>
    <Words Block="8" Page="237" />
  </Paragraph>
  <Paragraph>
    <Words Block="9" Page="237" />
  </Paragraph>
  <Paragraph>
    <Words Block="10" Page="237" />
  </Paragraph>
  <Paragraph>
    <Words Block="11" Page="237" />
  </Paragraph>
  <Paragraph>
    <Words Block="0" Page="238" />
  </Paragraph>
  <Paragraph>
    <Words Block="1" Page="238" />
  </Paragraph>
  <Paragraph>
    <Words Block="2" Page="238" />
  </Paragraph>
  <Paragraph>
    <Words Block="3" Page="238" />
  </Paragraph>
  <Paragraph>
    <Words Block="4" Page="238" />
  </Paragraph>
  <Paragraph>
    <Words Block="5" Page="238" />
  </Paragraph>
  <Paragraph>
    <Words Block="6" Page="238" />
  </Paragraph>
  <Paragraph>
    <Words Block="7" Page="238" />
  </Paragraph>
  <Paragraph>
    <Words Block="8" Page="238" />
  </Paragraph>
  <Paragraph>
    <Words Block="9" Page="238" />
  </Paragraph>
  <Paragraph>
    <Words Block="10" Page="238" />
  </Paragraph>
  <Paragraph>
    <Words Block="0" Page="239" />
  </Paragraph>
  <Paragraph>
    <Words Block="1" Page="239" />
  </Paragraph>
  <Paragraph>
    <Words Block="2" Page="239" />
  </Paragraph>
  <Paragraph>
    <Words Block="3" Page="239" />
  </Paragraph>
  <Paragraph>
    <Words Block="4" Page="239" />
  </Paragraph>
  <Paragraph>
    <Words Block="5" Page="239" />
  </Paragraph>
  <Paragraph>
    <Words Block="6" Page="239" />
  </Paragraph>
  <Paragraph>
    <Words Start="0" End="8" Block="7" Page="239" />
  </Paragraph>
  <Paragraph>
    <Words Start="9" End="12" Block="7" Page="239" />
  </Paragraph>
  <Paragraph>
    <Words Start="13" End="17" Block="7" Page="239" />
  </Paragraph>
  <Paragraph>
    <Words Block="8" Page="239" />
  </Paragraph>
  <Paragraph>
    <Words Block="9" Page="239" />
  </Paragraph>
  <Paragraph>
    <Words Block="10" Page="239" />
  </Paragraph>
  <Paragraph>
    <Words Block="11" Page="239" />
  </Paragraph>
  <Paragraph>
    <Words Block="12" Page="239" />
  </Paragraph>
  <Paragraph>
    <Words Block="0" Page="240" />
  </Paragraph>
  <Paragraph>
    <Words Block="1" Page="240" />
  </Paragraph>
  <Paragraph>
    <Words Block="2" Page="240" />
  </Paragraph>
  <Paragraph>
    <Words Block="3" Page="240" />
  </Paragraph>
  <Paragraph>
    <Words Block="4" Page="240" />
  </Paragraph>
  <Paragraph>
    <Words Block="5" Page="240" />
  </Paragraph>
  <Paragraph>
    <Words Block="6" Page="240" />
  </Paragraph>
  <Paragraph>
    <Words Start="0" End="5" Block="7" Page="240" />
  </Paragraph>
  <Paragraph>
    <Words Start="6" End="14" Block="7" Page="240" />
  </Paragraph>
  <Paragraph>
    <Words Start="15" End="17" Block="7" Page="240" />
  </Paragraph>
  <Paragraph>
    <Words Block="8" Page="240" />
  </Paragraph>
  <Paragraph>
    <Words Block="9" Page="240" />
  </Paragraph>
  <Paragraph>
    <Words Block="10" Page="240" />
  </Paragraph>
  <Paragraph>
    <Words Block="11" Page="240" />
  </Paragraph>
  <Paragraph>
    <Words Block="12" Page="240" />
  </Paragraph>
  <Paragraph>
    <Words Block="0" Page="241" />
  </Paragraph>
  <Paragraph>
    <Words Block="1" Page="241" />
  </Paragraph>
  <Paragraph>
    <Words Block="2" Page="241" />
  </Paragraph>
  <Paragraph>
    <Words Block="3" Page="241" />
  </Paragraph>
  <Paragraph>
    <Words Block="4" Page="241" />
  </Paragraph>
  <Paragraph>
    <Words Block="5" Page="241" />
  </Paragraph>
  <Paragraph>
    <Words Block="6" Page="241" />
  </Paragraph>
  <Paragraph>
    <Words Block="7" Page="241" />
  </Paragraph>
  <Paragraph>
    <Words Block="8" Page="241" />
  </Paragraph>
  <Paragraph>
    <Words Block="9" Page="241" />
  </Paragraph>
  <Paragraph>
    <Words Block="10" Page="241" />
  </Paragraph>
  <Paragraph>
    <Words Block="11" Page="241" />
  </Paragraph>
  <Paragraph>
    <Words Block="12" Page="241" />
  </Paragraph>
  <Paragraph>
    <Words Block="13" Page="241" />
  </Paragraph>
  <Paragraph>
    <Words Block="14" Page="241" />
  </Paragraph>
  <Paragraph>
    <Words Block="15" Page="241" />
  </Paragraph>
  <Paragraph>
    <Words Block="16" Page="241" />
  </Paragraph>
  <Paragraph>
    <Words Block="0" Page="242" />
  </Paragraph>
  <Paragraph>
    <Words Block="1" Page="242" />
  </Paragraph>
  <Paragraph>
    <Words Block="2" Page="242" />
  </Paragraph>
  <Paragraph>
    <Words Block="3" Page="242" />
  </Paragraph>
  <Paragraph>
    <Words Block="4" Page="242" />
  </Paragraph>
  <Paragraph>
    <Words Block="5" Page="242" />
  </Paragraph>
  <Paragraph>
    <Words Block="6" Page="242" />
  </Paragraph>
  <Paragraph>
    <Words Block="7" Page="242" />
  </Paragraph>
  <Paragraph>
    <Words Block="8" Page="242" />
  </Paragraph>
  <Paragraph>
    <Words Block="9" Page="242" />
  </Paragraph>
  <Paragraph>
    <Words Block="10" Page="242" />
  </Paragraph>
  <Paragraph>
    <Words Block="11" Page="242" />
  </Paragraph>
  <Paragraph>
    <Words Block="12" Page="242" />
  </Paragraph>
  <Paragraph>
    <Words Block="0" Page="243" />
  </Paragraph>
  <Paragraph>
    <Words Block="1" Page="243" />
  </Paragraph>
  <Paragraph>
    <Words Block="2" Page="243" />
  </Paragraph>
  <Paragraph>
    <Words Block="3" Page="243" />
  </Paragraph>
  <Paragraph>
    <Words Start="0" End="40" Block="4" Page="243" />
  </Paragraph>
  <Paragraph>
    <Words Start="41" End="94" Block="4" Page="243" />
  </Paragraph>
  <Paragraph>
    <Words Start="95" End="146" Block="4" Page="243" />
  </Paragraph>
  <Paragraph>
    <Words Block="5" Page="243" />
  </Paragraph>
  <Paragraph>
    <Words Block="6" Page="243" />
  </Paragraph>
  <Paragraph>
    <Words Block="7" Page="243" />
  </Paragraph>
  <Paragraph>
    <Words Start="0" End="33" Block="8" Page="243" />
  </Paragraph>
  <Paragraph>
    <Words Start="34" End="39" Block="8" Page="243" />
  </Paragraph>
  <Paragraph>
    <Words Start="40" End="55" Block="8" Page="243" />
  </Paragraph>
  <Paragraph>
    <Words Block="9" Page="243" />
  </Paragraph>
  <Paragraph>
    <Words Block="0" Page="244" />
  </Paragraph>
  <Paragraph>
    <Words Block="1" Page="244" />
  </Paragraph>
  <Paragraph>
    <Words Block="2" Page="244" />
  </Paragraph>
  <Paragraph>
    <Words Block="3" Page="244" />
  </Paragraph>
  <Paragraph>
    <Words Block="4" Page="244" />
  </Paragraph>
  <Paragraph>
    <Words Block="5" Page="244" />
  </Paragraph>
  <Paragraph>
    <Words Block="6" Page="244" />
  </Paragraph>
  <Paragraph>
    <Words Block="7" Page="244" />
  </Paragraph>
  <Paragraph>
    <Words Block="8" Page="244" />
  </Paragraph>
  <Paragraph>
    <Words Start="0" End="81" Block="9" Page="244" />
  </Paragraph>
  <Paragraph>
    <Words Start="82" End="102" Block="9" Page="244" />
  </Paragraph>
  <Paragraph>
    <Words Block="0" Page="245" />
  </Paragraph>
  <Paragraph>
    <Words Block="1" Page="245" />
  </Paragraph>
  <Paragraph>
    <Words Block="2" Page="245" />
  </Paragraph>
  <Paragraph>
    <Words Block="3" Page="245" />
  </Paragraph>
  <Paragraph>
    <Words Block="4" Page="245" />
  </Paragraph>
  <Paragraph>
    <Words Block="5" Page="245" />
  </Paragraph>
  <Paragraph>
    <Words Start="0" End="53" Block="6" Page="245" />
  </Paragraph>
  <Paragraph>
    <Words Start="54" End="61" Block="6" Page="245" />
  </Paragraph>
  <Paragraph>
    <Words Block="7" Page="245" />
  </Paragraph>
  <Paragraph>
    <Words Block="8" Page="245" />
  </Paragraph>
  <Paragraph>
    <Words Block="9" Page="245" />
  </Paragraph>
  <Paragraph>
    <Words Block="10" Page="245" />
  </Paragraph>
  <Paragraph>
    <Words Block="11" Page="245" />
    <Words Block="0" Page="246" />
  </Paragraph>
  <Paragraph>
    <Words Block="1" Page="246" />
  </Paragraph>
  <Paragraph>
    <Words Block="2" Page="246" />
  </Paragraph>
  <Paragraph>
    <Words Block="3" Page="246" />
    <Words Block="4" Page="246" />
  </Paragraph>
  <Paragraph>
    <Words Block="5" Page="246" />
  </Paragraph>
  <Paragraph>
    <Words Start="0" End="47" Block="6" Page="246" />
  </Paragraph>
  <Paragraph>
    <Words Start="48" End="100" Block="6" Page="246" />
  </Paragraph>
  <Paragraph>
    <Words Block="7" Page="246" />
  </Paragraph>
  <Paragraph>
    <Words Start="0" End="30" Block="8" Page="246" />
  </Paragraph>
  <Paragraph>
    <Words Start="31" End="107" Block="8" Page="246" />
  </Paragraph>
  <Paragraph>
    <Words Block="0" Page="247" />
  </Paragraph>
  <Paragraph>
    <Words Block="1" Page="247" />
  </Paragraph>
  <Paragraph>
    <Words Block="2" Page="247" />
  </Paragraph>
  <Paragraph>
    <Words Block="3" Page="247" />
  </Paragraph>
  <Paragraph>
    <Words Block="4" Page="247" />
  </Paragraph>
  <Paragraph>
    <Words Block="5" Page="247" />
  </Paragraph>
  <Paragraph>
    <Words Block="6" Page="247" />
  </Paragraph>
  <Paragraph>
    <Words Block="7" Page="247" />
  </Paragraph>
  <Paragraph>
    <Words Block="8" Page="247" />
  </Paragraph>
  <Paragraph>
    <Words Block="9" Page="247" />
  </Paragraph>
  <Paragraph>
    <Words Block="10" Page="247" />
  </Paragraph>
  <Paragraph>
    <Words Block="11" Page="247" />
  </Paragraph>
  <Paragraph>
    <Words Start="0" End="21" Block="12" Page="247" />
  </Paragraph>
  <Paragraph>
    <Words Start="22" End="22" Block="12" Page="247" />
  </Paragraph>
  <Paragraph>
    <Words Start="23" End="33" Block="12" Page="247" />
  </Paragraph>
  <Paragraph>
    <Words Block="13" Page="247" />
    <Words Block="0" Page="248" />
  </Paragraph>
  <Paragraph>
    <Words Block="1" Page="248" />
  </Paragraph>
  <Paragraph>
    <Words Block="2" Page="248" />
  </Paragraph>
  <Paragraph>
    <Words Block="3" Page="248" />
  </Paragraph>
  <Paragraph>
    <Words Block="4" Page="248" />
  </Paragraph>
  <Paragraph>
    <Words Block="5" Page="248" />
  </Paragraph>
  <Paragraph>
    <Words Block="6" Page="248" />
  </Paragraph>
  <Paragraph>
    <Words Block="7" Page="248" />
  </Paragraph>
  <Paragraph>
    <Words Block="8" Page="248" />
  </Paragraph>
  <Paragraph>
    <Words Start="0" End="49" Block="9" Page="248" />
  </Paragraph>
  <Paragraph>
    <Words Start="50" End="82" Block="9" Page="248" />
    <Words Block="0" Page="249" />
  </Paragraph>
  <Paragraph>
    <Words Block="1" Page="249" />
  </Paragraph>
  <Paragraph>
    <Words Start="0" End="5" Block="2" Page="249" />
  </Paragraph>
  <Paragraph>
    <Words Start="6" End="15" Block="2" Page="249" />
  </Paragraph>
  <Paragraph>
    <Words Block="3" Page="249" />
  </Paragraph>
  <Paragraph>
    <Words Block="4" Page="249" />
  </Paragraph>
  <Paragraph>
    <Words Block="5" Page="249" />
  </Paragraph>
  <Paragraph>
    <Words Block="6" Page="249" />
  </Paragraph>
  <Paragraph>
    <Words Block="7" Page="249" />
  </Paragraph>
  <Paragraph>
    <Words Block="8" Page="249" />
  </Paragraph>
  <Paragraph>
    <Words Block="9" Page="249" />
  </Paragraph>
  <Paragraph>
    <Words Block="10" Page="249" />
  </Paragraph>
  <Paragraph>
    <Words Block="11" Page="249" />
  </Paragraph>
  <Paragraph>
    <Words Block="12" Page="249" />
  </Paragraph>
  <Paragraph>
    <Words Block="0" Page="250" />
  </Paragraph>
  <Paragraph>
    <Words Block="1" Page="250" />
  </Paragraph>
  <Paragraph>
    <Words Block="2" Page="250" />
  </Paragraph>
  <Paragraph>
    <Words Block="3" Page="250" />
  </Paragraph>
  <Paragraph>
    <Words Block="4" Page="250" />
  </Paragraph>
  <Paragraph>
    <Words Block="5" Page="250" />
  </Paragraph>
  <Paragraph>
    <Words Block="6" Page="250" />
  </Paragraph>
  <Paragraph>
    <Words Block="7" Page="250" />
  </Paragraph>
  <Paragraph>
    <Words Block="8" Page="250" />
  </Paragraph>
  <Paragraph>
    <Words Block="9" Page="250" />
  </Paragraph>
  <Paragraph>
    <Words Block="10" Page="250" />
  </Paragraph>
  <Paragraph>
    <Words Block="11" Page="250" />
  </Paragraph>
  <Paragraph>
    <Words Block="12" Page="250" />
  </Paragraph>
  <Paragraph>
    <Words Block="13" Page="250" />
  </Paragraph>
  <Paragraph>
    <Words Block="14" Page="250" />
  </Paragraph>
  <Paragraph>
    <Words Block="15" Page="250" />
  </Paragraph>
  <Paragraph>
    <Words Block="0" Page="251" />
  </Paragraph>
  <Paragraph>
    <Words Block="1" Page="251" />
  </Paragraph>
  <Paragraph>
    <Words Block="2" Page="251" />
  </Paragraph>
  <Paragraph>
    <Words Block="3" Page="251" />
  </Paragraph>
  <Paragraph>
    <Words Block="4" Page="251" />
  </Paragraph>
  <Paragraph>
    <Words Start="0" End="79" Block="5" Page="251" />
  </Paragraph>
  <Paragraph>
    <Words Start="80" End="120" Block="5" Page="251" />
  </Paragraph>
  <Paragraph>
    <Words Start="121" End="167" Block="5" Page="251" />
  </Paragraph>
  <Paragraph>
    <Words Block="0" Page="252" />
  </Paragraph>
  <Paragraph>
    <Words Block="1" Page="252" />
  </Paragraph>
  <Paragraph>
    <Words Block="2" Page="252" />
  </Paragraph>
  <Paragraph>
    <Words Block="3" Page="252" />
  </Paragraph>
  <Paragraph>
    <Words Block="4" Page="252" />
  </Paragraph>
  <Paragraph>
    <Words Block="5" Page="252" />
  </Paragraph>
  <Paragraph>
    <Words Block="6" Page="252" />
  </Paragraph>
  <Paragraph>
    <Words Block="7" Page="252" />
  </Paragraph>
  <Paragraph>
    <Words Block="8" Page="252" />
  </Paragraph>
  <Paragraph>
    <Words Start="0" End="36" Block="9" Page="252" />
  </Paragraph>
  <Paragraph>
    <Words Start="37" End="38" Block="9" Page="252" />
  </Paragraph>
  <Paragraph>
    <Words Block="10" Page="252" />
  </Paragraph>
  <Paragraph>
    <Words Block="11" Page="252" />
  </Paragraph>
  <Paragraph>
    <Words Block="12" Page="252" />
  </Paragraph>
  <Paragraph>
    <Words Block="13" Page="252" />
  </Paragraph>
  <Paragraph>
    <Words Block="0" Page="253" />
  </Paragraph>
  <Paragraph>
    <Words Block="1" Page="253" />
  </Paragraph>
  <Paragraph>
    <Words Block="2" Page="253" />
  </Paragraph>
  <Paragraph>
    <Words Block="3" Page="253" />
  </Paragraph>
  <Paragraph>
    <Words Block="4" Page="253" />
  </Paragraph>
  <Paragraph>
    <Words Block="5" Page="253" />
  </Paragraph>
  <Paragraph>
    <Words Start="0" End="40" Block="6" Page="253" />
  </Paragraph>
  <Paragraph>
    <Words Start="41" End="66" Block="6" Page="253" />
  </Paragraph>
  <Paragraph>
    <Words Start="0" End="84" Block="7" Page="253" />
  </Paragraph>
  <Paragraph>
    <Words Start="85" End="99" Block="7" Page="253" />
  </Paragraph>
  <Paragraph>
    <Words Block="8" Page="253" />
  </Paragraph>
  <Paragraph>
    <Words Block="9" Page="253" />
    <Words Block="0" Page="254" />
    <Words Block="1" Page="254" />
  </Paragraph>
  <Paragraph>
    <Words Block="2" Page="254" />
  </Paragraph>
  <Paragraph>
    <Words Block="3" Page="254" />
  </Paragraph>
  <Paragraph>
    <Words Start="0" End="75" Block="4" Page="254" />
  </Paragraph>
  <Paragraph>
    <Words Start="76" End="178" Block="4" Page="254" />
  </Paragraph>
  <Paragraph>
    <Words Start="179" End="217" Block="4" Page="254" />
  </Paragraph>
  <Paragraph>
    <Words Start="218" End="255" Block="4" Page="254" />
  </Paragraph>
  <Paragraph>
    <Words Start="256" End="286" Block="4" Page="254" />
  </Paragraph>
  <Paragraph>
    <Words Block="5" Page="254" />
  </Paragraph>
  <Paragraph>
    <Words Block="6" Page="254" />
  </Paragraph>
  <Paragraph>
    <Words Block="0" Page="255" />
  </Paragraph>
  <Paragraph>
    <Words Start="0" End="100" Block="1" Page="255" />
  </Paragraph>
  <Paragraph>
    <Words Start="101" End="182" Block="1" Page="255" />
  </Paragraph>
  <Paragraph>
    <Words Start="183" End="221" Block="1" Page="255" />
  </Paragraph>
  <Paragraph>
    <Words Block="2" Page="255" />
  </Paragraph>
  <Paragraph>
    <Words Block="3" Page="255" />
  </Paragraph>
  <Paragraph>
    <Words Block="4" Page="255" />
  </Paragraph>
  <Paragraph>
    <Words Block="5" Page="255" />
  </Paragraph>
  <Paragraph>
    <Words Start="0" End="49" Block="6" Page="255" />
  </Paragraph>
  <Paragraph>
    <Words Start="50" End="139" Block="6" Page="255" />
  </Paragraph>
  <Paragraph>
    <Words Start="140" End="153" Block="6" Page="255" />
    <Words Block="0" Page="256" />
  </Paragraph>
  <Paragraph>
    <Words Block="1" Page="256" />
  </Paragraph>
  <Paragraph>
    <Words Start="0" End="87" Block="2" Page="256" />
  </Paragraph>
  <Paragraph>
    <Words Start="88" End="134" Block="2" Page="256" />
  </Paragraph>
  <Paragraph>
    <Words Start="135" End="135" Block="2" Page="256" />
  </Paragraph>
  <Paragraph>
    <Words Block="3" Page="256" />
  </Paragraph>
  <Paragraph>
    <Words Block="4" Page="256" />
  </Paragraph>
  <Paragraph>
    <Words Block="5" Page="256" />
  </Paragraph>
  <Paragraph>
    <Words Block="6" Page="256" />
  </Paragraph>
  <Paragraph>
    <Words Start="0" End="67" Block="7" Page="256" />
  </Paragraph>
  <Paragraph>
    <Words Start="68" End="172" Block="7" Page="256" />
  </Paragraph>
  <Paragraph>
    <Words Block="0" Page="257" />
  </Paragraph>
  <Paragraph>
    <Words Block="1" Page="257" />
  </Paragraph>
  <Paragraph>
    <Words Block="2" Page="257" />
  </Paragraph>
  <Paragraph>
    <Words Start="0" End="35" Block="3" Page="257" />
  </Paragraph>
  <Paragraph>
    <Words Start="36" End="75" Block="3" Page="257" />
  </Paragraph>
  <Paragraph>
    <Words Start="76" End="178" Block="3" Page="257" />
  </Paragraph>
  <Paragraph>
    <Words Block="4" Page="257" />
  </Paragraph>
  <Paragraph>
    <Words Start="0" End="141" Block="5" Page="257" />
  </Paragraph>
  <Paragraph>
    <Words Start="142" End="285" Block="5" Page="257" />
  </Paragraph>
  <Paragraph>
    <Words Block="0" Page="258" />
  </Paragraph>
  <Paragraph>
    <Words Block="1" Page="258" />
  </Paragraph>
  <Paragraph>
    <Words Start="0" End="86" Block="2" Page="258" />
  </Paragraph>
  <Paragraph>
    <Words Start="87" End="135" Block="2" Page="258" />
  </Paragraph>
  <Paragraph>
    <Words Block="3" Page="258" />
  </Paragraph>
  <Paragraph>
    <Words Block="4" Page="258" />
  </Paragraph>
  <Paragraph>
    <Words Block="5" Page="258" />
  </Paragraph>
  <Paragraph>
    <Words Block="6" Page="258" />
  </Paragraph>
  <Paragraph>
    <Words Block="7" Page="258" />
  </Paragraph>
  <Paragraph>
    <Words Start="0" End="8" Block="8" Page="258" />
  </Paragraph>
  <Paragraph>
    <Words Start="9" End="47" Block="8" Page="258" />
  </Paragraph>
  <Paragraph>
    <Words Block="9" Page="258" />
  </Paragraph>
  <Paragraph>
    <Words Block="10" Page="258" />
  </Paragraph>
  <Paragraph>
    <Words Start="0" End="103" Block="0" Page="259" />
  </Paragraph>
  <Paragraph>
    <Words Start="104" End="112" Block="0" Page="259" />
  </Paragraph>
  <Paragraph>
    <Words Block="1" Page="259" />
  </Paragraph>
  <Paragraph>
    <Words Block="2" Page="259" />
  </Paragraph>
  <Paragraph>
    <Words Block="3" Page="259" />
  </Paragraph>
  <Paragraph>
    <Words Block="4" Page="259" />
  </Paragraph>
  <Paragraph>
    <Words Block="5" Page="259" />
  </Paragraph>
  <Paragraph>
    <Words Start="0" End="56" Block="6" Page="259" />
  </Paragraph>
  <Paragraph>
    <Words Start="57" End="77" Block="6" Page="259" />
  </Paragraph>
  <Paragraph>
    <Words Start="78" End="78" Block="6" Page="259" />
  </Paragraph>
  <Paragraph>
    <Words Start="79" End="99" Block="6" Page="259" />
  </Paragraph>
  <Paragraph>
    <Words Start="100" End="122" Block="6" Page="259" />
  </Paragraph>
  <Paragraph>
    <Words Start="123" End="136" Block="6" Page="259" />
  </Paragraph>
  <Paragraph>
    <Words Start="137" End="137" Block="6" Page="259" />
  </Paragraph>
  <Paragraph>
    <Words Block="7" Page="259" />
  </Paragraph>
  <Paragraph>
    <Words Block="0" Page="260" />
  </Paragraph>
  <Paragraph>
    <Words Block="1" Page="260" />
  </Paragraph>
  <Paragraph>
    <Words Block="2" Page="260" />
  </Paragraph>
  <Paragraph>
    <Words Block="3" Page="260" />
  </Paragraph>
  <Paragraph>
    <Words Block="4" Page="260" />
  </Paragraph>
  <Paragraph>
    <Words Start="0" End="45" Block="5" Page="260" />
  </Paragraph>
  <Paragraph>
    <Words Start="46" End="94" Block="5" Page="260" />
  </Paragraph>
  <Paragraph>
    <Words Block="6" Page="260" />
  </Paragraph>
  <Paragraph>
    <Words Block="7" Page="260" />
  </Paragraph>
  <Paragraph>
    <Words Block="8" Page="260" />
  </Paragraph>
  <Paragraph>
    <Words Block="9" Page="260" />
  </Paragraph>
  <Paragraph>
    <Words Start="0" End="8" Block="0" Page="261" />
  </Paragraph>
  <Paragraph>
    <Words Start="9" End="55" Block="0" Page="261" />
  </Paragraph>
  <Paragraph>
    <Words Block="1" Page="261" />
  </Paragraph>
  <Paragraph>
    <Words Block="2" Page="261" />
  </Paragraph>
  <Paragraph>
    <Words Start="0" End="103" Block="3" Page="261" />
  </Paragraph>
  <Paragraph>
    <Words Start="104" End="110" Block="3" Page="261" />
  </Paragraph>
  <Paragraph>
    <Words Block="4" Page="261" />
  </Paragraph>
  <Paragraph>
    <Words Block="5" Page="261" />
  </Paragraph>
  <Paragraph>
    <Words Block="6" Page="261" />
  </Paragraph>
  <Paragraph>
    <Words Block="7" Page="261" />
  </Paragraph>
  <Paragraph>
    <Words Block="8" Page="261" />
  </Paragraph>
  <Paragraph>
    <Words Start="0" End="55" Block="0" Page="262" />
  </Paragraph>
  <Paragraph>
    <Words Start="56" End="76" Block="0" Page="262" />
  </Paragraph>
  <Paragraph>
    <Words Start="77" End="77" Block="0" Page="262" />
  </Paragraph>
  <Paragraph>
    <Words Start="78" End="98" Block="0" Page="262" />
  </Paragraph>
  <Paragraph>
    <Words Start="99" End="120" Block="0" Page="262" />
  </Paragraph>
  <Paragraph>
    <Words Start="121" End="133" Block="0" Page="262" />
  </Paragraph>
  <Paragraph>
    <Words Start="134" End="134" Block="0" Page="262" />
  </Paragraph>
  <Paragraph>
    <Words Block="1" Page="262" />
  </Paragraph>
  <Paragraph>
    <Words Block="2" Page="262" />
  </Paragraph>
  <Paragraph>
    <Words Block="3" Page="262" />
  </Paragraph>
  <Paragraph>
    <Words Block="4" Page="262" />
  </Paragraph>
  <Paragraph>
    <Words Block="0" Page="263" />
  </Paragraph>
  <Paragraph>
    <Words Block="1" Page="263" />
  </Paragraph>
  <Paragraph>
    <Words Block="2" Page="263" />
  </Paragraph>
  <Paragraph>
    <Words Block="3" Page="263" />
  </Paragraph>
  <Paragraph>
    <Words Block="4" Page="263" />
  </Paragraph>
  <Paragraph>
    <Words Start="0" End="20" Block="5" Page="263" />
  </Paragraph>
  <Paragraph>
    <Words Start="21" End="30" Block="5" Page="263" />
  </Paragraph>
  <Paragraph>
    <Words Start="0" End="41" Block="6" Page="263" />
  </Paragraph>
  <Paragraph>
    <Words Start="42" End="60" Block="6" Page="263" />
  </Paragraph>
  <Paragraph>
    <Words Block="7" Page="263" />
  </Paragraph>
  <Paragraph>
    <Words Block="8" Page="263" />
  </Paragraph>
  <Paragraph>
    <Words Block="9" Page="263" />
  </Paragraph>
  <Paragraph>
    <Words Block="10" Page="263" />
  </Paragraph>
  <Paragraph>
    <Words Block="11" Page="263" />
  </Paragraph>
  <Paragraph>
    <Words Start="0" End="13" Block="12" Page="263" />
  </Paragraph>
  <Paragraph>
    <Words Start="14" End="14" Block="12" Page="263" />
  </Paragraph>
  <Paragraph>
    <Words Block="0" Page="264" />
  </Paragraph>
  <Paragraph>
    <Words Block="1" Page="264" />
  </Paragraph>
  <Paragraph>
    <Words Block="2" Page="264" />
  </Paragraph>
  <Paragraph>
    <Words Block="3" Page="264" />
  </Paragraph>
  <Paragraph>
    <Words Block="4" Page="264" />
  </Paragraph>
  <Paragraph>
    <Words Start="0" End="18" Block="5" Page="264" />
  </Paragraph>
  <Paragraph>
    <Words Start="19" End="40" Block="5" Page="264" />
  </Paragraph>
  <Paragraph>
    <Words Start="41" End="41" Block="5" Page="264" />
  </Paragraph>
  <Paragraph>
    <Words Start="42" End="58" Block="5" Page="264" />
  </Paragraph>
  <Paragraph>
    <Words Start="59" End="67" Block="5" Page="264" />
  </Paragraph>
  <Paragraph>
    <Words Start="0" End="20" Block="6" Page="264" />
  </Paragraph>
  <Paragraph>
    <Words Start="21" End="31" Block="6" Page="264" />
  </Paragraph>
  <Paragraph>
    <Words Block="7" Page="264" />
  </Paragraph>
  <Paragraph>
    <Words Block="8" Page="264" />
  </Paragraph>
  <Paragraph>
    <Words Block="9" Page="264" />
  </Paragraph>
  <Paragraph>
    <Words Block="10" Page="264" />
  </Paragraph>
  <Paragraph>
    <Words Block="11" Page="264" />
  </Paragraph>
  <Paragraph>
    <Words Block="12" Page="264" />
  </Paragraph>
  <Paragraph>
    <Words Block="0" Page="265" />
  </Paragraph>
  <Paragraph>
    <Words Start="0" End="19" Block="1" Page="265" />
  </Paragraph>
  <Paragraph>
    <Words Start="20" End="40" Block="1" Page="265" />
  </Paragraph>
  <Paragraph>
    <Words Start="41" End="60" Block="1" Page="265" />
  </Paragraph>
  <Paragraph>
    <Words Start="0" End="39" Block="2" Page="265" />
  </Paragraph>
  <Paragraph>
    <Words Start="40" End="45" Block="2" Page="265" />
  </Paragraph>
  <Paragraph>
    <Words Block="3" Page="265" />
  </Paragraph>
  <Paragraph>
    <Words Block="4" Page="265" />
  </Paragraph>
  <Paragraph>
    <Words Block="5" Page="265" />
  </Paragraph>
  <Paragraph>
    <Words Block="6" Page="265" />
  </Paragraph>
  <Paragraph>
    <Words Block="7" Page="265" />
  </Paragraph>
  <Paragraph>
    <Words Block="8" Page="265" />
  </Paragraph>
  <Paragraph>
    <Words Block="9" Page="265" />
  </Paragraph>
  <Paragraph>
    <Words Block="10" Page="265" />
  </Paragraph>
  <Paragraph>
    <Words Block="11" Page="265" />
    <Words Block="0" Page="266" />
  </Paragraph>
  <Paragraph>
    <Words Block="1" Page="266" />
  </Paragraph>
  <Paragraph>
    <Words Block="2" Page="266" />
  </Paragraph>
  <Paragraph>
    <Words Block="3" Page="266" />
  </Paragraph>
  <Paragraph>
    <Words Start="0" End="56" Block="4" Page="266" />
  </Paragraph>
  <Paragraph>
    <Words Start="57" End="64" Block="4" Page="266" />
  </Paragraph>
  <Paragraph>
    <Words Block="5" Page="266" />
  </Paragraph>
  <Paragraph>
    <Words Block="6" Page="266" />
  </Paragraph>
  <Paragraph>
    <Words Block="7" Page="266" />
  </Paragraph>
  <Paragraph>
    <Words Block="8" Page="266" />
  </Paragraph>
  <Paragraph>
    <Words Block="9" Page="266" />
  </Paragraph>
  <Paragraph>
    <Words Block="10" Page="266" />
  </Paragraph>
  <Paragraph>
    <Words Block="11" Page="266" />
  </Paragraph>
  <Paragraph>
    <Words Block="0" Page="267" />
  </Paragraph>
  <Paragraph>
    <Words Block="1" Page="267" />
  </Paragraph>
  <Paragraph>
    <Words Block="2" Page="267" />
  </Paragraph>
  <Paragraph>
    <Words Block="3" Page="267" />
  </Paragraph>
  <Paragraph>
    <Words Start="0" End="8" Block="4" Page="267" />
  </Paragraph>
  <Paragraph>
    <Words Start="9" End="40" Block="4" Page="267" />
  </Paragraph>
  <Paragraph>
    <Words Block="5" Page="267" />
  </Paragraph>
  <Paragraph>
    <Words Block="6" Page="267" />
  </Paragraph>
  <Paragraph>
    <Words Block="7" Page="267" />
  </Paragraph>
  <Paragraph>
    <Words Block="8" Page="267" />
  </Paragraph>
  <Paragraph>
    <Words Block="9" Page="267" />
  </Paragraph>
  <Paragraph>
    <Words Block="0" Page="268" />
  </Paragraph>
  <Paragraph>
    <Words Block="1" Page="268" />
  </Paragraph>
  <Paragraph>
    <Words Start="0" End="70" Block="2" Page="268" />
  </Paragraph>
  <Paragraph>
    <Words Start="71" End="103" Block="2" Page="268" />
  </Paragraph>
  <Paragraph>
    <Words Block="3" Page="268" />
  </Paragraph>
  <Paragraph>
    <Words Block="4" Page="268" />
  </Paragraph>
  <Paragraph>
    <Words Block="5" Page="268" />
  </Paragraph>
  <Paragraph>
    <Words Block="6" Page="268" />
  </Paragraph>
  <Paragraph>
    <Words Block="7" Page="268" />
  </Paragraph>
  <Paragraph>
    <Words Start="0" End="8" Block="8" Page="268" />
  </Paragraph>
  <Paragraph>
    <Words Start="9" End="56" Block="8" Page="268" />
  </Paragraph>
  <Paragraph>
    <Words Start="57" End="61" Block="8" Page="268" />
  </Paragraph>
  <Paragraph>
    <Words Start="62" End="82" Block="8" Page="268" />
  </Paragraph>
  <Paragraph>
    <Words Block="9" Page="268" />
  </Paragraph>
  <Paragraph>
    <Words Block="10" Page="268" />
  </Paragraph>
  <Paragraph>
    <Words Start="0" End="103" Block="0" Page="269" />
  </Paragraph>
  <Paragraph>
    <Words Start="104" End="156" Block="0" Page="269" />
  </Paragraph>
  <Paragraph>
    <Words Block="1" Page="269" />
  </Paragraph>
  <Paragraph>
    <Words Block="2" Page="269" />
  </Paragraph>
  <Paragraph>
    <Words Block="3" Page="269" />
  </Paragraph>
  <Paragraph>
    <Words Block="4" Page="269" />
  </Paragraph>
  <Paragraph>
    <Words Block="5" Page="269" />
  </Paragraph>
  <Paragraph>
    <Words Start="0" End="37" Block="6" Page="269" />
  </Paragraph>
  <Paragraph>
    <Words Start="38" End="77" Block="6" Page="269" />
  </Paragraph>
  <Paragraph>
    <Words Start="78" End="115" Block="6" Page="269" />
  </Paragraph>
  <Paragraph>
    <Words Block="0" Page="270" />
  </Paragraph>
  <Paragraph>
    <Words Block="1" Page="270" />
  </Paragraph>
  <Paragraph>
    <Words Block="2" Page="270" />
  </Paragraph>
  <Paragraph>
    <Words Block="3" Page="270" />
  </Paragraph>
  <Paragraph>
    <Words Start="0" End="30" Block="4" Page="270" />
  </Paragraph>
  <Paragraph>
    <Words Start="31" End="42" Block="4" Page="270" />
  </Paragraph>
  <Paragraph>
    <Words Block="5" Page="270" />
  </Paragraph>
  <Paragraph>
    <Words Start="0" End="8" Block="6" Page="270" />
  </Paragraph>
  <Paragraph>
    <Words Start="9" End="12" Block="6" Page="270" />
  </Paragraph>
  <Paragraph>
    <Words Block="7" Page="270" />
  </Paragraph>
  <Paragraph>
    <Words Block="8" Page="270" />
  </Paragraph>
  <Paragraph>
    <Words Start="0" End="82" Block="9" Page="270" />
  </Paragraph>
  <Paragraph>
    <Words Start="83" End="138" Block="9" Page="270" />
  </Paragraph>
  <Paragraph>
    <Words Start="0" End="18" Block="0" Page="271" />
  </Paragraph>
  <Paragraph>
    <Words Start="19" End="43" Block="0" Page="271" />
  </Paragraph>
  <Paragraph>
    <Words Start="44" End="68" Block="0" Page="271" />
  </Paragraph>
  <Paragraph>
    <Words Start="69" End="99" Block="0" Page="271" />
  </Paragraph>
  <Paragraph>
    <Words Block="1" Page="271" />
  </Paragraph>
  <Paragraph>
    <Words Block="2" Page="271" />
  </Paragraph>
  <Paragraph>
    <Words Block="3" Page="271" />
  </Paragraph>
  <Paragraph>
    <Words Start="0" End="21" Block="4" Page="271" />
  </Paragraph>
  <Paragraph>
    <Words Start="22" End="65" Block="4" Page="271" />
  </Paragraph>
  <Paragraph>
    <Words Start="0" End="35" Block="5" Page="271" />
  </Paragraph>
  <Paragraph>
    <Words Start="36" End="56" Block="5" Page="271" />
  </Paragraph>
  <Paragraph>
    <Words Block="6" Page="271" />
  </Paragraph>
  <Paragraph>
    <Words Block="7" Page="271" />
  </Paragraph>
  <Paragraph>
    <Words Block="0" Page="272" />
  </Paragraph>
  <Paragraph>
    <Words Block="1" Page="272" />
  </Paragraph>
  <Paragraph>
    <Words Block="2" Page="272" />
  </Paragraph>
  <Paragraph>
    <Words Block="3" Page="272" />
  </Paragraph>
  <Paragraph>
    <Words Block="4" Page="272" />
  </Paragraph>
  <Paragraph>
    <Words Start="0" End="8" Block="5" Page="272" />
  </Paragraph>
  <Paragraph>
    <Words Start="9" End="32" Block="5" Page="272" />
  </Paragraph>
  <Paragraph>
    <Words Block="6" Page="272" />
  </Paragraph>
  <Paragraph>
    <Words Block="7" Page="272" />
  </Paragraph>
  <Paragraph>
    <Words Block="8" Page="272" />
  </Paragraph>
  <Paragraph>
    <Words Block="9" Page="272" />
    <Words Block="10" Page="272" />
  </Paragraph>
  <Paragraph>
    <Words Block="0" Page="273" />
  </Paragraph>
  <Paragraph>
    <Words Block="1" Page="273" />
  </Paragraph>
  <Paragraph>
    <Words Start="0" End="23" Block="2" Page="273" />
  </Paragraph>
  <Paragraph>
    <Words Start="24" End="46" Block="2" Page="273" />
  </Paragraph>
  <Paragraph>
    <Words Block="3" Page="273" />
  </Paragraph>
  <Paragraph>
    <Words Block="4" Page="273" />
  </Paragraph>
  <Paragraph>
    <Words Block="5" Page="273" />
  </Paragraph>
  <Paragraph>
    <Words Block="6" Page="273" />
  </Paragraph>
  <Paragraph>
    <Words Block="7" Page="273" />
  </Paragraph>
  <Paragraph>
    <Words Block="8" Page="273" />
  </Paragraph>
  <Paragraph>
    <Words Start="0" End="23" Block="9" Page="273" />
  </Paragraph>
  <Paragraph>
    <Words Start="24" End="26" Block="9" Page="273" />
  </Paragraph>
  <Paragraph>
    <Words Block="10" Page="273" />
  </Paragraph>
  <Paragraph>
    <Words Block="11" Page="273" />
  </Paragraph>
  <Paragraph>
    <Words Block="12" Page="273" />
  </Paragraph>
  <Paragraph>
    <Words Block="13" Page="273" />
  </Paragraph>
  <Paragraph>
    <Words Block="0" Page="274" />
  </Paragraph>
  <Paragraph>
    <Words Block="1" Page="274" />
  </Paragraph>
  <Paragraph>
    <Words Block="2" Page="274" />
  </Paragraph>
  <Paragraph>
    <Words Block="3" Page="274" />
  </Paragraph>
  <Paragraph>
    <Words Block="0" Page="275" />
  </Paragraph>
  <Paragraph>
    <Words Block="1" Page="275" />
  </Paragraph>
  <Paragraph>
    <Words Block="2" Page="275" />
  </Paragraph>
  <Paragraph>
    <Words Block="3" Page="275" />
  </Paragraph>
  <Paragraph>
    <Words Block="4" Page="275" />
  </Paragraph>
  <Paragraph>
    <Words Block="5" Page="275" />
  </Paragraph>
  <Paragraph>
    <Words Block="6" Page="275" />
  </Paragraph>
  <Paragraph>
    <Words Block="7" Page="275" />
  </Paragraph>
  <Paragraph>
    <Words Block="8" Page="275" />
  </Paragraph>
  <Paragraph>
    <Words Block="9" Page="275" />
  </Paragraph>
  <Paragraph>
    <Words Block="10" Page="275" />
  </Paragraph>
  <Paragraph>
    <Words Block="11" Page="275" />
  </Paragraph>
  <Paragraph>
    <Words Block="12" Page="275" />
  </Paragraph>
  <Paragraph>
    <Words Block="13" Page="275" />
  </Paragraph>
  <Paragraph>
    <Words Block="14" Page="275" />
  </Paragraph>
  <Paragraph>
    <Words Block="15" Page="275" />
  </Paragraph>
  <Paragraph>
    <Words Block="16" Page="275" />
  </Paragraph>
  <Paragraph>
    <Words Block="17" Page="275" />
  </Paragraph>
  <Paragraph>
    <Words Block="18" Page="275" />
  </Paragraph>
  <Paragraph>
    <Words Block="19" Page="275" />
  </Paragraph>
  <Paragraph>
    <Words Block="20" Page="275" />
  </Paragraph>
  <Paragraph>
    <Words Block="21" Page="275" />
  </Paragraph>
  <Paragraph>
    <Words Block="22" Page="275" />
  </Paragraph>
  <Paragraph>
    <Words Block="23" Page="275" />
  </Paragraph>
  <Paragraph>
    <Words Block="24" Page="275" />
  </Paragraph>
  <Paragraph>
    <Words Block="25" Page="275" />
  </Paragraph>
  <Paragraph>
    <Words Block="26" Page="275" />
  </Paragraph>
</Flow>