﻿<?xml version="1.0" encoding="utf-8"?>
<Flow Name="f5">
  <Paragraph>
    <Words Block="0" Page="14" />
  </Paragraph>
  <Paragraph>
    <Words Start="0" End="24" Block="1" Page="14" />
  </Paragraph>
  <Paragraph>
    <Words Start="25" End="121" Block="1" Page="14" />
  </Paragraph>
  <Paragraph>
    <Words Start="122" End="195" Block="1" Page="14" />
  </Paragraph>
  <Paragraph>
    <Words Start="196" End="298" Block="1" Page="14" />
  </Paragraph>
  <Paragraph>
    <Words Start="299" End="375" Block="1" Page="14" />
  </Paragraph>
  <Paragraph>
    <Words Start="376" End="472" Block="1" Page="14" />
  </Paragraph>
  <Paragraph>
    <Words Block="0" Page="15" />
  </Paragraph>
  <Paragraph>
    <Words Block="1" Page="15" />
  </Paragraph>
  <Paragraph>
    <Words Block="2" Page="15" />
  </Paragraph>
  <Paragraph>
    <Words Block="3" Page="15" />
  </Paragraph>
  <Paragraph>
    <Words Block="4" Page="15" />
  </Paragraph>
  <Paragraph>
    <Words Block="5" Page="15" />
  </Paragraph>
  <Paragraph>
    <Words Block="6" Page="15" />
  </Paragraph>
  <Paragraph>
    <Words Block="7" Page="15" />
  </Paragraph>
  <Paragraph>
    <Words Block="8" Page="15" />
  </Paragraph>
  <Paragraph>
    <Words Block="0" Page="16" />
  </Paragraph>
  <Paragraph>
    <Words Block="1" Page="16" />
  </Paragraph>
  <Paragraph>
    <Words Start="0" End="23" Block="2" Page="16" />
  </Paragraph>
  <Paragraph>
    <Words Start="24" End="74" Block="2" Page="16" />
  </Paragraph>
  <Paragraph>
    <Words Block="3" Page="16" />
  </Paragraph>
  <Paragraph>
    <Words Block="4" Page="16" />
  </Paragraph>
  <Paragraph>
    <Words Block="5" Page="16" />
  </Paragraph>
  <Paragraph>
    <Words Block="6" Page="16" />
  </Paragraph>
  <Paragraph>
    <Words Block="7" Page="16" />
  </Paragraph>
  <Paragraph>
    <Words Block="8" Page="16" />
  </Paragraph>
  <Paragraph>
    <Words Block="9" Page="16" />
  </Paragraph>
  <Paragraph>
    <Words Block="10" Page="16" />
  </Paragraph>
  <Paragraph>
    <Words Block="11" Page="16" />
  </Paragraph>
  <Paragraph>
    <Words Block="12" Page="16" />
  </Paragraph>
  <Paragraph>
    <Words Block="13" Page="16" />
  </Paragraph>
  <Paragraph>
    <Words Block="14" Page="16" />
  </Paragraph>
  <Paragraph>
    <Words Block="15" Page="16" />
  </Paragraph>
  <Paragraph>
    <Words Start="0" End="65" Block="0" Page="17" />
  </Paragraph>
  <Paragraph>
    <Words Start="66" End="218" Block="0" Page="17" />
  </Paragraph>
  <Paragraph>
    <Words Block="1" Page="17" />
  </Paragraph>
  <Paragraph>
    <Words Start="0" End="65" Block="2" Page="17" />
  </Paragraph>
  <Paragraph>
    <Words Start="66" End="125" Block="2" Page="17" />
  </Paragraph>
  <Paragraph>
    <Words Start="0" End="5" Block="3" Page="17" />
  </Paragraph>
  <Paragraph>
    <Words Start="6" End="36" Block="3" Page="17" />
  </Paragraph>
  <Paragraph>
    <Words Block="4" Page="17" />
  </Paragraph>
  <Paragraph>
    <Words Block="5" Page="17" />
  </Paragraph>
  <Paragraph>
    <Words Start="0" End="58" Block="6" Page="17" />
  </Paragraph>
  <Paragraph>
    <Words Start="59" End="163" Block="6" Page="17" />
    <Words Start="0" End="21" Block="0" Page="18" />
  </Paragraph>
  <Paragraph>
    <Words Start="22" End="40" Block="0" Page="18" />
  </Paragraph>
  <Paragraph>
    <Words Start="41" End="58" Block="0" Page="18" />
  </Paragraph>
  <Paragraph>
    <Words Block="1" Page="18" />
  </Paragraph>
  <Paragraph>
    <Words Start="0" End="45" Block="2" Page="18" />
  </Paragraph>
  <Paragraph>
    <Words Start="46" End="81" Block="2" Page="18" />
  </Paragraph>
  <Paragraph>
    <Words Start="82" End="124" Block="2" Page="18" />
  </Paragraph>
  <Paragraph>
    <Words Start="125" End="187" Block="2" Page="18" />
  </Paragraph>
  <Paragraph>
    <Words Start="188" End="215" Block="2" Page="18" />
  </Paragraph>
  <Paragraph>
    <Words Start="216" End="282" Block="2" Page="18" />
  </Paragraph>
  <Paragraph>
    <Words Block="3" Page="18" />
  </Paragraph>
  <Paragraph>
    <Words Start="0" End="78" Block="4" Page="18" />
  </Paragraph>
  <Paragraph>
    <Words Start="79" End="143" Block="4" Page="18" />
  </Paragraph>
  <Paragraph>
    <Words Start="144" End="178" Block="4" Page="18" />
  </Paragraph>
  <Paragraph>
    <Words Start="179" End="199" Block="4" Page="18" />
  </Paragraph>
  <Paragraph>
    <Words Block="5" Page="18" />
  </Paragraph>
  <Paragraph>
    <Words Block="0" Page="19" />
  </Paragraph>
  <Paragraph>
    <Words Start="0" End="49" Block="1" Page="19" />
  </Paragraph>
  <Paragraph>
    <Words Start="50" End="70" Block="1" Page="19" />
  </Paragraph>
  <Paragraph>
    <Words Block="2" Page="19" />
  </Paragraph>
  <Paragraph>
    <Words Block="3" Page="19" />
  </Paragraph>
  <Paragraph>
    <Words Start="0" End="118" Block="4" Page="19" />
  </Paragraph>
  <Paragraph>
    <Words Start="119" End="159" Block="4" Page="19" />
  </Paragraph>
  <Paragraph>
    <Words Block="5" Page="19" />
  </Paragraph>
  <Paragraph>
    <Words Block="6" Page="19" />
  </Paragraph>
  <Paragraph>
    <Words Block="7" Page="19" />
  </Paragraph>
  <Paragraph>
    <Words Block="8" Page="19" />
  </Paragraph>
  <Paragraph>
    <Words Block="9" Page="19" />
  </Paragraph>
  <Paragraph>
    <Words Block="10" Page="19" />
  </Paragraph>
  <Paragraph>
    <Words Block="0" Page="20" />
  </Paragraph>
  <Paragraph>
    <Words Block="1" Page="20" />
  </Paragraph>
  <Paragraph>
    <Words Start="0" End="51" Block="2" Page="20" />
  </Paragraph>
  <Paragraph>
    <Words Start="52" End="108" Block="2" Page="20" />
  </Paragraph>
  <Paragraph>
    <Words Block="3" Page="20" />
  </Paragraph>
  <Paragraph>
    <Words Start="0" End="116" Block="4" Page="20" />
  </Paragraph>
  <Paragraph>
    <Words Start="117" End="136" Block="4" Page="20" />
  </Paragraph>
  <Paragraph>
    <Words Start="137" End="165" Block="4" Page="20" />
  </Paragraph>
  <Paragraph>
    <Words Block="5" Page="20" />
  </Paragraph>
  <Paragraph>
    <Words Block="6" Page="20" />
  </Paragraph>
  <Paragraph>
    <Words Block="7" Page="20" />
  </Paragraph>
  <Paragraph>
    <Words Block="8" Page="20" />
  </Paragraph>
  <Paragraph>
    <Words Block="9" Page="20" />
  </Paragraph>
</Flow>