﻿<?xml version="1.0" encoding="utf-8"?>
<Flow Name="f9">
  <Paragraph>
    <Words Block="0" Page="382" />
  </Paragraph>
  <Paragraph>
    <Words Block="1" Page="382" />
  </Paragraph>
  <Paragraph>
    <Words Start="0" End="4" Block="2" Page="382" />
  </Paragraph>
  <Paragraph>
    <Words Start="5" End="11" Block="2" Page="382" />
  </Paragraph>
  <Paragraph>
    <Words Start="12" End="17" Block="2" Page="382" />
  </Paragraph>
  <Paragraph>
    <Words Start="18" End="22" Block="2" Page="382" />
  </Paragraph>
  <Paragraph>
    <Words Start="23" End="32" Block="2" Page="382" />
  </Paragraph>
  <Paragraph>
    <Words Start="33" End="42" Block="2" Page="382" />
  </Paragraph>
  <Paragraph>
    <Words Start="43" End="50" Block="2" Page="382" />
  </Paragraph>
  <Paragraph>
    <Words Start="51" End="62" Block="2" Page="382" />
  </Paragraph>
  <Paragraph>
    <Words Start="0" End="1" Block="3" Page="382" />
  </Paragraph>
  <Paragraph>
    <Words Start="2" End="18" Block="3" Page="382" />
  </Paragraph>
  <Paragraph>
    <Words Start="19" End="60" Block="3" Page="382" />
  </Paragraph>
  <Paragraph>
    <Words Start="61" End="108" Block="3" Page="382" />
  </Paragraph>
  <Paragraph>
    <Words Start="0" End="1" Block="4" Page="382" />
  </Paragraph>
  <Paragraph>
    <Words Start="2" End="6" Block="4" Page="382" />
  </Paragraph>
  <Paragraph>
    <Words Start="7" End="8" Block="4" Page="382" />
  </Paragraph>
  <Paragraph>
    <Words Start="9" End="12" Block="4" Page="382" />
  </Paragraph>
  <Paragraph>
    <Words Start="13" End="16" Block="4" Page="382" />
  </Paragraph>
  <Paragraph>
    <Words Block="5" Page="382" />
  </Paragraph>
  <Paragraph>
    <Words Start="0" End="12" Block="0" Page="383" />
  </Paragraph>
  <Paragraph>
    <Words Start="13" End="69" Block="0" Page="383" />
  </Paragraph>
  <Paragraph>
    <Words Start="70" End="73" Block="0" Page="383" />
  </Paragraph>
  <Paragraph>
    <Words Block="1" Page="383" />
  </Paragraph>
  <Paragraph>
    <Words Start="0" End="54" Block="0" Page="384" />
  </Paragraph>
  <Paragraph>
    <Words Start="55" End="107" Block="0" Page="384" />
  </Paragraph>
  <Paragraph>
    <Words Start="108" End="163" Block="0" Page="384" />
  </Paragraph>
  <Paragraph>
    <Words Start="164" End="172" Block="0" Page="384" />
  </Paragraph>
  <Paragraph>
    <Words Start="173" End="220" Block="0" Page="384" />
  </Paragraph>
  <Paragraph>
    <Words Start="221" End="251" Block="0" Page="384" />
  </Paragraph>
  <Paragraph>
    <Words Block="1" Page="384" />
  </Paragraph>
  <Paragraph>
    <Words Block="2" Page="384" />
  </Paragraph>
  <Paragraph>
    <Words Block="3" Page="384" />
  </Paragraph>
  <Paragraph>
    <Words Start="0" End="61" Block="4" Page="384" />
  </Paragraph>
  <Paragraph>
    <Words Start="62" End="74" Block="4" Page="384" />
  </Paragraph>
  <Paragraph>
    <Words Block="5" Page="384" />
  </Paragraph>
  <Paragraph>
    <Words Block="6" Page="384" />
  </Paragraph>
  <Paragraph>
    <Words Block="0" Page="385" />
  </Paragraph>
  <Paragraph>
    <Words Block="1" Page="385" />
    <Words Block="2" Page="385" />
    <Words Block="3" Page="385" />
    <Words Block="4" Page="385" />
    <Words Block="5" Page="385" />
    <Words Block="6" Page="385" />
    <Words Block="7" Page="385" />
    <Words Block="8" Page="385" />
    <Words Block="9" Page="385" />
    <Words Block="10" Page="385" />
    <Words Block="11" Page="385" />
  </Paragraph>
  <Paragraph>
    <Words Block="12" Page="385" />
  </Paragraph>
  <Paragraph>
    <Words Block="13" Page="385" />
  </Paragraph>
  <Paragraph>
    <Words Block="14" Page="385" />
  </Paragraph>
  <Paragraph>
    <Words Block="15" Page="385" />
  </Paragraph>
  <Paragraph>
    <Words Block="16" Page="385" />
  </Paragraph>
  <Paragraph>
    <Words Block="17" Page="385" />
  </Paragraph>
  <Paragraph>
    <Words Block="18" Page="385" />
  </Paragraph>
  <Paragraph>
    <Words Block="19" Page="385" />
  </Paragraph>
  <Paragraph>
    <Words Block="20" Page="385" />
  </Paragraph>
  <Paragraph>
    <Words Block="21" Page="385" />
  </Paragraph>
  <Paragraph>
    <Words Block="22" Page="385" />
  </Paragraph>
  <Paragraph>
    <Words Block="23" Page="385" />
  </Paragraph>
  <Paragraph>
    <Words Block="24" Page="385" />
  </Paragraph>
  <Paragraph>
    <Words Block="25" Page="385" />
  </Paragraph>
  <Paragraph>
    <Words Block="26" Page="385" />
  </Paragraph>
  <Paragraph>
    <Words Block="27" Page="385" />
  </Paragraph>
  <Paragraph>
    <Words Block="28" Page="385" />
  </Paragraph>
  <Paragraph>
    <Words Block="29" Page="385" />
  </Paragraph>
  <Paragraph>
    <Words Block="30" Page="385" />
  </Paragraph>
  <Paragraph>
    <Words Block="31" Page="385" />
  </Paragraph>
  <Paragraph>
    <Words Block="32" Page="385" />
  </Paragraph>
  <Paragraph>
    <Words Start="0" End="37" Block="33" Page="385" />
  </Paragraph>
  <Paragraph>
    <Words Start="38" End="51" Block="33" Page="385" />
  </Paragraph>
  <Paragraph>
    <Words Start="52" End="72" Block="33" Page="385" />
  </Paragraph>
  <Paragraph>
    <Words Start="73" End="104" Block="33" Page="385" />
  </Paragraph>
  <Paragraph>
    <Words Start="105" End="136" Block="33" Page="385" />
  </Paragraph>
  <Paragraph>
    <Words Start="137" End="228" Block="33" Page="385" />
  </Paragraph>
  <Paragraph>
    <Words Start="229" End="230" Block="33" Page="385" />
  </Paragraph>
  <Paragraph>
    <Words Start="231" End="246" Block="33" Page="385" />
    <Words Start="0" End="63" Block="0" Page="386" />
  </Paragraph>
  <Paragraph>
    <Words Start="64" End="91" Block="0" Page="386" />
  </Paragraph>
  <Paragraph>
    <Words Start="92" End="121" Block="0" Page="386" />
  </Paragraph>
  <Paragraph>
    <Words Start="122" End="135" Block="0" Page="386" />
  </Paragraph>
  <Paragraph>
    <Words Start="136" End="150" Block="0" Page="386" />
  </Paragraph>
  <Paragraph>
    <Words Start="151" End="205" Block="0" Page="386" />
  </Paragraph>
  <Paragraph>
    <Words Block="1" Page="386" />
  </Paragraph>
  <Paragraph>
    <Words Start="0" End="63" Block="2" Page="386" />
  </Paragraph>
  <Paragraph>
    <Words Start="64" End="188" Block="2" Page="386" />
  </Paragraph>
  <Paragraph>
    <Words Start="189" End="260" Block="2" Page="386" />
  </Paragraph>
  <Paragraph>
    <Words Start="261" End="293" Block="2" Page="386" />
  </Paragraph>
  <Paragraph>
    <Words Start="294" End="326" Block="2" Page="386" />
    <Words Start="0" End="67" Block="0" Page="387" />
  </Paragraph>
  <Paragraph>
    <Words Start="68" End="98" Block="0" Page="387" />
  </Paragraph>
  <Paragraph>
    <Words Start="99" End="141" Block="0" Page="387" />
  </Paragraph>
  <Paragraph>
    <Words Start="142" End="195" Block="0" Page="387" />
  </Paragraph>
  <Paragraph>
    <Words Block="1" Page="387" />
  </Paragraph>
  <Paragraph>
    <Words Block="2" Page="387" />
  </Paragraph>
  <Paragraph>
    <Words Block="3" Page="387" />
  </Paragraph>
  <Paragraph>
    <Words Block="4" Page="387" />
  </Paragraph>
  <Paragraph>
    <Words Block="5" Page="387" />
  </Paragraph>
  <Paragraph>
    <Words Start="0" End="130" Block="6" Page="387" />
  </Paragraph>
  <Paragraph>
    <Words Start="131" End="166" Block="6" Page="387" />
  </Paragraph>
  <Paragraph>
    <Words Block="0" Page="388" />
  </Paragraph>
  <Paragraph>
    <Words Block="1" Page="388" />
  </Paragraph>
  <Paragraph>
    <Words Block="2" Page="388" />
  </Paragraph>
  <Paragraph>
    <Words Start="0" End="40" Block="3" Page="388" />
  </Paragraph>
  <Paragraph>
    <Words Start="41" End="90" Block="3" Page="388" />
  </Paragraph>
  <Paragraph>
    <Words Start="91" End="138" Block="3" Page="388" />
  </Paragraph>
  <Paragraph>
    <Words Block="4" Page="388" />
  </Paragraph>
  <Paragraph>
    <Words Block="5" Page="388" />
  </Paragraph>
  <Paragraph>
    <Words Block="6" Page="388" />
  </Paragraph>
  <Paragraph>
    <Words Block="7" Page="388" />
  </Paragraph>
  <Paragraph>
    <Words Block="8" Page="388" />
  </Paragraph>
  <Paragraph>
    <Words Block="9" Page="388" />
  </Paragraph>
  <Paragraph>
    <Words Block="0" Page="389" />
  </Paragraph>
  <Paragraph>
    <Words Block="1" Page="389" />
  </Paragraph>
  <Paragraph>
    <Words Start="0" End="20" Block="2" Page="389" />
  </Paragraph>
  <Paragraph>
    <Words Start="21" End="64" Block="2" Page="389" />
  </Paragraph>
  <Paragraph>
    <Words Block="3" Page="389" />
    <Words Block="4" Page="389" />
  </Paragraph>
  <Paragraph>
    <Words Block="5" Page="389" />
  </Paragraph>
  <Paragraph>
    <Words Block="6" Page="389" />
  </Paragraph>
  <Paragraph>
    <Words Start="0" End="17" Block="7" Page="389" />
  </Paragraph>
  <Paragraph>
    <Words Start="18" End="37" Block="7" Page="389" />
  </Paragraph>
  <Paragraph>
    <Words Start="38" End="59" Block="7" Page="389" />
  </Paragraph>
  <Paragraph>
    <Words Block="8" Page="389" />
  </Paragraph>
  <Paragraph>
    <Words Block="9" Page="389" />
  </Paragraph>
  <Paragraph>
    <Words Start="0" End="53" Block="10" Page="389" />
  </Paragraph>
  <Paragraph>
    <Words Start="54" End="100" Block="10" Page="389" />
  </Paragraph>
  <Paragraph>
    <Words Start="101" End="136" Block="10" Page="389" />
  </Paragraph>
  <Paragraph>
    <Words Start="137" End="194" Block="10" Page="389" />
  </Paragraph>
  <Paragraph>
    <Words Start="195" End="228" Block="10" Page="389" />
    <Words Start="0" End="48" Block="0" Page="390" />
  </Paragraph>
  <Paragraph>
    <Words Start="49" End="106" Block="0" Page="390" />
  </Paragraph>
  <Paragraph>
    <Words Start="107" End="144" Block="0" Page="390" />
  </Paragraph>
  <Paragraph>
    <Words Block="1" Page="390" />
  </Paragraph>
  <Paragraph>
    <Words Start="0" End="40" Block="2" Page="390" />
  </Paragraph>
  <Paragraph>
    <Words Start="41" End="82" Block="2" Page="390" />
  </Paragraph>
  <Paragraph>
    <Words Block="3" Page="390" />
  </Paragraph>
  <Paragraph>
    <Words Block="4" Page="390" />
  </Paragraph>
  <Paragraph>
    <Words Block="5" Page="390" />
  </Paragraph>
  <Paragraph>
    <Words Block="6" Page="390" />
  </Paragraph>
  <Paragraph>
    <Words Block="7" Page="390" />
  </Paragraph>
  <Paragraph>
    <Words Block="8" Page="390" />
  </Paragraph>
  <Paragraph>
    <Words Block="0" Page="391" />
  </Paragraph>
  <Paragraph>
    <Words Block="1" Page="391" />
  </Paragraph>
  <Paragraph>
    <Words Block="2" Page="391" />
  </Paragraph>
  <Paragraph>
    <Words Block="3" Page="391" />
  </Paragraph>
  <Paragraph>
    <Words Block="4" Page="391" />
  </Paragraph>
  <Paragraph>
    <Words Block="5" Page="391" />
  </Paragraph>
  <Paragraph>
    <Words Block="6" Page="391" />
  </Paragraph>
  <Paragraph>
    <Words Block="7" Page="391" />
  </Paragraph>
  <Paragraph>
    <Words Block="8" Page="391" />
  </Paragraph>
  <Paragraph>
    <Words Block="0" Page="392" />
  </Paragraph>
  <Paragraph>
    <Words Block="1" Page="392" />
  </Paragraph>
  <Paragraph>
    <Words Block="2" Page="392" />
  </Paragraph>
  <Paragraph>
    <Words Start="0" End="5" Block="3" Page="392" />
  </Paragraph>
  <Paragraph>
    <Words Start="6" End="6" Block="3" Page="392" />
  </Paragraph>
  <Paragraph>
    <Words Block="4" Page="392" />
  </Paragraph>
  <Paragraph>
    <Words Block="5" Page="392" />
  </Paragraph>
  <Paragraph>
    <Words Block="6" Page="392" />
  </Paragraph>
  <Paragraph>
    <Words Block="7" Page="392" />
  </Paragraph>
  <Paragraph>
    <Words Block="8" Page="392" />
  </Paragraph>
  <Paragraph>
    <Words Block="9" Page="392" />
  </Paragraph>
  <Paragraph>
    <Words Block="10" Page="392" />
  </Paragraph>
  <Paragraph>
    <Words Block="11" Page="392" />
  </Paragraph>
  <Paragraph>
    <Words Start="0" End="38" Block="12" Page="392" />
  </Paragraph>
  <Paragraph>
    <Words Start="39" End="65" Block="12" Page="392" />
  </Paragraph>
  <Paragraph>
    <Words Block="0" Page="393" />
  </Paragraph>
  <Paragraph>
    <Words Block="1" Page="393" />
  </Paragraph>
  <Paragraph>
    <Words Block="2" Page="393" />
  </Paragraph>
  <Paragraph>
    <Words Block="3" Page="393" />
  </Paragraph>
  <Paragraph>
    <Words Block="4" Page="393" />
  </Paragraph>
  <Paragraph>
    <Words Block="5" Page="393" />
  </Paragraph>
  <Paragraph>
    <Words Block="6" Page="393" />
  </Paragraph>
  <Paragraph>
    <Words Start="0" End="19" Block="7" Page="393" />
  </Paragraph>
  <Paragraph>
    <Words Start="20" End="33" Block="7" Page="393" />
  </Paragraph>
  <Paragraph>
    <Words Block="8" Page="393" />
  </Paragraph>
  <Paragraph>
    <Words Block="9" Page="393" />
  </Paragraph>
  <Paragraph>
    <Words Start="0" End="5" Block="10" Page="393" />
  </Paragraph>
  <Paragraph>
    <Words Start="6" End="6" Block="10" Page="393" />
  </Paragraph>
  <Paragraph>
    <Words Block="11" Page="393" />
  </Paragraph>
  <Paragraph>
    <Words Block="12" Page="393" />
  </Paragraph>
  <Paragraph>
    <Words Block="13" Page="393" />
  </Paragraph>
  <Paragraph>
    <Words Block="14" Page="393" />
  </Paragraph>
  <Paragraph>
    <Words Block="15" Page="393" />
  </Paragraph>
  <Paragraph>
    <Words Block="0" Page="394" />
  </Paragraph>
  <Paragraph>
    <Words Block="1" Page="394" />
  </Paragraph>
  <Paragraph>
    <Words Block="2" Page="394" />
  </Paragraph>
  <Paragraph>
    <Words Block="3" Page="394" />
  </Paragraph>
  <Paragraph>
    <Words Block="4" Page="394" />
  </Paragraph>
  <Paragraph>
    <Words Block="5" Page="394" />
  </Paragraph>
  <Paragraph>
    <Words Block="6" Page="394" />
  </Paragraph>
  <Paragraph>
    <Words Start="0" End="32" Block="7" Page="394" />
  </Paragraph>
  <Paragraph>
    <Words Start="33" End="69" Block="7" Page="394" />
  </Paragraph>
  <Paragraph>
    <Words Block="0" Page="395" />
  </Paragraph>
  <Paragraph>
    <Words Block="1" Page="395" />
  </Paragraph>
  <Paragraph>
    <Words Block="2" Page="395" />
  </Paragraph>
  <Paragraph>
    <Words Block="3" Page="395" />
  </Paragraph>
  <Paragraph>
    <Words Block="4" Page="395" />
  </Paragraph>
  <Paragraph>
    <Words Block="5" Page="395" />
  </Paragraph>
  <Paragraph>
    <Words Block="6" Page="395" />
  </Paragraph>
  <Paragraph>
    <Words Block="7" Page="395" />
  </Paragraph>
  <Paragraph>
    <Words Block="8" Page="395" />
  </Paragraph>
  <Paragraph>
    <Words Block="9" Page="395" />
  </Paragraph>
  <Paragraph>
    <Words Block="10" Page="395" />
  </Paragraph>
  <Paragraph>
    <Words Block="11" Page="395" />
  </Paragraph>
  <Paragraph>
    <Words Block="12" Page="395" />
  </Paragraph>
  <Paragraph>
    <Words Block="13" Page="395" />
  </Paragraph>
  <Paragraph>
    <Words Block="0" Page="396" />
  </Paragraph>
  <Paragraph>
    <Words Block="1" Page="396" />
  </Paragraph>
  <Paragraph>
    <Words Block="2" Page="396" />
  </Paragraph>
  <Paragraph>
    <Words Block="3" Page="396" />
  </Paragraph>
  <Paragraph>
    <Words Block="4" Page="396" />
  </Paragraph>
  <Paragraph>
    <Words Block="5" Page="396" />
  </Paragraph>
  <Paragraph>
    <Words Block="6" Page="396" />
  </Paragraph>
  <Paragraph>
    <Words Block="7" Page="396" />
  </Paragraph>
  <Paragraph>
    <Words Block="8" Page="396" />
  </Paragraph>
  <Paragraph>
    <Words Block="9" Page="396" />
  </Paragraph>
  <Paragraph>
    <Words Block="10" Page="396" />
  </Paragraph>
  <Paragraph>
    <Words Block="11" Page="396" />
  </Paragraph>
  <Paragraph>
    <Words Block="0" Page="397" />
  </Paragraph>
  <Paragraph>
    <Words Block="1" Page="397" />
  </Paragraph>
  <Paragraph>
    <Words Block="2" Page="397" />
  </Paragraph>
  <Paragraph>
    <Words Block="3" Page="397" />
  </Paragraph>
  <Paragraph>
    <Words Block="4" Page="397" />
  </Paragraph>
  <Paragraph>
    <Words Start="0" End="18" Block="5" Page="397" />
  </Paragraph>
  <Paragraph>
    <Words Start="19" End="74" Block="5" Page="397" />
  </Paragraph>
  <Paragraph>
    <Words Block="6" Page="397" />
  </Paragraph>
  <Paragraph>
    <Words Block="7" Page="397" />
  </Paragraph>
  <Paragraph>
    <Words Block="8" Page="397" />
  </Paragraph>
  <Paragraph>
    <Words Block="9" Page="397" />
  </Paragraph>
  <Paragraph>
    <Words Start="0" End="50" Block="10" Page="397" />
  </Paragraph>
  <Paragraph>
    <Words Start="51" End="64" Block="10" Page="397" />
  </Paragraph>
  <Paragraph>
    <Words Start="65" End="101" Block="10" Page="397" />
  </Paragraph>
  <Paragraph>
    <Words Block="0" Page="398" />
  </Paragraph>
  <Paragraph>
    <Words Block="1" Page="398" />
  </Paragraph>
  <Paragraph>
    <Words Block="2" Page="398" />
  </Paragraph>
  <Paragraph>
    <Words Block="3" Page="398" />
  </Paragraph>
  <Paragraph>
    <Words Block="4" Page="398" />
  </Paragraph>
  <Paragraph>
    <Words Block="5" Page="398" />
  </Paragraph>
  <Paragraph>
    <Words Block="6" Page="398" />
  </Paragraph>
  <Paragraph>
    <Words Block="7" Page="398" />
  </Paragraph>
  <Paragraph>
    <Words Block="8" Page="398" />
  </Paragraph>
  <Paragraph>
    <Words Block="9" Page="398" />
  </Paragraph>
  <Paragraph>
    <Words Block="10" Page="398" />
  </Paragraph>
  <Paragraph>
    <Words Block="11" Page="398" />
  </Paragraph>
  <Paragraph>
    <Words Block="12" Page="398" />
  </Paragraph>
  <Paragraph>
    <Words Block="13" Page="398" />
  </Paragraph>
  <Paragraph>
    <Words Block="14" Page="398" />
  </Paragraph>
  <Paragraph>
    <Words Block="15" Page="398" />
  </Paragraph>
  <Paragraph>
    <Words Block="16" Page="398" />
  </Paragraph>
  <Paragraph>
    <Words Block="17" Page="398" />
  </Paragraph>
  <Paragraph>
    <Words Block="18" Page="398" />
  </Paragraph>
  <Paragraph>
    <Words Block="19" Page="398" />
  </Paragraph>
  <Paragraph>
    <Words Block="20" Page="398" />
  </Paragraph>
  <Paragraph>
    <Words Block="0" Page="399" />
  </Paragraph>
  <Paragraph>
    <Words Start="0" End="50" Block="1" Page="399" />
  </Paragraph>
  <Paragraph>
    <Words Start="51" End="109" Block="1" Page="399" />
  </Paragraph>
  <Paragraph>
    <Words Start="110" End="153" Block="1" Page="399" />
  </Paragraph>
  <Paragraph>
    <Words Start="154" End="192" Block="1" Page="399" />
  </Paragraph>
  <Paragraph>
    <Words Start="193" End="229" Block="1" Page="399" />
  </Paragraph>
  <Paragraph>
    <Words Block="2" Page="399" />
  </Paragraph>
  <Paragraph>
    <Words Block="3" Page="399" />
  </Paragraph>
  <Paragraph>
    <Words Block="4" Page="399" />
  </Paragraph>
  <Paragraph>
    <Words Block="5" Page="399" />
  </Paragraph>
  <Paragraph>
    <Words Block="6" Page="399" />
  </Paragraph>
  <Paragraph>
    <Words Block="7" Page="399" />
  </Paragraph>
  <Paragraph>
    <Words Start="0" End="29" Block="8" Page="399" />
  </Paragraph>
  <Paragraph>
    <Words Start="30" End="42" Block="8" Page="399" />
  </Paragraph>
  <Paragraph>
    <Words Block="9" Page="399" />
  </Paragraph>
  <Paragraph>
    <Words Start="0" End="8" Block="0" Page="400" />
  </Paragraph>
  <Paragraph>
    <Words Start="9" End="39" Block="0" Page="400" />
  </Paragraph>
  <Paragraph>
    <Words Block="1" Page="400" />
  </Paragraph>
  <Paragraph>
    <Words Block="2" Page="400" />
  </Paragraph>
  <Paragraph>
    <Words Start="0" End="38" Block="3" Page="400" />
  </Paragraph>
  <Paragraph>
    <Words Start="39" End="52" Block="3" Page="400" />
  </Paragraph>
  <Paragraph>
    <Words Block="4" Page="400" />
  </Paragraph>
  <Paragraph>
    <Words Block="5" Page="400" />
  </Paragraph>
  <Paragraph>
    <Words Block="6" Page="400" />
  </Paragraph>
  <Paragraph>
    <Words Block="7" Page="400" />
  </Paragraph>
  <Paragraph>
    <Words Block="8" Page="400" />
  </Paragraph>
  <Paragraph>
    <Words Block="9" Page="400" />
  </Paragraph>
  <Paragraph>
    <Words Block="10" Page="400" />
  </Paragraph>
  <Paragraph>
    <Words Block="11" Page="400" />
  </Paragraph>
  <Paragraph>
    <Words Block="0" Page="401" />
  </Paragraph>
  <Paragraph>
    <Words Block="1" Page="401" />
  </Paragraph>
  <Paragraph>
    <Words Block="2" Page="401" />
  </Paragraph>
  <Paragraph>
    <Words Block="3" Page="401" />
  </Paragraph>
  <Paragraph>
    <Words Block="4" Page="401" />
  </Paragraph>
  <Paragraph>
    <Words Start="0" End="29" Block="5" Page="401" />
  </Paragraph>
  <Paragraph>
    <Words Start="30" End="42" Block="5" Page="401" />
  </Paragraph>
  <Paragraph>
    <Words Block="6" Page="401" />
  </Paragraph>
  <Paragraph>
    <Words Block="7" Page="401" />
  </Paragraph>
  <Paragraph>
    <Words Start="0" End="8" Block="8" Page="401" />
  </Paragraph>
  <Paragraph>
    <Words Start="9" End="39" Block="8" Page="401" />
  </Paragraph>
  <Paragraph>
    <Words Block="9" Page="401" />
  </Paragraph>
  <Paragraph>
    <Words Start="0" End="31" Block="10" Page="401" />
  </Paragraph>
  <Paragraph>
    <Words Start="32" End="32" Block="10" Page="401" />
  </Paragraph>
  <Paragraph>
    <Words Block="11" Page="401" />
  </Paragraph>
  <Paragraph>
    <Words Block="12" Page="401" />
  </Paragraph>
  <Paragraph>
    <Words Block="0" Page="402" />
  </Paragraph>
  <Paragraph>
    <Words Block="1" Page="402" />
  </Paragraph>
  <Paragraph>
    <Words Block="2" Page="402" />
  </Paragraph>
  <Paragraph>
    <Words Block="3" Page="402" />
  </Paragraph>
  <Paragraph>
    <Words Block="4" Page="402" />
  </Paragraph>
  <Paragraph>
    <Words Block="5" Page="402" />
  </Paragraph>
  <Paragraph>
    <Words Block="6" Page="402" />
  </Paragraph>
  <Paragraph>
    <Words Block="7" Page="402" />
  </Paragraph>
  <Paragraph>
    <Words Block="8" Page="402" />
  </Paragraph>
  <Paragraph>
    <Words Block="9" Page="402" />
  </Paragraph>
  <Paragraph>
    <Words Start="0" End="8" Block="10" Page="402" />
  </Paragraph>
  <Paragraph>
    <Words Start="9" End="38" Block="10" Page="402" />
  </Paragraph>
  <Paragraph>
    <Words Block="11" Page="402" />
  </Paragraph>
  <Paragraph>
    <Words Block="0" Page="403" />
  </Paragraph>
  <Paragraph>
    <Words Block="1" Page="403" />
  </Paragraph>
  <Paragraph>
    <Words Block="2" Page="403" />
  </Paragraph>
  <Paragraph>
    <Words Block="3" Page="403" />
  </Paragraph>
  <Paragraph>
    <Words Block="4" Page="403" />
  </Paragraph>
  <Paragraph>
    <Words Block="5" Page="403" />
  </Paragraph>
  <Paragraph>
    <Words Block="6" Page="403" />
  </Paragraph>
  <Paragraph>
    <Words Start="0" End="34" Block="7" Page="403" />
  </Paragraph>
  <Paragraph>
    <Words Start="35" End="76" Block="7" Page="403" />
  </Paragraph>
  <Paragraph>
    <Words Start="77" End="168" Block="7" Page="403" />
  </Paragraph>
  <Paragraph>
    <Words Start="169" End="193" Block="7" Page="403" />
  </Paragraph>
  <Paragraph>
    <Words Start="194" End="300" Block="7" Page="403" />
  </Paragraph>
  <Paragraph>
    <Words Block="0" Page="404" />
  </Paragraph>
  <Paragraph>
    <Words Block="1" Page="404" />
  </Paragraph>
  <Paragraph>
    <Words Block="2" Page="404" />
  </Paragraph>
  <Paragraph>
    <Words Block="3" Page="404" />
  </Paragraph>
  <Paragraph>
    <Words Block="4" Page="404" />
  </Paragraph>
  <Paragraph>
    <Words Block="5" Page="404" />
  </Paragraph>
  <Paragraph>
    <Words Block="6" Page="404" />
  </Paragraph>
  <Paragraph>
    <Words Block="7" Page="404" />
  </Paragraph>
  <Paragraph>
    <Words Block="8" Page="404" />
  </Paragraph>
  <Paragraph>
    <Words Block="9" Page="404" />
  </Paragraph>
  <Paragraph>
    <Words Block="10" Page="404" />
  </Paragraph>
  <Paragraph>
    <Words Block="11" Page="404" />
    <Words Block="12" Page="404" />
  </Paragraph>
  <Paragraph>
    <Words Block="0" Page="405" />
  </Paragraph>
  <Paragraph>
    <Words Block="1" Page="405" />
  </Paragraph>
  <Paragraph>
    <Words Block="2" Page="405" />
  </Paragraph>
  <Paragraph>
    <Words Block="3" Page="405" />
  </Paragraph>
  <Paragraph>
    <Words Block="4" Page="405" />
  </Paragraph>
  <Paragraph>
    <Words Block="5" Page="405" />
  </Paragraph>
  <Paragraph>
    <Words Block="6" Page="405" />
  </Paragraph>
  <Paragraph>
    <Words Block="7" Page="405" />
  </Paragraph>
  <Paragraph>
    <Words Block="8" Page="405" />
  </Paragraph>
  <Paragraph>
    <Words Block="9" Page="405" />
  </Paragraph>
  <Paragraph>
    <Words Block="10" Page="405" />
  </Paragraph>
  <Paragraph>
    <Words Block="11" Page="405" />
  </Paragraph>
  <Paragraph>
    <Words Start="0" End="22" Block="12" Page="405" />
  </Paragraph>
  <Paragraph>
    <Words Start="23" End="56" Block="12" Page="405" />
  </Paragraph>
  <Paragraph>
    <Words Block="13" Page="405" />
  </Paragraph>
  <Paragraph>
    <Words Block="14" Page="405" />
  </Paragraph>
  <Paragraph>
    <Words Block="15" Page="405" />
  </Paragraph>
  <Paragraph>
    <Words Block="0" Page="406" />
  </Paragraph>
  <Paragraph>
    <Words Start="0" End="82" Block="1" Page="406" />
  </Paragraph>
  <Paragraph>
    <Words Start="83" End="145" Block="1" Page="406" />
  </Paragraph>
  <Paragraph>
    <Words Start="146" End="155" Block="1" Page="406" />
  </Paragraph>
  <Paragraph>
    <Words Start="156" End="195" Block="1" Page="406" />
  </Paragraph>
  <Paragraph>
    <Words Block="2" Page="406" />
  </Paragraph>
  <Paragraph>
    <Words Block="3" Page="406" />
  </Paragraph>
  <Paragraph>
    <Words Block="0" Page="407" />
  </Paragraph>
  <Paragraph>
    <Words Start="0" End="5" Block="1" Page="407" />
  </Paragraph>
  <Paragraph>
    <Words Start="6" End="6" Block="1" Page="407" />
  </Paragraph>
  <Paragraph>
    <Words Block="2" Page="407" />
  </Paragraph>
  <Paragraph>
    <Words Block="3" Page="407" />
  </Paragraph>
  <Paragraph>
    <Words Block="4" Page="407" />
  </Paragraph>
  <Paragraph>
    <Words Block="5" Page="407" />
  </Paragraph>
  <Paragraph>
    <Words Block="6" Page="407" />
  </Paragraph>
  <Paragraph>
    <Words Block="7" Page="407" />
  </Paragraph>
  <Paragraph>
    <Words Start="0" End="20" Block="8" Page="407" />
  </Paragraph>
  <Paragraph>
    <Words Start="21" End="40" Block="8" Page="407" />
  </Paragraph>
  <Paragraph>
    <Words Block="9" Page="407" />
  </Paragraph>
  <Paragraph>
    <Words Block="10" Page="407" />
  </Paragraph>
  <Paragraph>
    <Words Block="11" Page="407" />
  </Paragraph>
  <Paragraph>
    <Words Start="0" End="20" Block="12" Page="407" />
  </Paragraph>
  <Paragraph>
    <Words Start="21" End="56" Block="12" Page="407" />
  </Paragraph>
  <Paragraph>
    <Words Block="13" Page="407" />
  </Paragraph>
  <Paragraph>
    <Words Block="0" Page="408" />
  </Paragraph>
  <Paragraph>
    <Words Block="1" Page="408" />
  </Paragraph>
  <Paragraph>
    <Words Block="2" Page="408" />
  </Paragraph>
  <Paragraph>
    <Words Block="3" Page="408" />
  </Paragraph>
  <Paragraph>
    <Words Block="4" Page="408" />
  </Paragraph>
  <Paragraph>
    <Words Block="5" Page="408" />
  </Paragraph>
  <Paragraph>
    <Words Block="6" Page="408" />
  </Paragraph>
  <Paragraph>
    <Words Block="7" Page="408" />
  </Paragraph>
  <Paragraph>
    <Words Block="8" Page="408" />
  </Paragraph>
  <Paragraph>
    <Words Block="9" Page="408" />
  </Paragraph>
  <Paragraph>
    <Words Block="10" Page="408" />
  </Paragraph>
  <Paragraph>
    <Words Block="0" Page="409" />
  </Paragraph>
  <Paragraph>
    <Words Block="1" Page="409" />
  </Paragraph>
  <Paragraph>
    <Words Start="0" End="20" Block="2" Page="409" />
  </Paragraph>
  <Paragraph>
    <Words Start="21" End="52" Block="2" Page="409" />
  </Paragraph>
  <Paragraph>
    <Words Block="3" Page="409" />
  </Paragraph>
  <Paragraph>
    <Words Block="4" Page="409" />
  </Paragraph>
  <Paragraph>
    <Words Start="0" End="21" Block="5" Page="409" />
  </Paragraph>
  <Paragraph>
    <Words Start="22" End="85" Block="5" Page="409" />
  </Paragraph>
  <Paragraph>
    <Words Block="6" Page="409" />
  </Paragraph>
  <Paragraph>
    <Words Block="7" Page="409" />
  </Paragraph>
  <Paragraph>
    <Words Block="0" Page="410" />
  </Paragraph>
  <Paragraph>
    <Words Block="1" Page="410" />
  </Paragraph>
  <Paragraph>
    <Words Block="2" Page="410" />
  </Paragraph>
  <Paragraph>
    <Words Block="3" Page="410" />
  </Paragraph>
  <Paragraph>
    <Words Block="4" Page="410" />
  </Paragraph>
  <Paragraph>
    <Words Block="5" Page="410" />
  </Paragraph>
  <Paragraph>
    <Words Block="6" Page="410" />
  </Paragraph>
  <Paragraph>
    <Words Block="7" Page="410" />
  </Paragraph>
  <Paragraph>
    <Words Block="8" Page="410" />
  </Paragraph>
  <Paragraph>
    <Words Block="9" Page="410" />
  </Paragraph>
  <Paragraph>
    <Words Block="10" Page="410" />
  </Paragraph>
  <Paragraph>
    <Words Block="11" Page="410" />
  </Paragraph>
  <Paragraph>
    <Words Block="12" Page="410" />
  </Paragraph>
  <Paragraph>
    <Words Block="13" Page="410" />
  </Paragraph>
  <Paragraph>
    <Words Block="14" Page="410" />
  </Paragraph>
  <Paragraph>
    <Words Block="15" Page="410" />
  </Paragraph>
  <Paragraph>
    <Words Block="16" Page="410" />
  </Paragraph>
  <Paragraph>
    <Words Block="17" Page="410" />
  </Paragraph>
  <Paragraph>
    <Words Block="18" Page="410" />
  </Paragraph>
  <Paragraph>
    <Words Block="19" Page="410" />
  </Paragraph>
  <Paragraph>
    <Words Block="0" Page="411" />
  </Paragraph>
  <Paragraph>
    <Words Block="1" Page="411" />
  </Paragraph>
  <Paragraph>
    <Words Block="2" Page="411" />
  </Paragraph>
  <Paragraph>
    <Words Block="3" Page="411" />
  </Paragraph>
  <Paragraph>
    <Words Block="4" Page="411" />
  </Paragraph>
  <Paragraph>
    <Words Block="5" Page="411" />
  </Paragraph>
  <Paragraph>
    <Words Block="6" Page="411" />
  </Paragraph>
  <Paragraph>
    <Words Block="7" Page="411" />
  </Paragraph>
  <Paragraph>
    <Words Block="8" Page="411" />
  </Paragraph>
  <Paragraph>
    <Words Block="9" Page="411" />
  </Paragraph>
  <Paragraph>
    <Words Block="10" Page="411" />
  </Paragraph>
  <Paragraph>
    <Words Block="11" Page="411" />
  </Paragraph>
  <Paragraph>
    <Words Block="0" Page="412" />
  </Paragraph>
  <Paragraph>
    <Words Block="1" Page="412" />
  </Paragraph>
  <Paragraph>
    <Words Block="2" Page="412" />
  </Paragraph>
  <Paragraph>
    <Words Start="0" End="30" Block="3" Page="412" />
  </Paragraph>
  <Paragraph>
    <Words Start="31" End="45" Block="3" Page="412" />
  </Paragraph>
  <Paragraph>
    <Words Start="46" End="118" Block="3" Page="412" />
  </Paragraph>
  <Paragraph>
    <Words Start="119" End="150" Block="3" Page="412" />
  </Paragraph>
  <Paragraph>
    <Words Start="151" End="210" Block="3" Page="412" />
  </Paragraph>
  <Paragraph>
    <Words Block="4" Page="412" />
  </Paragraph>
  <Paragraph>
    <Words Start="0" End="67" Block="5" Page="412" />
  </Paragraph>
  <Paragraph>
    <Words Start="68" End="108" Block="5" Page="412" />
  </Paragraph>
  <Paragraph>
    <Words Block="6" Page="412" />
  </Paragraph>
  <Paragraph>
    <Words Block="0" Page="413" />
  </Paragraph>
  <Paragraph>
    <Words Block="1" Page="413" />
  </Paragraph>
  <Paragraph>
    <Words Block="2" Page="413" />
  </Paragraph>
  <Paragraph>
    <Words Block="3" Page="413" />
  </Paragraph>
  <Paragraph>
    <Words Block="4" Page="413" />
  </Paragraph>
  <Paragraph>
    <Words Block="5" Page="413" />
  </Paragraph>
  <Paragraph>
    <Words Block="6" Page="413" />
  </Paragraph>
  <Paragraph>
    <Words Block="7" Page="413" />
  </Paragraph>
  <Paragraph>
    <Words Block="8" Page="413" />
  </Paragraph>
  <Paragraph>
    <Words Block="9" Page="413" />
    <Words Block="10" Page="413" />
    <Words Block="11" Page="413" />
  </Paragraph>
  <Paragraph>
    <Words Block="12" Page="413" />
    <Words Block="13" Page="413" />
  </Paragraph>
  <Paragraph>
    <Words Block="14" Page="413" />
    <Words Block="15" Page="413" />
    <Words Block="16" Page="413" />
    <Words Block="17" Page="413" />
  </Paragraph>
  <Paragraph>
    <Words Block="18" Page="413" />
  </Paragraph>
  <Paragraph>
    <Words Block="19" Page="413" />
  </Paragraph>
  <Paragraph>
    <Words Block="20" Page="413" />
  </Paragraph>
  <Paragraph>
    <Words Block="0" Page="414" />
  </Paragraph>
  <Paragraph>
    <Words Block="1" Page="414" />
  </Paragraph>
  <Paragraph>
    <Words Block="2" Page="414" />
  </Paragraph>
  <Paragraph>
    <Words Block="3" Page="414" />
  </Paragraph>
  <Paragraph>
    <Words Block="4" Page="414" />
  </Paragraph>
  <Paragraph>
    <Words Block="5" Page="414" />
  </Paragraph>
  <Paragraph>
    <Words Start="0" End="73" Block="6" Page="414" />
  </Paragraph>
  <Paragraph>
    <Words Start="74" End="111" Block="6" Page="414" />
  </Paragraph>
  <Paragraph>
    <Words Block="7" Page="414" />
  </Paragraph>
  <Paragraph>
    <Words Block="8" Page="414" />
  </Paragraph>
  <Paragraph>
    <Words Start="0" End="17" Block="9" Page="414" />
  </Paragraph>
  <Paragraph>
    <Words Start="18" End="50" Block="9" Page="414" />
  </Paragraph>
  <Paragraph>
    <Words Block="10" Page="414" />
  </Paragraph>
  <Paragraph>
    <Words Block="0" Page="415" />
  </Paragraph>
  <Paragraph>
    <Words Block="1" Page="415" />
  </Paragraph>
  <Paragraph>
    <Words Block="2" Page="415" />
  </Paragraph>
  <Paragraph>
    <Words Block="3" Page="415" />
  </Paragraph>
  <Paragraph>
    <Words Block="4" Page="415" />
  </Paragraph>
  <Paragraph>
    <Words Start="0" End="33" Block="5" Page="415" />
  </Paragraph>
  <Paragraph>
    <Words Start="34" End="83" Block="5" Page="415" />
  </Paragraph>
  <Paragraph>
    <Words Block="6" Page="415" />
  </Paragraph>
  <Paragraph>
    <Words Start="0" End="65" Block="7" Page="415" />
  </Paragraph>
  <Paragraph>
    <Words Start="66" End="149" Block="7" Page="415" />
  </Paragraph>
  <Paragraph>
    <Words Start="150" End="171" Block="7" Page="415" />
  </Paragraph>
  <Paragraph>
    <Words Start="172" End="224" Block="7" Page="415" />
  </Paragraph>
  <Paragraph>
    <Words Start="225" End="240" Block="7" Page="415" />
  </Paragraph>
  <Paragraph>
    <Words Start="241" End="281" Block="7" Page="415" />
    <Words Block="0" Page="416" />
  </Paragraph>
  <Paragraph>
    <Words Block="1" Page="416" />
  </Paragraph>
  <Paragraph>
    <Words Block="2" Page="416" />
  </Paragraph>
  <Paragraph>
    <Words Block="3" Page="416" />
  </Paragraph>
  <Paragraph>
    <Words Block="4" Page="416" />
  </Paragraph>
  <Paragraph>
    <Words Block="5" Page="416" />
  </Paragraph>
  <Paragraph>
    <Words Block="6" Page="416" />
  </Paragraph>
  <Paragraph>
    <Words Block="7" Page="416" />
  </Paragraph>
  <Paragraph>
    <Words Start="0" End="7" Block="8" Page="416" />
  </Paragraph>
  <Paragraph>
    <Words Start="8" End="20" Block="8" Page="416" />
  </Paragraph>
  <Paragraph>
    <Words Start="21" End="33" Block="8" Page="416" />
  </Paragraph>
  <Paragraph>
    <Words Block="9" Page="416" />
  </Paragraph>
  <Paragraph>
    <Words Block="10" Page="416" />
  </Paragraph>
  <Paragraph>
    <Words Start="0" End="79" Block="0" Page="417" />
  </Paragraph>
  <Paragraph>
    <Words Start="80" End="91" Block="0" Page="417" />
  </Paragraph>
  <Paragraph>
    <Words Block="1" Page="417" />
  </Paragraph>
  <Paragraph>
    <Words Block="2" Page="417" />
  </Paragraph>
  <Paragraph>
    <Words Block="3" Page="417" />
  </Paragraph>
  <Paragraph>
    <Words Block="4" Page="417" />
  </Paragraph>
  <Paragraph>
    <Words Start="0" End="16" Block="5" Page="417" />
  </Paragraph>
  <Paragraph>
    <Words Start="17" End="58" Block="5" Page="417" />
  </Paragraph>
  <Paragraph>
    <Words Start="59" End="87" Block="5" Page="417" />
  </Paragraph>
  <Paragraph>
    <Words Start="88" End="105" Block="5" Page="417" />
  </Paragraph>
  <Paragraph>
    <Words Start="106" End="193" Block="5" Page="417" />
  </Paragraph>
  <Paragraph>
    <Words Start="194" End="245" Block="5" Page="417" />
  </Paragraph>
  <Paragraph>
    <Words Block="6" Page="417" />
  </Paragraph>
  <Paragraph>
    <Words Block="7" Page="417" />
    <Words Start="0" End="22" Block="0" Page="418" />
  </Paragraph>
  <Paragraph>
    <Words Start="23" End="62" Block="0" Page="418" />
  </Paragraph>
  <Paragraph>
    <Words Start="63" End="100" Block="0" Page="418" />
  </Paragraph>
  <Paragraph>
    <Words Start="101" End="173" Block="0" Page="418" />
  </Paragraph>
  <Paragraph>
    <Words Start="174" End="273" Block="0" Page="418" />
  </Paragraph>
  <Paragraph>
    <Words Block="1" Page="418" />
  </Paragraph>
  <Paragraph>
    <Words Block="2" Page="418" />
  </Paragraph>
  <Paragraph>
    <Words Block="3" Page="418" />
  </Paragraph>
  <Paragraph>
    <Words Block="4" Page="418" />
  </Paragraph>
  <Paragraph>
    <Words Block="5" Page="418" />
  </Paragraph>
  <Paragraph>
    <Words Block="6" Page="418" />
  </Paragraph>
  <Paragraph>
    <Words Block="7" Page="418" />
  </Paragraph>
  <Paragraph>
    <Words Start="0" End="46" Block="0" Page="419" />
  </Paragraph>
  <Paragraph>
    <Words Start="47" End="77" Block="0" Page="419" />
  </Paragraph>
  <Paragraph>
    <Words Block="1" Page="419" />
  </Paragraph>
  <Paragraph>
    <Words Block="2" Page="419" />
  </Paragraph>
  <Paragraph>
    <Words Block="3" Page="419" />
  </Paragraph>
  <Paragraph>
    <Words Block="4" Page="419" />
  </Paragraph>
  <Paragraph>
    <Words Block="5" Page="419" />
  </Paragraph>
  <Paragraph>
    <Words Block="6" Page="419" />
  </Paragraph>
  <Paragraph>
    <Words Block="7" Page="419" />
  </Paragraph>
  <Paragraph>
    <Words Block="8" Page="419" />
  </Paragraph>
  <Paragraph>
    <Words Block="9" Page="419" />
    <Words Block="0" Page="420" />
  </Paragraph>
  <Paragraph>
    <Words Start="0" End="20" Block="1" Page="420" />
  </Paragraph>
  <Paragraph>
    <Words Start="21" End="35" Block="1" Page="420" />
  </Paragraph>
  <Paragraph>
    <Words Block="2" Page="420" />
  </Paragraph>
  <Paragraph>
    <Words Block="3" Page="420" />
  </Paragraph>
  <Paragraph>
    <Words Start="0" End="89" Block="4" Page="420" />
  </Paragraph>
  <Paragraph>
    <Words Start="90" End="119" Block="4" Page="420" />
  </Paragraph>
  <Paragraph>
    <Words Start="120" End="140" Block="4" Page="420" />
  </Paragraph>
  <Paragraph>
    <Words Start="141" End="167" Block="4" Page="420" />
  </Paragraph>
  <Paragraph>
    <Words Block="5" Page="420" />
  </Paragraph>
  <Paragraph>
    <Words Block="6" Page="420" />
  </Paragraph>
  <Paragraph>
    <Words Block="7" Page="420" />
  </Paragraph>
  <Paragraph>
    <Words Start="0" End="28" Block="8" Page="420" />
  </Paragraph>
  <Paragraph>
    <Words Start="29" End="62" Block="8" Page="420" />
  </Paragraph>
  <Paragraph>
    <Words Block="0" Page="421" />
  </Paragraph>
  <Paragraph>
    <Words Start="0" End="79" Block="1" Page="421" />
  </Paragraph>
  <Paragraph>
    <Words Start="80" End="147" Block="1" Page="421" />
  </Paragraph>
  <Paragraph>
    <Words Start="148" End="190" Block="1" Page="421" />
  </Paragraph>
  <Paragraph>
    <Words Block="2" Page="421" />
  </Paragraph>
  <Paragraph>
    <Words Block="3" Page="421" />
  </Paragraph>
  <Paragraph>
    <Words Block="4" Page="421" />
  </Paragraph>
  <Paragraph>
    <Words Block="5" Page="421" />
  </Paragraph>
  <Paragraph>
    <Words Block="6" Page="421" />
  </Paragraph>
  <Paragraph>
    <Words Block="7" Page="421" />
  </Paragraph>
  <Paragraph>
    <Words Block="8" Page="421" />
  </Paragraph>
  <Paragraph>
    <Words Block="9" Page="421" />
  </Paragraph>
  <Paragraph>
    <Words Block="10" Page="421" />
  </Paragraph>
  <Paragraph>
    <Words Block="11" Page="421" />
  </Paragraph>
  <Paragraph>
    <Words Block="12" Page="421" />
  </Paragraph>
  <Paragraph>
    <Words Block="0" Page="422" />
  </Paragraph>
  <Paragraph>
    <Words Block="1" Page="422" />
  </Paragraph>
  <Paragraph>
    <Words Start="0" End="52" Block="2" Page="422" />
  </Paragraph>
  <Paragraph>
    <Words Start="53" End="143" Block="2" Page="422" />
  </Paragraph>
  <Paragraph>
    <Words Start="144" End="187" Block="2" Page="422" />
  </Paragraph>
  <Paragraph>
    <Words Start="188" End="247" Block="2" Page="422" />
  </Paragraph>
  <Paragraph>
    <Words Start="248" End="274" Block="2" Page="422" />
  </Paragraph>
  <Paragraph>
    <Words Start="275" End="350" Block="2" Page="422" />
  </Paragraph>
  <Paragraph>
    <Words Start="351" End="398" Block="2" Page="422" />
  </Paragraph>
  <Paragraph>
    <Words Start="399" End="480" Block="2" Page="422" />
  </Paragraph>
  <Paragraph>
    <Words Start="481" End="556" Block="2" Page="422" />
  </Paragraph>
  <Paragraph>
    <Words Block="0" Page="423" />
  </Paragraph>
  <Paragraph>
    <Words Block="1" Page="423" />
  </Paragraph>
  <Paragraph>
    <Words Block="2" Page="423" />
  </Paragraph>
  <Paragraph>
    <Words Block="3" Page="423" />
  </Paragraph>
  <Paragraph>
    <Words Block="4" Page="423" />
  </Paragraph>
  <Paragraph>
    <Words Block="5" Page="423" />
  </Paragraph>
  <Paragraph>
    <Words Block="6" Page="423" />
  </Paragraph>
  <Paragraph>
    <Words Block="7" Page="423" />
  </Paragraph>
  <Paragraph>
    <Words Block="8" Page="423" />
  </Paragraph>
  <Paragraph>
    <Words Block="9" Page="423" />
  </Paragraph>
  <Paragraph>
    <Words Block="10" Page="423" />
  </Paragraph>
  <Paragraph>
    <Words Start="0" End="32" Block="11" Page="423" />
  </Paragraph>
  <Paragraph>
    <Words Start="33" End="107" Block="11" Page="423" />
  </Paragraph>
  <Paragraph>
    <Words Start="108" End="143" Block="11" Page="423" />
  </Paragraph>
  <Paragraph>
    <Words Block="0" Page="424" />
  </Paragraph>
  <Paragraph>
    <Words Block="1" Page="424" />
  </Paragraph>
  <Paragraph>
    <Words Block="2" Page="424" />
  </Paragraph>
  <Paragraph>
    <Words Block="3" Page="424" />
  </Paragraph>
  <Paragraph>
    <Words Block="4" Page="424" />
  </Paragraph>
  <Paragraph>
    <Words Block="5" Page="424" />
  </Paragraph>
  <Paragraph>
    <Words Block="6" Page="424" />
  </Paragraph>
  <Paragraph>
    <Words Block="7" Page="424" />
  </Paragraph>
  <Paragraph>
    <Words Block="8" Page="424" />
  </Paragraph>
  <Paragraph>
    <Words Start="0" End="22" Block="9" Page="424" />
  </Paragraph>
  <Paragraph>
    <Words Start="23" End="57" Block="9" Page="424" />
  </Paragraph>
  <Paragraph>
    <Words Block="10" Page="424" />
  </Paragraph>
  <Paragraph>
    <Words Block="11" Page="424" />
  </Paragraph>
  <Paragraph>
    <Words Block="12" Page="424" />
  </Paragraph>
  <Paragraph>
    <Words Start="0" End="18" Block="13" Page="424" />
  </Paragraph>
  <Paragraph>
    <Words Start="19" End="53" Block="13" Page="424" />
    <Words Block="0" Page="425" />
  </Paragraph>
  <Paragraph>
    <Words Block="1" Page="425" />
  </Paragraph>
  <Paragraph>
    <Words Block="2" Page="425" />
  </Paragraph>
  <Paragraph>
    <Words Block="3" Page="425" />
  </Paragraph>
  <Paragraph>
    <Words Block="4" Page="425" />
  </Paragraph>
  <Paragraph>
    <Words Block="5" Page="425" />
  </Paragraph>
  <Paragraph>
    <Words Block="0" Page="426" />
  </Paragraph>
  <Paragraph>
    <Words Block="1" Page="426" />
  </Paragraph>
  <Paragraph>
    <Words Block="2" Page="426" />
  </Paragraph>
  <Paragraph>
    <Words Block="3" Page="426" />
  </Paragraph>
  <Paragraph>
    <Words Block="4" Page="426" />
  </Paragraph>
  <Paragraph>
    <Words Block="5" Page="426" />
  </Paragraph>
  <Paragraph>
    <Words Block="6" Page="426" />
  </Paragraph>
  <Paragraph>
    <Words Start="0" End="22" Block="7" Page="426" />
  </Paragraph>
  <Paragraph>
    <Words Start="23" End="64" Block="7" Page="426" />
  </Paragraph>
  <Paragraph>
    <Words Block="8" Page="426" />
  </Paragraph>
  <Paragraph>
    <Words Block="9" Page="426" />
  </Paragraph>
  <Paragraph>
    <Words Block="10" Page="426" />
  </Paragraph>
  <Paragraph>
    <Words Block="11" Page="426" />
  </Paragraph>
  <Paragraph>
    <Words Start="0" End="18" Block="12" Page="426" />
  </Paragraph>
  <Paragraph>
    <Words Start="19" End="71" Block="12" Page="426" />
    <Words Block="0" Page="427" />
  </Paragraph>
  <Paragraph>
    <Words Block="1" Page="427" />
  </Paragraph>
  <Paragraph>
    <Words Block="2" Page="427" />
  </Paragraph>
  <Paragraph>
    <Words Block="3" Page="427" />
  </Paragraph>
  <Paragraph>
    <Words Block="4" Page="427" />
  </Paragraph>
  <Paragraph>
    <Words Block="5" Page="427" />
  </Paragraph>
  <Paragraph>
    <Words Block="6" Page="427" />
  </Paragraph>
  <Paragraph>
    <Words Start="0" End="42" Block="7" Page="427" />
  </Paragraph>
  <Paragraph>
    <Words Start="43" End="137" Block="7" Page="427" />
  </Paragraph>
  <Paragraph>
    <Words Start="138" End="187" Block="7" Page="427" />
  </Paragraph>
  <Paragraph>
    <Words Block="0" Page="428" />
  </Paragraph>
  <Paragraph>
    <Words Start="0" End="56" Block="1" Page="428" />
  </Paragraph>
  <Paragraph>
    <Words Start="57" End="92" Block="1" Page="428" />
  </Paragraph>
  <Paragraph>
    <Words Block="2" Page="428" />
  </Paragraph>
  <Paragraph>
    <Words Block="3" Page="428" />
  </Paragraph>
  <Paragraph>
    <Words Block="4" Page="428" />
  </Paragraph>
  <Paragraph>
    <Words Block="5" Page="428" />
  </Paragraph>
  <Paragraph>
    <Words Block="6" Page="428" />
  </Paragraph>
  <Paragraph>
    <Words Start="0" End="20" Block="7" Page="428" />
  </Paragraph>
  <Paragraph>
    <Words Start="21" End="39" Block="7" Page="428" />
  </Paragraph>
  <Paragraph>
    <Words Start="40" End="78" Block="7" Page="428" />
  </Paragraph>
  <Paragraph>
    <Words Block="8" Page="428" />
  </Paragraph>
  <Paragraph>
    <Words Block="0" Page="429" />
  </Paragraph>
  <Paragraph>
    <Words Block="1" Page="429" />
  </Paragraph>
  <Paragraph>
    <Words Block="2" Page="429" />
  </Paragraph>
  <Paragraph>
    <Words Block="3" Page="429" />
  </Paragraph>
  <Paragraph>
    <Words Block="4" Page="429" />
  </Paragraph>
  <Paragraph>
    <Words Block="5" Page="429" />
  </Paragraph>
  <Paragraph>
    <Words Block="6" Page="429" />
  </Paragraph>
  <Paragraph>
    <Words Block="7" Page="429" />
  </Paragraph>
  <Paragraph>
    <Words Block="8" Page="429" />
  </Paragraph>
  <Paragraph>
    <Words Start="0" End="16" Block="9" Page="429" />
  </Paragraph>
  <Paragraph>
    <Words Start="17" End="102" Block="9" Page="429" />
  </Paragraph>
  <Paragraph>
    <Words Start="103" End="145" Block="9" Page="429" />
  </Paragraph>
  <Paragraph>
    <Words Start="0" End="28" Block="0" Page="430" />
  </Paragraph>
  <Paragraph>
    <Words Start="29" End="135" Block="0" Page="430" />
  </Paragraph>
  <Paragraph>
    <Words Block="1" Page="430" />
  </Paragraph>
  <Paragraph>
    <Words Start="0" End="56" Block="2" Page="430" />
  </Paragraph>
  <Paragraph>
    <Words Start="57" End="88" Block="2" Page="430" />
  </Paragraph>
  <Paragraph>
    <Words Block="3" Page="430" />
  </Paragraph>
  <Paragraph>
    <Words Start="0" End="54" Block="4" Page="430" />
  </Paragraph>
  <Paragraph>
    <Words Start="55" End="74" Block="4" Page="430" />
  </Paragraph>
  <Paragraph>
    <Words Block="5" Page="430" />
  </Paragraph>
  <Paragraph>
    <Words Block="6" Page="430" />
  </Paragraph>
  <Paragraph>
    <Words Block="7" Page="430" />
  </Paragraph>
  <Paragraph>
    <Words Block="8" Page="430" />
  </Paragraph>
  <Paragraph>
    <Words Start="0" End="29" Block="0" Page="431" />
  </Paragraph>
  <Paragraph>
    <Words Start="30" End="88" Block="0" Page="431" />
  </Paragraph>
  <Paragraph>
    <Words Start="89" End="125" Block="0" Page="431" />
  </Paragraph>
  <Paragraph>
    <Words Start="126" End="248" Block="0" Page="431" />
  </Paragraph>
  <Paragraph>
    <Words Block="1" Page="431" />
  </Paragraph>
  <Paragraph>
    <Words Block="2" Page="431" />
  </Paragraph>
  <Paragraph>
    <Words Block="3" Page="431" />
  </Paragraph>
  <Paragraph>
    <Words Block="4" Page="431" />
  </Paragraph>
  <Paragraph>
    <Words Block="5" Page="431" />
  </Paragraph>
  <Paragraph>
    <Words Block="0" Page="432" />
  </Paragraph>
  <Paragraph>
    <Words Block="1" Page="432" />
  </Paragraph>
  <Paragraph>
    <Words Block="2" Page="432" />
  </Paragraph>
  <Paragraph>
    <Words Block="3" Page="432" />
  </Paragraph>
  <Paragraph>
    <Words Block="4" Page="432" />
  </Paragraph>
  <Paragraph>
    <Words Block="5" Page="432" />
  </Paragraph>
  <Paragraph>
    <Words Block="6" Page="432" />
  </Paragraph>
  <Paragraph>
    <Words Start="0" End="18" Block="7" Page="432" />
  </Paragraph>
  <Paragraph>
    <Words Start="19" End="24" Block="7" Page="432" />
  </Paragraph>
  <Paragraph>
    <Words Block="8" Page="432" />
  </Paragraph>
  <Paragraph>
    <Words Block="9" Page="432" />
  </Paragraph>
  <Paragraph>
    <Words Block="10" Page="432" />
  </Paragraph>
  <Paragraph>
    <Words Block="11" Page="432" />
  </Paragraph>
  <Paragraph>
    <Words Block="0" Page="433" />
  </Paragraph>
  <Paragraph>
    <Words Start="0" End="20" Block="1" Page="433" />
  </Paragraph>
  <Paragraph>
    <Words Start="21" End="68" Block="1" Page="433" />
  </Paragraph>
  <Paragraph>
    <Words Start="69" End="108" Block="1" Page="433" />
  </Paragraph>
  <Paragraph>
    <Words Start="109" End="139" Block="1" Page="433" />
  </Paragraph>
  <Paragraph>
    <Words Start="140" End="191" Block="1" Page="433" />
  </Paragraph>
  <Paragraph>
    <Words Start="192" End="230" Block="1" Page="433" />
  </Paragraph>
  <Paragraph>
    <Words Start="231" End="275" Block="1" Page="433" />
  </Paragraph>
  <Paragraph>
    <Words Start="276" End="279" Block="1" Page="433" />
  </Paragraph>
  <Paragraph>
    <Words Start="280" End="297" Block="1" Page="433" />
  </Paragraph>
  <Paragraph>
    <Words Start="298" End="372" Block="1" Page="433" />
  </Paragraph>
  <Paragraph>
    <Words Block="2" Page="433" />
  </Paragraph>
  <Paragraph>
    <Words Start="0" End="32" Block="3" Page="433" />
  </Paragraph>
  <Paragraph>
    <Words Start="33" End="50" Block="3" Page="433" />
  </Paragraph>
  <Paragraph>
    <Words Block="0" Page="434" />
  </Paragraph>
  <Paragraph>
    <Words Start="0" End="24" Block="1" Page="434" />
  </Paragraph>
  <Paragraph>
    <Words Start="25" End="38" Block="1" Page="434" />
  </Paragraph>
  <Paragraph>
    <Words Start="39" End="80" Block="1" Page="434" />
  </Paragraph>
  <Paragraph>
    <Words Start="81" End="169" Block="1" Page="434" />
  </Paragraph>
  <Paragraph>
    <Words Start="170" End="250" Block="1" Page="434" />
  </Paragraph>
  <Paragraph>
    <Words Start="251" End="254" Block="1" Page="434" />
  </Paragraph>
  <Paragraph>
    <Words Start="255" End="295" Block="1" Page="434" />
  </Paragraph>
  <Paragraph>
    <Words Start="296" End="389" Block="1" Page="434" />
  </Paragraph>
  <Paragraph>
    <Words Start="390" End="403" Block="1" Page="434" />
  </Paragraph>
  <Paragraph>
    <Words Start="404" End="466" Block="1" Page="434" />
  </Paragraph>
  <Paragraph>
    <Words Start="467" End="537" Block="1" Page="434" />
  </Paragraph>
  <Paragraph>
    <Words Block="0" Page="435" />
  </Paragraph>
  <Paragraph>
    <Words Block="1" Page="435" />
  </Paragraph>
  <Paragraph>
    <Words Block="2" Page="435" />
  </Paragraph>
  <Paragraph>
    <Words Block="3" Page="435" />
  </Paragraph>
  <Paragraph>
    <Words Block="4" Page="435" />
  </Paragraph>
  <Paragraph>
    <Words Block="5" Page="435" />
  </Paragraph>
  <Paragraph>
    <Words Block="6" Page="435" />
  </Paragraph>
  <Paragraph>
    <Words Block="7" Page="435" />
  </Paragraph>
  <Paragraph>
    <Words Block="8" Page="435" />
  </Paragraph>
  <Paragraph>
    <Words Block="9" Page="435" />
  </Paragraph>
  <Paragraph>
    <Words Block="10" Page="435" />
  </Paragraph>
  <Paragraph>
    <Words Block="11" Page="435" />
  </Paragraph>
  <Paragraph>
    <Words Block="12" Page="435" />
  </Paragraph>
  <Paragraph>
    <Words Block="13" Page="435" />
  </Paragraph>
  <Paragraph>
    <Words Block="0" Page="436" />
  </Paragraph>
  <Paragraph>
    <Words Block="1" Page="436" />
  </Paragraph>
  <Paragraph>
    <Words Block="2" Page="436" />
  </Paragraph>
  <Paragraph>
    <Words Block="3" Page="436" />
  </Paragraph>
  <Paragraph>
    <Words Block="4" Page="436" />
  </Paragraph>
  <Paragraph>
    <Words Block="5" Page="436" />
  </Paragraph>
  <Paragraph>
    <Words Block="6" Page="436" />
  </Paragraph>
  <Paragraph>
    <Words Block="7" Page="436" />
  </Paragraph>
  <Paragraph>
    <Words Block="8" Page="436" />
  </Paragraph>
  <Paragraph>
    <Words Block="9" Page="436" />
  </Paragraph>
  <Paragraph>
    <Words Start="0" End="38" Block="10" Page="436" />
  </Paragraph>
  <Paragraph>
    <Words Start="39" End="63" Block="10" Page="436" />
  </Paragraph>
  <Paragraph>
    <Words Block="11" Page="436" />
  </Paragraph>
  <Paragraph>
    <Words Block="12" Page="436" />
  </Paragraph>
  <Paragraph>
    <Words Block="0" Page="437" />
  </Paragraph>
  <Paragraph>
    <Words Block="1" Page="437" />
  </Paragraph>
  <Paragraph>
    <Words Block="2" Page="437" />
  </Paragraph>
  <Paragraph>
    <Words Block="3" Page="437" />
  </Paragraph>
  <Paragraph>
    <Words Block="4" Page="437" />
  </Paragraph>
  <Paragraph>
    <Words Block="5" Page="437" />
  </Paragraph>
  <Paragraph>
    <Words Block="6" Page="437" />
  </Paragraph>
  <Paragraph>
    <Words Block="7" Page="437" />
  </Paragraph>
  <Paragraph>
    <Words Block="8" Page="437" />
  </Paragraph>
  <Paragraph>
    <Words Block="9" Page="437" />
  </Paragraph>
  <Paragraph>
    <Words Block="10" Page="437" />
  </Paragraph>
  <Paragraph>
    <Words Block="11" Page="437" />
  </Paragraph>
  <Paragraph>
    <Words Start="0" End="33" Block="12" Page="437" />
  </Paragraph>
  <Paragraph>
    <Words Start="34" End="120" Block="12" Page="437" />
  </Paragraph>
  <Paragraph>
    <Words Start="121" End="156" Block="12" Page="437" />
  </Paragraph>
  <Paragraph>
    <Words Start="157" End="190" Block="12" Page="437" />
  </Paragraph>
  <Paragraph>
    <Words Start="191" End="281" Block="12" Page="437" />
  </Paragraph>
  <Paragraph>
    <Words Block="13" Page="437" />
  </Paragraph>
  <Paragraph>
    <Words Block="14" Page="437" />
  </Paragraph>
  <Paragraph>
    <Words Block="0" Page="438" />
  </Paragraph>
  <Paragraph>
    <Words Block="1" Page="438" />
  </Paragraph>
  <Paragraph>
    <Words Block="2" Page="438" />
  </Paragraph>
  <Paragraph>
    <Words Block="3" Page="438" />
  </Paragraph>
  <Paragraph>
    <Words Block="4" Page="438" />
  </Paragraph>
  <Paragraph>
    <Words Block="5" Page="438" />
  </Paragraph>
  <Paragraph>
    <Words Block="6" Page="438" />
  </Paragraph>
  <Paragraph>
    <Words Block="7" Page="438" />
  </Paragraph>
  <Paragraph>
    <Words Block="8" Page="438" />
  </Paragraph>
  <Paragraph>
    <Words Block="9" Page="438" />
  </Paragraph>
  <Paragraph>
    <Words Block="10" Page="438" />
  </Paragraph>
  <Paragraph>
    <Words Block="11" Page="438" />
  </Paragraph>
  <Paragraph>
    <Words Block="12" Page="438" />
  </Paragraph>
  <Paragraph>
    <Words Block="13" Page="438" />
  </Paragraph>
  <Paragraph>
    <Words Block="14" Page="438" />
  </Paragraph>
  <Paragraph>
    <Words Block="15" Page="438" />
  </Paragraph>
  <Paragraph>
    <Words Start="0" End="51" Block="16" Page="438" />
  </Paragraph>
  <Paragraph>
    <Words Start="52" End="76" Block="16" Page="438" />
  </Paragraph>
  <Paragraph>
    <Words Start="77" End="144" Block="16" Page="438" />
  </Paragraph>
  <Paragraph>
    <Words Start="145" End="159" Block="16" Page="438" />
  </Paragraph>
  <Paragraph>
    <Words Start="160" End="194" Block="16" Page="438" />
  </Paragraph>
  <Paragraph>
    <Words Start="195" End="259" Block="16" Page="438" />
    <Words Start="0" End="32" Block="1" Page="439" />
  </Paragraph>
  <Paragraph>
    <Words Start="33" End="46" Block="1" Page="439" />
  </Paragraph>
  <Paragraph>
    <Words Block="2" Page="439" />
  </Paragraph>
  <Paragraph>
    <Words Start="0" End="66" Block="3" Page="439" />
  </Paragraph>
  <Paragraph>
    <Words Start="67" End="153" Block="3" Page="439" />
  </Paragraph>
  <Paragraph>
    <Words Block="4" Page="439" />
  </Paragraph>
  <Paragraph>
    <Words Block="5" Page="439" />
  </Paragraph>
  <Paragraph>
    <Words Block="6" Page="439" />
  </Paragraph>
  <Paragraph>
    <Words Start="0" End="39" Block="7" Page="439" />
  </Paragraph>
  <Paragraph>
    <Words Start="40" End="99" Block="7" Page="439" />
  </Paragraph>
  <Paragraph>
    <Words Start="100" End="197" Block="7" Page="439" />
  </Paragraph>
  <Paragraph>
    <Words Block="0" Page="440" />
  </Paragraph>
  <Paragraph>
    <Words Start="0" End="33" Block="1" Page="440" />
  </Paragraph>
  <Paragraph>
    <Words Start="34" End="95" Block="1" Page="440" />
  </Paragraph>
  <Paragraph>
    <Words Block="2" Page="440" />
  </Paragraph>
  <Paragraph>
    <Words Start="0" End="43" Block="3" Page="440" />
  </Paragraph>
  <Paragraph>
    <Words Start="44" End="86" Block="3" Page="440" />
  </Paragraph>
  <Paragraph>
    <Words Start="87" End="141" Block="3" Page="440" />
  </Paragraph>
  <Paragraph>
    <Words Block="4" Page="440" />
  </Paragraph>
  <Paragraph>
    <Words Start="0" End="25" Block="5" Page="440" />
  </Paragraph>
  <Paragraph>
    <Words Start="26" End="58" Block="5" Page="440" />
  </Paragraph>
  <Paragraph>
    <Words Block="6" Page="440" />
  </Paragraph>
  <Paragraph>
    <Words Start="0" End="65" Block="7" Page="440" />
  </Paragraph>
  <Paragraph>
    <Words Start="66" End="106" Block="7" Page="440" />
  </Paragraph>
  <Paragraph>
    <Words Start="107" End="135" Block="7" Page="440" />
  </Paragraph>
  <Paragraph>
    <Words Start="136" End="174" Block="7" Page="440" />
  </Paragraph>
  <Paragraph>
    <Words Block="0" Page="441" />
  </Paragraph>
  <Paragraph>
    <Words Block="1" Page="441" />
  </Paragraph>
  <Paragraph>
    <Words Block="2" Page="441" />
  </Paragraph>
  <Paragraph>
    <Words Block="3" Page="441" />
  </Paragraph>
  <Paragraph>
    <Words Block="4" Page="441" />
  </Paragraph>
  <Paragraph>
    <Words Block="5" Page="441" />
  </Paragraph>
  <Paragraph>
    <Words Block="6" Page="441" />
  </Paragraph>
  <Paragraph>
    <Words Block="7" Page="441" />
  </Paragraph>
  <Paragraph>
    <Words Block="8" Page="441" />
  </Paragraph>
  <Paragraph>
    <Words Block="9" Page="441" />
  </Paragraph>
  <Paragraph>
    <Words Block="10" Page="441" />
  </Paragraph>
  <Paragraph>
    <Words Block="11" Page="441" />
  </Paragraph>
  <Paragraph>
    <Words Block="12" Page="441" />
  </Paragraph>
  <Paragraph>
    <Words Block="13" Page="441" />
  </Paragraph>
  <Paragraph>
    <Words Block="14" Page="441" />
  </Paragraph>
  <Paragraph>
    <Words Block="15" Page="441" />
  </Paragraph>
  <Paragraph>
    <Words Block="16" Page="441" />
  </Paragraph>
  <Paragraph>
    <Words Block="17" Page="441" />
  </Paragraph>
  <Paragraph>
    <Words Block="18" Page="441" />
  </Paragraph>
  <Paragraph>
    <Words Block="19" Page="441" />
  </Paragraph>
  <Paragraph>
    <Words Block="20" Page="441" />
  </Paragraph>
  <Paragraph>
    <Words Block="21" Page="441" />
  </Paragraph>
  <Paragraph>
    <Words Block="22" Page="441" />
  </Paragraph>
  <Paragraph>
    <Words Block="23" Page="441" />
  </Paragraph>
  <Paragraph>
    <Words Block="24" Page="441" />
  </Paragraph>
  <Paragraph>
    <Words Block="25" Page="441" />
  </Paragraph>
  <Paragraph>
    <Words Block="26" Page="441" />
  </Paragraph>
  <Paragraph>
    <Words Block="27" Page="441" />
  </Paragraph>
  <Paragraph>
    <Words Block="28" Page="441" />
  </Paragraph>
  <Paragraph>
    <Words Block="29" Page="441" />
  </Paragraph>
  <Paragraph>
    <Words Block="30" Page="441" />
  </Paragraph>
  <Paragraph>
    <Words Block="31" Page="441" />
  </Paragraph>
  <Paragraph>
    <Words Block="32" Page="441" />
  </Paragraph>
  <Paragraph>
    <Words Block="33" Page="441" />
  </Paragraph>
  <Paragraph>
    <Words Block="34" Page="441" />
  </Paragraph>
  <Paragraph>
    <Words Block="35" Page="441" />
  </Paragraph>
  <Paragraph>
    <Words Block="36" Page="441" />
  </Paragraph>
  <Paragraph>
    <Words Block="37" Page="441" />
  </Paragraph>
  <Paragraph>
    <Words Block="38" Page="441" />
  </Paragraph>
</Flow>