﻿<?xml version="1.0" encoding="utf-8"?>
<Flow Name="f2">
  <Paragraph>
    <Words Block="0" Page="5" />
  </Paragraph>
  <Paragraph>
    <Words Block="1" Page="5" />
  </Paragraph>
  <Paragraph>
    <Words Block="2" Page="5" />
    <Words Block="3" Page="5" />
    <Words Block="4" Page="5" />
  </Paragraph>
  <Paragraph>
    <Words Block="5" Page="5" />
  </Paragraph>
  <Paragraph>
    <Words Block="6" Page="5" />
  </Paragraph>
  <Paragraph>
    <Words Block="7" Page="5" />
  </Paragraph>
  <Paragraph>
    <Words Block="8" Page="5" />
  </Paragraph>
  <Paragraph>
    <Words Block="0" Page="6" />
  </Paragraph>
  <Paragraph>
    <Words Block="1" Page="6" />
    <Words Block="2" Page="6" />
  </Paragraph>
</Flow>