﻿<?xml version="1.0" encoding="utf-8"?>
<Flow Name="f10">
  <Paragraph>
    <Words Block="0" Page="442" />
  </Paragraph>
  <Paragraph>
    <Words Block="1" Page="442" />
  </Paragraph>
  <Paragraph>
    <Words Start="0" End="4" Block="2" Page="442" />
  </Paragraph>
  <Paragraph>
    <Words Start="5" End="22" Block="2" Page="442" />
  </Paragraph>
  <Paragraph>
    <Words Start="23" End="33" Block="2" Page="442" />
  </Paragraph>
  <Paragraph>
    <Words Start="34" End="60" Block="2" Page="442" />
  </Paragraph>
  <Paragraph>
    <Words Start="61" End="95" Block="2" Page="442" />
  </Paragraph>
  <Paragraph>
    <Words Start="0" End="1" Block="3" Page="442" />
  </Paragraph>
  <Paragraph>
    <Words Start="2" End="10" Block="3" Page="442" />
  </Paragraph>
  <Paragraph>
    <Words Start="11" End="13" Block="3" Page="442" />
  </Paragraph>
  <Paragraph>
    <Words Start="14" End="16" Block="3" Page="442" />
  </Paragraph>
  <Paragraph>
    <Words Start="17" End="19" Block="3" Page="442" />
  </Paragraph>
  <Paragraph>
    <Words Start="20" End="22" Block="3" Page="442" />
  </Paragraph>
  <Paragraph>
    <Words Start="0" End="1" Block="4" Page="442" />
  </Paragraph>
  <Paragraph>
    <Words Start="2" End="6" Block="4" Page="442" />
  </Paragraph>
  <Paragraph>
    <Words Start="7" End="11" Block="4" Page="442" />
  </Paragraph>
  <Paragraph>
    <Words Start="12" End="16" Block="4" Page="442" />
  </Paragraph>
  <Paragraph>
    <Words Start="17" End="20" Block="4" Page="442" />
  </Paragraph>
  <Paragraph>
    <Words Start="21" End="21" Block="4" Page="442" />
  </Paragraph>
  <Paragraph>
    <Words Start="22" End="25" Block="4" Page="442" />
  </Paragraph>
  <Paragraph>
    <Words Start="26" End="30" Block="4" Page="442" />
  </Paragraph>
  <Paragraph>
    <Words Block="5" Page="442" />
  </Paragraph>
  <Paragraph>
    <Words Block="0" Page="443" />
  </Paragraph>
  <Paragraph>
    <Words Block="1" Page="443" />
  </Paragraph>
  <Paragraph>
    <Words Start="0" End="58" Block="0" Page="444" />
  </Paragraph>
  <Paragraph>
    <Words Start="59" End="182" Block="0" Page="444" />
  </Paragraph>
  <Paragraph>
    <Words Start="183" End="240" Block="0" Page="444" />
  </Paragraph>
  <Paragraph>
    <Words Start="241" End="295" Block="0" Page="444" />
  </Paragraph>
  <Paragraph>
    <Words Block="1" Page="444" />
  </Paragraph>
  <Paragraph>
    <Words Block="2" Page="444" />
  </Paragraph>
  <Paragraph>
    <Words Start="0" End="42" Block="3" Page="444" />
  </Paragraph>
  <Paragraph>
    <Words Start="43" End="55" Block="3" Page="444" />
  </Paragraph>
  <Paragraph>
    <Words Start="56" End="108" Block="3" Page="444" />
  </Paragraph>
  <Paragraph>
    <Words Block="4" Page="444" />
  </Paragraph>
  <Paragraph>
    <Words Block="5" Page="444" />
  </Paragraph>
  <Paragraph>
    <Words Block="0" Page="445" />
  </Paragraph>
  <Paragraph>
    <Words Block="1" Page="445" />
  </Paragraph>
  <Paragraph>
    <Words Block="2" Page="445" />
  </Paragraph>
  <Paragraph>
    <Words Block="3" Page="445" />
  </Paragraph>
  <Paragraph>
    <Words Block="4" Page="445" />
  </Paragraph>
  <Paragraph>
    <Words Block="5" Page="445" />
  </Paragraph>
  <Paragraph>
    <Words Block="6" Page="445" />
  </Paragraph>
  <Paragraph>
    <Words Start="0" End="61" Block="7" Page="445" />
  </Paragraph>
  <Paragraph>
    <Words Start="62" End="71" Block="7" Page="445" />
  </Paragraph>
  <Paragraph>
    <Words Block="8" Page="445" />
  </Paragraph>
  <Paragraph>
    <Words Block="9" Page="445" />
  </Paragraph>
  <Paragraph>
    <Words Block="0" Page="446" />
  </Paragraph>
  <Paragraph>
    <Words Start="0" End="19" Block="1" Page="446" />
  </Paragraph>
  <Paragraph>
    <Words Start="20" End="88" Block="1" Page="446" />
  </Paragraph>
  <Paragraph>
    <Words Start="89" End="147" Block="1" Page="446" />
  </Paragraph>
  <Paragraph>
    <Words Start="148" End="151" Block="1" Page="446" />
  </Paragraph>
  <Paragraph>
    <Words Start="152" End="165" Block="1" Page="446" />
  </Paragraph>
  <Paragraph>
    <Words Start="166" End="236" Block="1" Page="446" />
  </Paragraph>
  <Paragraph>
    <Words Start="0" End="83" Block="2" Page="446" />
  </Paragraph>
  <Paragraph>
    <Words Start="84" End="107" Block="2" Page="446" />
  </Paragraph>
  <Paragraph>
    <Words Start="108" End="155" Block="2" Page="446" />
  </Paragraph>
  <Paragraph>
    <Words Start="156" End="158" Block="2" Page="446" />
  </Paragraph>
  <Paragraph>
    <Words Start="159" End="173" Block="2" Page="446" />
  </Paragraph>
  <Paragraph>
    <Words Start="174" End="211" Block="2" Page="446" />
  </Paragraph>
  <Paragraph>
    <Words Start="212" End="224" Block="2" Page="446" />
  </Paragraph>
  <Paragraph>
    <Words Start="225" End="271" Block="2" Page="446" />
  </Paragraph>
  <Paragraph>
    <Words Block="0" Page="447" />
  </Paragraph>
  <Paragraph>
    <Words Start="0" End="80" Block="1" Page="447" />
  </Paragraph>
  <Paragraph>
    <Words Start="81" End="85" Block="1" Page="447" />
  </Paragraph>
  <Paragraph>
    <Words Start="86" End="107" Block="1" Page="447" />
  </Paragraph>
  <Paragraph>
    <Words Start="0" End="46" Block="2" Page="447" />
  </Paragraph>
  <Paragraph>
    <Words Start="47" End="47" Block="2" Page="447" />
  </Paragraph>
  <Paragraph>
    <Words Block="3" Page="447" />
  </Paragraph>
  <Paragraph>
    <Words Start="0" End="63" Block="4" Page="447" />
  </Paragraph>
  <Paragraph>
    <Words Start="64" End="155" Block="4" Page="447" />
  </Paragraph>
  <Paragraph>
    <Words Start="156" End="209" Block="4" Page="447" />
  </Paragraph>
  <Paragraph>
    <Words Block="5" Page="447" />
  </Paragraph>
  <Paragraph>
    <Words Start="0" End="18" Block="6" Page="447" />
  </Paragraph>
  <Paragraph>
    <Words Start="19" End="37" Block="6" Page="447" />
    <Words Start="0" End="20" Block="0" Page="448" />
  </Paragraph>
  <Paragraph>
    <Words Start="21" End="32" Block="0" Page="448" />
  </Paragraph>
  <Paragraph>
    <Words Block="1" Page="448" />
  </Paragraph>
  <Paragraph>
    <Words Block="2" Page="448" />
  </Paragraph>
  <Paragraph>
    <Words Block="3" Page="448" />
  </Paragraph>
  <Paragraph>
    <Words Block="4" Page="448" />
  </Paragraph>
  <Paragraph>
    <Words Block="5" Page="448" />
  </Paragraph>
  <Paragraph>
    <Words Start="0" End="38" Block="6" Page="448" />
  </Paragraph>
  <Paragraph>
    <Words Start="39" End="113" Block="6" Page="448" />
  </Paragraph>
  <Paragraph>
    <Words Block="7" Page="448" />
  </Paragraph>
  <Paragraph>
    <Words Block="8" Page="448" />
  </Paragraph>
  <Paragraph>
    <Words Block="9" Page="448" />
  </Paragraph>
  <Paragraph>
    <Words Start="0" End="53" Block="10" Page="448" />
  </Paragraph>
  <Paragraph>
    <Words Start="54" End="70" Block="10" Page="448" />
  </Paragraph>
  <Paragraph>
    <Words Block="0" Page="449" />
  </Paragraph>
  <Paragraph>
    <Words Block="1" Page="449" />
  </Paragraph>
  <Paragraph>
    <Words Block="2" Page="449" />
  </Paragraph>
  <Paragraph>
    <Words Block="3" Page="449" />
  </Paragraph>
  <Paragraph>
    <Words Block="4" Page="449" />
  </Paragraph>
  <Paragraph>
    <Words Block="5" Page="449" />
  </Paragraph>
  <Paragraph>
    <Words Block="6" Page="449" />
  </Paragraph>
  <Paragraph>
    <Words Block="7" Page="449" />
  </Paragraph>
  <Paragraph>
    <Words Start="0" End="7" Block="8" Page="449" />
  </Paragraph>
  <Paragraph>
    <Words Start="8" End="12" Block="8" Page="449" />
  </Paragraph>
  <Paragraph>
    <Words Start="13" End="49" Block="8" Page="449" />
  </Paragraph>
  <Paragraph>
    <Words Start="50" End="50" Block="8" Page="449" />
  </Paragraph>
  <Paragraph>
    <Words Start="51" End="59" Block="8" Page="449" />
  </Paragraph>
  <Paragraph>
    <Words Start="0" End="12" Block="9" Page="449" />
  </Paragraph>
  <Paragraph>
    <Words Start="13" End="32" Block="9" Page="449" />
  </Paragraph>
  <Paragraph>
    <Words Start="33" End="58" Block="9" Page="449" />
  </Paragraph>
  <Paragraph>
    <Words Block="10" Page="449" />
  </Paragraph>
  <Paragraph>
    <Words Start="0" End="20" Block="0" Page="450" />
  </Paragraph>
  <Paragraph>
    <Words Start="21" End="43" Block="0" Page="450" />
  </Paragraph>
  <Paragraph>
    <Words Block="1" Page="450" />
  </Paragraph>
  <Paragraph>
    <Words Block="2" Page="450" />
  </Paragraph>
  <Paragraph>
    <Words Block="3" Page="450" />
  </Paragraph>
  <Paragraph>
    <Words Block="4" Page="450" />
  </Paragraph>
  <Paragraph>
    <Words Block="5" Page="450" />
  </Paragraph>
  <Paragraph>
    <Words Block="6" Page="450" />
  </Paragraph>
  <Paragraph>
    <Words Block="7" Page="450" />
    <Words Block="0" Page="451" />
  </Paragraph>
  <Paragraph>
    <Words Start="0" End="49" Block="1" Page="451" />
  </Paragraph>
  <Paragraph>
    <Words Start="50" End="50" Block="1" Page="451" />
  </Paragraph>
  <Paragraph>
    <Words Start="0" End="101" Block="2" Page="451" />
  </Paragraph>
  <Paragraph>
    <Words Start="102" End="110" Block="2" Page="451" />
  </Paragraph>
  <Paragraph>
    <Words Block="3" Page="451" />
  </Paragraph>
  <Paragraph>
    <Words Block="4" Page="451" />
  </Paragraph>
  <Paragraph>
    <Words Block="5" Page="451" />
  </Paragraph>
  <Paragraph>
    <Words Block="6" Page="451" />
  </Paragraph>
  <Paragraph>
    <Words Block="7" Page="451" />
  </Paragraph>
  <Paragraph>
    <Words Block="8" Page="451" />
  </Paragraph>
  <Paragraph>
    <Words Start="0" End="5" Block="9" Page="451" />
  </Paragraph>
  <Paragraph>
    <Words Start="6" End="10" Block="9" Page="451" />
  </Paragraph>
  <Paragraph>
    <Words Start="11" End="12" Block="9" Page="451" />
  </Paragraph>
  <Paragraph>
    <Words Block="10" Page="451" />
  </Paragraph>
  <Paragraph>
    <Words Block="11" Page="451" />
    <Words Block="0" Page="452" />
  </Paragraph>
  <Paragraph>
    <Words Block="1" Page="452" />
  </Paragraph>
  <Paragraph>
    <Words Start="0" End="164" Block="2" Page="452" />
  </Paragraph>
  <Paragraph>
    <Words Start="165" End="165" Block="2" Page="452" />
  </Paragraph>
  <Paragraph>
    <Words Start="0" End="101" Block="3" Page="452" />
  </Paragraph>
  <Paragraph>
    <Words Start="102" End="110" Block="3" Page="452" />
  </Paragraph>
  <Paragraph>
    <Words Block="4" Page="452" />
  </Paragraph>
  <Paragraph>
    <Words Block="5" Page="452" />
  </Paragraph>
  <Paragraph>
    <Words Block="6" Page="452" />
  </Paragraph>
  <Paragraph>
    <Words Block="7" Page="452" />
  </Paragraph>
  <Paragraph>
    <Words Block="8" Page="452" />
  </Paragraph>
  <Paragraph>
    <Words Block="9" Page="452" />
    <Words Block="0" Page="453" />
  </Paragraph>
  <Paragraph>
    <Words Block="1" Page="453" />
  </Paragraph>
  <Paragraph>
    <Words Start="0" End="5" Block="2" Page="453" />
  </Paragraph>
  <Paragraph>
    <Words Start="6" End="10" Block="2" Page="453" />
  </Paragraph>
  <Paragraph>
    <Words Start="11" End="12" Block="2" Page="453" />
  </Paragraph>
  <Paragraph>
    <Words Block="3" Page="453" />
  </Paragraph>
  <Paragraph>
    <Words Block="4" Page="453" />
  </Paragraph>
  <Paragraph>
    <Words Block="5" Page="453" />
  </Paragraph>
  <Paragraph>
    <Words Block="6" Page="453" />
  </Paragraph>
  <Paragraph>
    <Words Block="7" Page="453" />
  </Paragraph>
  <Paragraph>
    <Words Block="8" Page="453" />
  </Paragraph>
  <Paragraph>
    <Words Start="0" End="59" Block="0" Page="454" />
  </Paragraph>
  <Paragraph>
    <Words Start="60" End="133" Block="0" Page="454" />
  </Paragraph>
  <Paragraph>
    <Words Block="1" Page="454" />
  </Paragraph>
  <Paragraph>
    <Words Block="2" Page="454" />
  </Paragraph>
  <Paragraph>
    <Words Start="0" End="52" Block="3" Page="454" />
  </Paragraph>
  <Paragraph>
    <Words Start="53" End="66" Block="3" Page="454" />
  </Paragraph>
  <Paragraph>
    <Words Start="67" End="80" Block="3" Page="454" />
  </Paragraph>
  <Paragraph>
    <Words Start="81" End="144" Block="3" Page="454" />
  </Paragraph>
  <Paragraph>
    <Words Start="145" End="292" Block="3" Page="454" />
  </Paragraph>
  <Paragraph>
    <Words Block="4" Page="454" />
  </Paragraph>
  <Paragraph>
    <Words Block="5" Page="454" />
  </Paragraph>
  <Paragraph>
    <Words Block="6" Page="454" />
  </Paragraph>
  <Paragraph>
    <Words Block="0" Page="455" />
  </Paragraph>
  <Paragraph>
    <Words Block="1" Page="455" />
  </Paragraph>
  <Paragraph>
    <Words Block="2" Page="455" />
  </Paragraph>
  <Paragraph>
    <Words Block="3" Page="455" />
  </Paragraph>
  <Paragraph>
    <Words Start="0" End="32" Block="4" Page="455" />
  </Paragraph>
  <Paragraph>
    <Words Start="33" End="86" Block="4" Page="455" />
  </Paragraph>
  <Paragraph>
    <Words Start="87" End="156" Block="4" Page="455" />
  </Paragraph>
  <Paragraph>
    <Words Start="157" End="182" Block="4" Page="455" />
  </Paragraph>
  <Paragraph>
    <Words Block="5" Page="455" />
  </Paragraph>
  <Paragraph>
    <Words Start="0" End="80" Block="6" Page="455" />
  </Paragraph>
  <Paragraph>
    <Words Start="81" End="180" Block="6" Page="455" />
  </Paragraph>
  <Paragraph>
    <Words Block="0" Page="456" />
  </Paragraph>
  <Paragraph>
    <Words Block="1" Page="456" />
  </Paragraph>
  <Paragraph>
    <Words Start="0" End="53" Block="2" Page="456" />
  </Paragraph>
  <Paragraph>
    <Words Start="54" End="114" Block="2" Page="456" />
  </Paragraph>
  <Paragraph>
    <Words Block="3" Page="456" />
  </Paragraph>
  <Paragraph>
    <Words Block="4" Page="456" />
  </Paragraph>
  <Paragraph>
    <Words Block="5" Page="456" />
  </Paragraph>
  <Paragraph>
    <Words Block="6" Page="456" />
  </Paragraph>
  <Paragraph>
    <Words Start="0" End="68" Block="7" Page="456" />
  </Paragraph>
  <Paragraph>
    <Words Start="69" End="175" Block="7" Page="456" />
  </Paragraph>
  <Paragraph>
    <Words Block="0" Page="457" />
  </Paragraph>
  <Paragraph>
    <Words Block="1" Page="457" />
  </Paragraph>
  <Paragraph>
    <Words Block="2" Page="457" />
  </Paragraph>
  <Paragraph>
    <Words Start="0" End="43" Block="3" Page="457" />
  </Paragraph>
  <Paragraph>
    <Words Start="44" End="116" Block="3" Page="457" />
  </Paragraph>
  <Paragraph>
    <Words Block="4" Page="457" />
  </Paragraph>
  <Paragraph>
    <Words Block="5" Page="457" />
  </Paragraph>
  <Paragraph>
    <Words Block="6" Page="457" />
  </Paragraph>
  <Paragraph>
    <Words Block="7" Page="457" />
  </Paragraph>
  <Paragraph>
    <Words Block="8" Page="457" />
  </Paragraph>
  <Paragraph>
    <Words Block="9" Page="457" />
  </Paragraph>
  <Paragraph>
    <Words Block="10" Page="457" />
  </Paragraph>
  <Paragraph>
    <Words Start="0" End="7" Block="0" Page="458" />
  </Paragraph>
  <Paragraph>
    <Words Start="8" End="12" Block="0" Page="458" />
  </Paragraph>
  <Paragraph>
    <Words Start="13" End="34" Block="0" Page="458" />
  </Paragraph>
  <Paragraph>
    <Words Start="35" End="77" Block="0" Page="458" />
  </Paragraph>
  <Paragraph>
    <Words Start="0" End="7" Block="1" Page="458" />
  </Paragraph>
  <Paragraph>
    <Words Start="8" End="19" Block="1" Page="458" />
  </Paragraph>
  <Paragraph>
    <Words Start="20" End="65" Block="1" Page="458" />
  </Paragraph>
  <Paragraph>
    <Words Start="0" End="36" Block="2" Page="458" />
  </Paragraph>
  <Paragraph>
    <Words Start="37" End="45" Block="2" Page="458" />
  </Paragraph>
  <Paragraph>
    <Words Block="3" Page="458" />
  </Paragraph>
  <Paragraph>
    <Words Block="4" Page="458" />
  </Paragraph>
  <Paragraph>
    <Words Block="5" Page="458" />
  </Paragraph>
  <Paragraph>
    <Words Block="6" Page="458" />
  </Paragraph>
  <Paragraph>
    <Words Block="7" Page="458" />
  </Paragraph>
  <Paragraph>
    <Words Block="0" Page="459" />
  </Paragraph>
  <Paragraph>
    <Words Block="1" Page="459" />
  </Paragraph>
  <Paragraph>
    <Words Block="2" Page="459" />
  </Paragraph>
  <Paragraph>
    <Words Start="0" End="101" Block="3" Page="459" />
  </Paragraph>
  <Paragraph>
    <Words Start="102" End="110" Block="3" Page="459" />
  </Paragraph>
  <Paragraph>
    <Words Block="4" Page="459" />
  </Paragraph>
  <Paragraph>
    <Words Block="5" Page="459" />
  </Paragraph>
  <Paragraph>
    <Words Block="6" Page="459" />
  </Paragraph>
  <Paragraph>
    <Words Block="7" Page="459" />
  </Paragraph>
  <Paragraph>
    <Words Block="8" Page="459" />
  </Paragraph>
  <Paragraph>
    <Words Block="0" Page="460" />
  </Paragraph>
  <Paragraph>
    <Words Block="1" Page="460" />
  </Paragraph>
  <Paragraph>
    <Words Block="2" Page="460" />
  </Paragraph>
  <Paragraph>
    <Words Start="0" End="20" Block="3" Page="460" />
  </Paragraph>
  <Paragraph>
    <Words Start="21" End="112" Block="3" Page="460" />
  </Paragraph>
  <Paragraph>
    <Words Start="113" End="158" Block="3" Page="460" />
  </Paragraph>
  <Paragraph>
    <Words Start="159" End="162" Block="3" Page="460" />
  </Paragraph>
  <Paragraph>
    <Words Start="163" End="222" Block="3" Page="460" />
  </Paragraph>
  <Paragraph>
    <Words Start="223" End="250" Block="3" Page="460" />
  </Paragraph>
  <Paragraph>
    <Words Block="4" Page="460" />
  </Paragraph>
  <Paragraph>
    <Words Block="5" Page="460" />
  </Paragraph>
  <Paragraph>
    <Words Block="6" Page="460" />
  </Paragraph>
  <Paragraph>
    <Words Block="7" Page="460" />
  </Paragraph>
  <Paragraph>
    <Words Block="0" Page="461" />
  </Paragraph>
  <Paragraph>
    <Words Start="0" End="6" Block="1" Page="461" />
  </Paragraph>
  <Paragraph>
    <Words Start="7" End="7" Block="1" Page="461" />
  </Paragraph>
  <Paragraph>
    <Words Block="2" Page="461" />
  </Paragraph>
  <Paragraph>
    <Words Start="0" End="8" Block="3" Page="461" />
  </Paragraph>
  <Paragraph>
    <Words Start="9" End="25" Block="3" Page="461" />
  </Paragraph>
  <Paragraph>
    <Words Start="0" End="12" Block="4" Page="461" />
  </Paragraph>
  <Paragraph>
    <Words Start="13" End="17" Block="4" Page="461" />
  </Paragraph>
  <Paragraph>
    <Words Start="18" End="20" Block="4" Page="461" />
  </Paragraph>
  <Paragraph>
    <Words Block="5" Page="461" />
  </Paragraph>
  <Paragraph>
    <Words Block="6" Page="461" />
  </Paragraph>
  <Paragraph>
    <Words Block="7" Page="461" />
  </Paragraph>
  <Paragraph>
    <Words Block="8" Page="461" />
  </Paragraph>
  <Paragraph>
    <Words Block="9" Page="461" />
  </Paragraph>
  <Paragraph>
    <Words Start="0" End="12" Block="10" Page="461" />
  </Paragraph>
  <Paragraph>
    <Words Start="13" End="20" Block="10" Page="461" />
  </Paragraph>
  <Paragraph>
    <Words Start="21" End="50" Block="10" Page="461" />
  </Paragraph>
  <Paragraph>
    <Words Start="0" End="9" Block="11" Page="461" />
  </Paragraph>
  <Paragraph>
    <Words Start="10" End="24" Block="11" Page="461" />
  </Paragraph>
  <Paragraph>
    <Words Start="25" End="30" Block="11" Page="461" />
  </Paragraph>
  <Paragraph>
    <Words Start="31" End="45" Block="11" Page="461" />
  </Paragraph>
  <Paragraph>
    <Words Block="0" Page="462" />
  </Paragraph>
  <Paragraph>
    <Words Block="1" Page="462" />
  </Paragraph>
  <Paragraph>
    <Words Block="2" Page="462" />
  </Paragraph>
  <Paragraph>
    <Words Block="3" Page="462" />
  </Paragraph>
  <Paragraph>
    <Words Block="4" Page="462" />
  </Paragraph>
  <Paragraph>
    <Words Block="5" Page="462" />
  </Paragraph>
  <Paragraph>
    <Words Start="0" End="46" Block="6" Page="462" />
  </Paragraph>
  <Paragraph>
    <Words Start="47" End="47" Block="6" Page="462" />
  </Paragraph>
  <Paragraph>
    <Words Block="0" Page="463" />
  </Paragraph>
  <Paragraph>
    <Words Start="0" End="103" Block="1" Page="463" />
  </Paragraph>
  <Paragraph>
    <Words Start="104" End="177" Block="1" Page="463" />
  </Paragraph>
  <Paragraph>
    <Words Block="2" Page="463" />
  </Paragraph>
  <Paragraph>
    <Words Block="3" Page="463" />
  </Paragraph>
  <Paragraph>
    <Words Block="4" Page="463" />
  </Paragraph>
  <Paragraph>
    <Words Block="5" Page="463" />
  </Paragraph>
  <Paragraph>
    <Words Block="6" Page="463" />
  </Paragraph>
  <Paragraph>
    <Words Block="7" Page="463" />
  </Paragraph>
  <Paragraph>
    <Words Start="0" End="8" Block="8" Page="463" />
  </Paragraph>
  <Paragraph>
    <Words Start="9" End="16" Block="8" Page="463" />
  </Paragraph>
  <Paragraph>
    <Words Start="0" End="16" Block="9" Page="463" />
  </Paragraph>
  <Paragraph>
    <Words Start="17" End="20" Block="9" Page="463" />
  </Paragraph>
  <Paragraph>
    <Words Block="10" Page="463" />
  </Paragraph>
  <Paragraph>
    <Words Block="0" Page="464" />
  </Paragraph>
  <Paragraph>
    <Words Start="0" End="18" Block="1" Page="464" />
  </Paragraph>
  <Paragraph>
    <Words Start="19" End="25" Block="1" Page="464" />
  </Paragraph>
  <Paragraph>
    <Words Start="26" End="34" Block="1" Page="464" />
  </Paragraph>
  <Paragraph>
    <Words Start="0" End="9" Block="2" Page="464" />
  </Paragraph>
  <Paragraph>
    <Words Start="10" End="29" Block="2" Page="464" />
  </Paragraph>
  <Paragraph>
    <Words Block="3" Page="464" />
  </Paragraph>
  <Paragraph>
    <Words Block="4" Page="464" />
  </Paragraph>
  <Paragraph>
    <Words Block="5" Page="464" />
  </Paragraph>
  <Paragraph>
    <Words Block="6" Page="464" />
  </Paragraph>
  <Paragraph>
    <Words Block="7" Page="464" />
  </Paragraph>
  <Paragraph>
    <Words Start="0" End="23" Block="8" Page="464" />
  </Paragraph>
  <Paragraph>
    <Words Start="24" End="24" Block="8" Page="464" />
  </Paragraph>
  <Paragraph>
    <Words Block="9" Page="464" />
  </Paragraph>
  <Paragraph>
    <Words Block="1" Page="465" />
  </Paragraph>
  <Paragraph>
    <Words Block="2" Page="465" />
  </Paragraph>
  <Paragraph>
    <Words Block="3" Page="465" />
  </Paragraph>
  <Paragraph>
    <Words Start="0" End="64" Block="4" Page="465" />
  </Paragraph>
  <Paragraph>
    <Words Start="65" End="99" Block="4" Page="465" />
  </Paragraph>
  <Paragraph>
    <Words Block="5" Page="465" />
  </Paragraph>
  <Paragraph>
    <Words Start="0" End="7" Block="6" Page="465" />
  </Paragraph>
  <Paragraph>
    <Words Start="8" End="8" Block="6" Page="465" />
  </Paragraph>
  <Paragraph>
    <Words Block="7" Page="465" />
  </Paragraph>
  <Paragraph>
    <Words Start="0" End="9" Block="8" Page="465" />
  </Paragraph>
  <Paragraph>
    <Words Start="10" End="16" Block="8" Page="465" />
  </Paragraph>
  <Paragraph>
    <Words Start="17" End="29" Block="8" Page="465" />
  </Paragraph>
  <Paragraph>
    <Words Start="0" End="40" Block="9" Page="465" />
  </Paragraph>
  <Paragraph>
    <Words Start="41" End="41" Block="9" Page="465" />
  </Paragraph>
  <Paragraph>
    <Words Block="10" Page="465" />
  </Paragraph>
  <Paragraph>
    <Words Block="0" Page="466" />
  </Paragraph>
  <Paragraph>
    <Words Block="1" Page="466" />
  </Paragraph>
  <Paragraph>
    <Words Block="2" Page="466" />
  </Paragraph>
  <Paragraph>
    <Words Block="3" Page="466" />
  </Paragraph>
  <Paragraph>
    <Words Block="4" Page="466" />
  </Paragraph>
  <Paragraph>
    <Words Block="5" Page="466" />
  </Paragraph>
  <Paragraph>
    <Words Start="0" End="9" Block="6" Page="466" />
  </Paragraph>
  <Paragraph>
    <Words Start="10" End="32" Block="6" Page="466" />
  </Paragraph>
  <Paragraph>
    <Words Start="0" End="9" Block="7" Page="466" />
  </Paragraph>
  <Paragraph>
    <Words Start="10" End="14" Block="7" Page="466" />
  </Paragraph>
  <Paragraph>
    <Words Start="15" End="43" Block="7" Page="466" />
  </Paragraph>
  <Paragraph>
    <Words Block="8" Page="466" />
  </Paragraph>
  <Paragraph>
    <Words Block="9" Page="466" />
  </Paragraph>
  <Paragraph>
    <Words Block="10" Page="466" />
  </Paragraph>
  <Paragraph>
    <Words Block="0" Page="467" />
  </Paragraph>
  <Paragraph>
    <Words Block="1" Page="467" />
  </Paragraph>
  <Paragraph>
    <Words Block="2" Page="467" />
  </Paragraph>
  <Paragraph>
    <Words Block="3" Page="467" />
  </Paragraph>
  <Paragraph>
    <Words Block="4" Page="467" />
  </Paragraph>
  <Paragraph>
    <Words Start="0" End="103" Block="5" Page="467" />
  </Paragraph>
  <Paragraph>
    <Words Start="104" End="115" Block="5" Page="467" />
  </Paragraph>
  <Paragraph>
    <Words Block="6" Page="467" />
  </Paragraph>
  <Paragraph>
    <Words Block="7" Page="467" />
  </Paragraph>
  <Paragraph>
    <Words Block="0" Page="468" />
  </Paragraph>
  <Paragraph>
    <Words Block="1" Page="468" />
  </Paragraph>
  <Paragraph>
    <Words Start="0" End="19" Block="2" Page="468" />
  </Paragraph>
  <Paragraph>
    <Words Start="20" End="29" Block="2" Page="468" />
  </Paragraph>
  <Paragraph>
    <Words Start="30" End="30" Block="2" Page="468" />
  </Paragraph>
  <Paragraph>
    <Words Start="0" End="9" Block="3" Page="468" />
  </Paragraph>
  <Paragraph>
    <Words Start="10" End="14" Block="3" Page="468" />
  </Paragraph>
  <Paragraph>
    <Words Start="15" End="19" Block="3" Page="468" />
  </Paragraph>
  <Paragraph>
    <Words Start="0" End="8" Block="4" Page="468" />
  </Paragraph>
  <Paragraph>
    <Words Start="9" End="21" Block="4" Page="468" />
  </Paragraph>
  <Paragraph>
    <Words Start="22" End="22" Block="4" Page="468" />
  </Paragraph>
  <Paragraph>
    <Words Block="5" Page="468" />
  </Paragraph>
  <Paragraph>
    <Words Block="6" Page="468" />
  </Paragraph>
  <Paragraph>
    <Words Block="7" Page="468" />
  </Paragraph>
  <Paragraph>
    <Words Block="8" Page="468" />
  </Paragraph>
  <Paragraph>
    <Words Block="0" Page="469" />
  </Paragraph>
  <Paragraph>
    <Words Block="1" Page="469" />
  </Paragraph>
  <Paragraph>
    <Words Block="2" Page="469" />
  </Paragraph>
  <Paragraph>
    <Words Start="0" End="9" Block="3" Page="469" />
  </Paragraph>
  <Paragraph>
    <Words Start="10" End="24" Block="3" Page="469" />
  </Paragraph>
  <Paragraph>
    <Words Start="25" End="29" Block="3" Page="469" />
  </Paragraph>
  <Paragraph>
    <Words Start="30" End="43" Block="3" Page="469" />
  </Paragraph>
  <Paragraph>
    <Words Start="0" End="31" Block="4" Page="469" />
  </Paragraph>
  <Paragraph>
    <Words Start="32" End="50" Block="4" Page="469" />
  </Paragraph>
  <Paragraph>
    <Words Block="5" Page="469" />
  </Paragraph>
  <Paragraph>
    <Words Block="6" Page="469" />
  </Paragraph>
  <Paragraph>
    <Words Block="7" Page="469" />
  </Paragraph>
  <Paragraph>
    <Words Block="8" Page="469" />
  </Paragraph>
  <Paragraph>
    <Words Block="0" Page="470" />
  </Paragraph>
  <Paragraph>
    <Words Block="1" Page="470" />
  </Paragraph>
  <Paragraph>
    <Words Block="2" Page="470" />
  </Paragraph>
  <Paragraph>
    <Words Start="0" End="7" Block="3" Page="470" />
  </Paragraph>
  <Paragraph>
    <Words Start="8" End="8" Block="3" Page="470" />
  </Paragraph>
  <Paragraph>
    <Words Block="4" Page="470" />
  </Paragraph>
  <Paragraph>
    <Words Block="5" Page="470" />
  </Paragraph>
  <Paragraph>
    <Words Block="6" Page="470" />
  </Paragraph>
  <Paragraph>
    <Words Block="7" Page="470" />
  </Paragraph>
  <Paragraph>
    <Words Block="8" Page="470" />
  </Paragraph>
  <Paragraph>
    <Words Block="9" Page="470" />
  </Paragraph>
  <Paragraph>
    <Words Start="0" End="103" Block="0" Page="471" />
  </Paragraph>
  <Paragraph>
    <Words Start="104" End="177" Block="0" Page="471" />
  </Paragraph>
  <Paragraph>
    <Words Block="1" Page="471" />
  </Paragraph>
  <Paragraph>
    <Words Block="2" Page="471" />
  </Paragraph>
  <Paragraph>
    <Words Block="3" Page="471" />
  </Paragraph>
  <Paragraph>
    <Words Block="4" Page="471" />
  </Paragraph>
  <Paragraph>
    <Words Start="0" End="7" Block="5" Page="471" />
  </Paragraph>
  <Paragraph>
    <Words Start="8" End="8" Block="5" Page="471" />
  </Paragraph>
  <Paragraph>
    <Words Block="6" Page="471" />
  </Paragraph>
  <Paragraph>
    <Words Block="7" Page="471" />
  </Paragraph>
  <Paragraph>
    <Words Block="8" Page="471" />
  </Paragraph>
  <Paragraph>
    <Words Block="9" Page="471" />
  </Paragraph>
  <Paragraph>
    <Words Block="10" Page="471" />
  </Paragraph>
  <Paragraph>
    <Words Block="11" Page="471" />
  </Paragraph>
  <Paragraph>
    <Words Block="12" Page="471" />
  </Paragraph>
  <Paragraph>
    <Words Block="13" Page="471" />
    <Words Block="0" Page="472" />
  </Paragraph>
  <Paragraph>
    <Words Block="1" Page="472" />
  </Paragraph>
  <Paragraph>
    <Words Block="2" Page="472" />
  </Paragraph>
  <Paragraph>
    <Words Block="3" Page="472" />
  </Paragraph>
  <Paragraph>
    <Words Block="4" Page="472" />
  </Paragraph>
  <Paragraph>
    <Words Block="5" Page="472" />
  </Paragraph>
  <Paragraph>
    <Words Start="0" End="103" Block="6" Page="472" />
  </Paragraph>
  <Paragraph>
    <Words Start="104" End="177" Block="6" Page="472" />
  </Paragraph>
  <Paragraph>
    <Words Block="7" Page="472" />
    <Words Block="8" Page="472" />
  </Paragraph>
  <Paragraph>
    <Words Block="9" Page="472" />
  </Paragraph>
  <Paragraph>
    <Words Block="10" Page="472" />
  </Paragraph>
  <Paragraph>
    <Words Block="0" Page="473" />
  </Paragraph>
  <Paragraph>
    <Words Block="1" Page="473" />
  </Paragraph>
  <Paragraph>
    <Words Start="0" End="88" Block="2" Page="473" />
  </Paragraph>
  <Paragraph>
    <Words Start="89" End="170" Block="2" Page="473" />
  </Paragraph>
  <Paragraph>
    <Words Start="171" End="237" Block="2" Page="473" />
  </Paragraph>
  <Paragraph>
    <Words Block="3" Page="473" />
  </Paragraph>
  <Paragraph>
    <Words Block="4" Page="473" />
  </Paragraph>
  <Paragraph>
    <Words Start="0" End="10" Block="5" Page="473" />
  </Paragraph>
  <Paragraph>
    <Words Start="11" End="16" Block="5" Page="473" />
  </Paragraph>
  <Paragraph>
    <Words Block="6" Page="473" />
  </Paragraph>
  <Paragraph>
    <Words Block="7" Page="473" />
  </Paragraph>
  <Paragraph>
    <Words Start="0" End="10" Block="8" Page="473" />
  </Paragraph>
  <Paragraph>
    <Words Start="11" End="16" Block="8" Page="473" />
  </Paragraph>
  <Paragraph>
    <Words Block="9" Page="473" />
  </Paragraph>
  <Paragraph>
    <Words Block="0" Page="474" />
  </Paragraph>
  <Paragraph>
    <Words Block="1" Page="474" />
  </Paragraph>
  <Paragraph>
    <Words Start="0" End="10" Block="2" Page="474" />
  </Paragraph>
  <Paragraph>
    <Words Start="11" End="16" Block="2" Page="474" />
  </Paragraph>
  <Paragraph>
    <Words Block="3" Page="474" />
  </Paragraph>
  <Paragraph>
    <Words Block="4" Page="474" />
  </Paragraph>
  <Paragraph>
    <Words Block="5" Page="474" />
  </Paragraph>
  <Paragraph>
    <Words Start="0" End="10" Block="6" Page="474" />
  </Paragraph>
  <Paragraph>
    <Words Start="11" End="16" Block="6" Page="474" />
  </Paragraph>
  <Paragraph>
    <Words Block="7" Page="474" />
  </Paragraph>
  <Paragraph>
    <Words Block="8" Page="474" />
  </Paragraph>
  <Paragraph>
    <Words Block="9" Page="474" />
  </Paragraph>
  <Paragraph>
    <Words Block="10" Page="474" />
  </Paragraph>
  <Paragraph>
    <Words Start="0" End="6" Block="11" Page="474" />
  </Paragraph>
  <Paragraph>
    <Words Start="7" End="7" Block="11" Page="474" />
  </Paragraph>
  <Paragraph>
    <Words Start="0" End="6" Block="12" Page="474" />
  </Paragraph>
  <Paragraph>
    <Words Start="7" End="26" Block="12" Page="474" />
  </Paragraph>
  <Paragraph>
    <Words Start="0" End="4" Block="13" Page="474" />
  </Paragraph>
  <Paragraph>
    <Words Start="5" End="21" Block="13" Page="474" />
  </Paragraph>
  <Paragraph>
    <Words Block="0" Page="475" />
  </Paragraph>
  <Paragraph>
    <Words Block="1" Page="475" />
  </Paragraph>
  <Paragraph>
    <Words Start="0" End="13" Block="2" Page="475" />
  </Paragraph>
  <Paragraph>
    <Words Start="14" End="14" Block="2" Page="475" />
  </Paragraph>
  <Paragraph>
    <Words Start="15" End="15" Block="2" Page="475" />
  </Paragraph>
  <Paragraph>
    <Words Block="3" Page="475" />
    <Words Block="4" Page="475" />
    <Words Block="5" Page="475" />
    <Words Block="6" Page="475" />
  </Paragraph>
  <Paragraph>
    <Words Block="7" Page="475" />
  </Paragraph>
  <Paragraph>
    <Words Block="8" Page="475" />
  </Paragraph>
  <Paragraph>
    <Words Start="0" End="8" Block="9" Page="475" />
  </Paragraph>
  <Paragraph>
    <Words Start="9" End="39" Block="9" Page="475" />
  </Paragraph>
  <Paragraph>
    <Words Block="10" Page="475" />
  </Paragraph>
  <Paragraph>
    <Words Block="11" Page="475" />
  </Paragraph>
  <Paragraph>
    <Words Block="12" Page="475" />
  </Paragraph>
  <Paragraph>
    <Words Block="13" Page="475" />
  </Paragraph>
  <Paragraph>
    <Words Start="0" End="20" Block="0" Page="476" />
  </Paragraph>
  <Paragraph>
    <Words Start="21" End="21" Block="0" Page="476" />
  </Paragraph>
  <Paragraph>
    <Words Start="22" End="22" Block="0" Page="476" />
  </Paragraph>
  <Paragraph>
    <Words Block="1" Page="476" />
  </Paragraph>
  <Paragraph>
    <Words Block="2" Page="476" />
  </Paragraph>
  <Paragraph>
    <Words Block="3" Page="476" />
  </Paragraph>
  <Paragraph>
    <Words Block="4" Page="476" />
  </Paragraph>
  <Paragraph>
    <Words Block="5" Page="476" />
  </Paragraph>
  <Paragraph>
    <Words Start="0" End="82" Block="6" Page="476" />
  </Paragraph>
  <Paragraph>
    <Words Start="83" End="144" Block="6" Page="476" />
  </Paragraph>
  <Paragraph>
    <Words Start="145" End="188" Block="6" Page="476" />
  </Paragraph>
  <Paragraph>
    <Words Start="189" End="213" Block="6" Page="476" />
  </Paragraph>
  <Paragraph>
    <Words Block="0" Page="477" />
  </Paragraph>
  <Paragraph>
    <Words Start="0" End="9" Block="1" Page="477" />
  </Paragraph>
  <Paragraph>
    <Words Start="10" End="14" Block="1" Page="477" />
  </Paragraph>
  <Paragraph>
    <Words Start="15" End="33" Block="1" Page="477" />
  </Paragraph>
  <Paragraph>
    <Words Start="0" End="32" Block="2" Page="477" />
  </Paragraph>
  <Paragraph>
    <Words Start="33" End="38" Block="2" Page="477" />
  </Paragraph>
  <Paragraph>
    <Words Block="3" Page="477" />
  </Paragraph>
  <Paragraph>
    <Words Block="4" Page="477" />
  </Paragraph>
  <Paragraph>
    <Words Start="0" End="7" Block="5" Page="477" />
  </Paragraph>
  <Paragraph>
    <Words Start="8" End="17" Block="5" Page="477" />
  </Paragraph>
  <Paragraph>
    <Words Start="0" End="8" Block="6" Page="477" />
  </Paragraph>
  <Paragraph>
    <Words Start="9" End="20" Block="6" Page="477" />
  </Paragraph>
  <Paragraph>
    <Words Start="21" End="25" Block="6" Page="477" />
  </Paragraph>
  <Paragraph>
    <Words Start="26" End="30" Block="6" Page="477" />
  </Paragraph>
  <Paragraph>
    <Words Block="7" Page="477" />
  </Paragraph>
  <Paragraph>
    <Words Block="8" Page="477" />
  </Paragraph>
  <Paragraph>
    <Words Start="0" End="7" Block="9" Page="477" />
  </Paragraph>
  <Paragraph>
    <Words Start="8" End="17" Block="9" Page="477" />
  </Paragraph>
  <Paragraph>
    <Words Start="0" End="8" Block="10" Page="477" />
  </Paragraph>
  <Paragraph>
    <Words Start="9" End="20" Block="10" Page="477" />
  </Paragraph>
  <Paragraph>
    <Words Start="21" End="25" Block="10" Page="477" />
  </Paragraph>
  <Paragraph>
    <Words Start="26" End="30" Block="10" Page="477" />
  </Paragraph>
  <Paragraph>
    <Words Block="11" Page="477" />
  </Paragraph>
  <Paragraph>
    <Words Block="0" Page="478" />
  </Paragraph>
  <Paragraph>
    <Words Start="0" End="8" Block="1" Page="478" />
  </Paragraph>
  <Paragraph>
    <Words Start="9" End="20" Block="1" Page="478" />
  </Paragraph>
  <Paragraph>
    <Words Start="21" End="25" Block="1" Page="478" />
  </Paragraph>
  <Paragraph>
    <Words Start="26" End="30" Block="1" Page="478" />
  </Paragraph>
  <Paragraph>
    <Words Start="0" End="7" Block="2" Page="478" />
  </Paragraph>
  <Paragraph>
    <Words Start="8" End="17" Block="2" Page="478" />
  </Paragraph>
  <Paragraph>
    <Words Block="3" Page="478" />
  </Paragraph>
  <Paragraph>
    <Words Block="4" Page="478" />
  </Paragraph>
  <Paragraph>
    <Words Start="0" End="7" Block="5" Page="478" />
  </Paragraph>
  <Paragraph>
    <Words Start="8" End="17" Block="5" Page="478" />
  </Paragraph>
  <Paragraph>
    <Words Start="0" End="8" Block="6" Page="478" />
  </Paragraph>
  <Paragraph>
    <Words Start="9" End="20" Block="6" Page="478" />
  </Paragraph>
  <Paragraph>
    <Words Start="21" End="25" Block="6" Page="478" />
  </Paragraph>
  <Paragraph>
    <Words Start="26" End="30" Block="6" Page="478" />
  </Paragraph>
  <Paragraph>
    <Words Block="7" Page="478" />
  </Paragraph>
  <Paragraph>
    <Words Block="8" Page="478" />
  </Paragraph>
  <Paragraph>
    <Words Start="0" End="7" Block="9" Page="478" />
  </Paragraph>
  <Paragraph>
    <Words Start="8" End="17" Block="9" Page="478" />
  </Paragraph>
  <Paragraph>
    <Words Start="0" End="8" Block="10" Page="478" />
  </Paragraph>
  <Paragraph>
    <Words Start="9" End="20" Block="10" Page="478" />
  </Paragraph>
  <Paragraph>
    <Words Start="21" End="25" Block="10" Page="478" />
  </Paragraph>
  <Paragraph>
    <Words Start="26" End="30" Block="10" Page="478" />
  </Paragraph>
  <Paragraph>
    <Words Block="11" Page="478" />
  </Paragraph>
  <Paragraph>
    <Words Block="12" Page="478" />
  </Paragraph>
  <Paragraph>
    <Words Block="13" Page="478" />
  </Paragraph>
  <Paragraph>
    <Words Block="0" Page="479" />
  </Paragraph>
  <Paragraph>
    <Words Block="1" Page="479" />
  </Paragraph>
  <Paragraph>
    <Words Block="2" Page="479" />
  </Paragraph>
  <Paragraph>
    <Words Block="3" Page="479" />
  </Paragraph>
  <Paragraph>
    <Words Block="4" Page="479" />
  </Paragraph>
  <Paragraph>
    <Words Block="5" Page="479" />
  </Paragraph>
  <Paragraph>
    <Words Start="0" End="9" Block="6" Page="479" />
  </Paragraph>
  <Paragraph>
    <Words Start="10" End="19" Block="6" Page="479" />
  </Paragraph>
  <Paragraph>
    <Words Start="20" End="20" Block="6" Page="479" />
  </Paragraph>
  <Paragraph>
    <Words Start="0" End="8" Block="7" Page="479" />
  </Paragraph>
  <Paragraph>
    <Words Start="9" End="14" Block="7" Page="479" />
  </Paragraph>
  <Paragraph>
    <Words Start="15" End="17" Block="7" Page="479" />
  </Paragraph>
  <Paragraph>
    <Words Block="8" Page="479" />
  </Paragraph>
  <Paragraph>
    <Words Block="9" Page="479" />
  </Paragraph>
  <Paragraph>
    <Words Start="0" End="18" Block="10" Page="479" />
  </Paragraph>
  <Paragraph>
    <Words Start="19" End="25" Block="10" Page="479" />
  </Paragraph>
  <Paragraph>
    <Words Start="26" End="34" Block="10" Page="479" />
  </Paragraph>
  <Paragraph>
    <Words Start="0" End="7" Block="11" Page="479" />
  </Paragraph>
  <Paragraph>
    <Words Start="8" End="27" Block="11" Page="479" />
  </Paragraph>
  <Paragraph>
    <Words Block="12" Page="479" />
  </Paragraph>
  <Paragraph>
    <Words Start="0" End="36" Block="13" Page="479" />
  </Paragraph>
  <Paragraph>
    <Words Start="37" End="37" Block="13" Page="479" />
    <Words Block="0" Page="480" />
  </Paragraph>
  <Paragraph>
    <Words Block="1" Page="480" />
  </Paragraph>
  <Paragraph>
    <Words Block="2" Page="480" />
  </Paragraph>
  <Paragraph>
    <Words Block="3" Page="480" />
  </Paragraph>
  <Paragraph>
    <Words Start="0" End="23" Block="4" Page="480" />
  </Paragraph>
  <Paragraph>
    <Words Start="24" End="24" Block="4" Page="480" />
  </Paragraph>
  <Paragraph>
    <Words Block="5" Page="480" />
  </Paragraph>
  <Paragraph>
    <Words Block="6" Page="480" />
  </Paragraph>
  <Paragraph>
    <Words Block="7" Page="480" />
  </Paragraph>
  <Paragraph>
    <Words Block="0" Page="481" />
  </Paragraph>
  <Paragraph>
    <Words Block="1" Page="481" />
  </Paragraph>
  <Paragraph>
    <Words Block="2" Page="481" />
  </Paragraph>
  <Paragraph>
    <Words Block="3" Page="481" />
  </Paragraph>
  <Paragraph>
    <Words Block="4" Page="481" />
  </Paragraph>
  <Paragraph>
    <Words Start="0" End="41" Block="5" Page="481" />
  </Paragraph>
  <Paragraph>
    <Words Start="42" End="73" Block="5" Page="481" />
  </Paragraph>
  <Paragraph>
    <Words Start="74" End="149" Block="5" Page="481" />
  </Paragraph>
  <Paragraph>
    <Words Start="150" End="190" Block="5" Page="481" />
  </Paragraph>
  <Paragraph>
    <Words Start="191" End="204" Block="5" Page="481" />
  </Paragraph>
  <Paragraph>
    <Words Start="205" End="273" Block="5" Page="481" />
  </Paragraph>
  <Paragraph>
    <Words Start="274" End="303" Block="5" Page="481" />
  </Paragraph>
  <Paragraph>
    <Words Block="6" Page="481" />
  </Paragraph>
  <Paragraph>
    <Words Block="7" Page="481" />
  </Paragraph>
  <Paragraph>
    <Words Block="8" Page="481" />
  </Paragraph>
  <Paragraph>
    <Words Block="9" Page="481" />
    <Words Start="0" End="33" Block="0" Page="482" />
  </Paragraph>
  <Paragraph>
    <Words Start="34" End="60" Block="0" Page="482" />
  </Paragraph>
  <Paragraph>
    <Words Start="61" End="184" Block="0" Page="482" />
  </Paragraph>
  <Paragraph>
    <Words Block="1" Page="482" />
  </Paragraph>
  <Paragraph>
    <Words Start="0" End="40" Block="2" Page="482" />
  </Paragraph>
  <Paragraph>
    <Words Start="41" End="136" Block="2" Page="482" />
  </Paragraph>
  <Paragraph>
    <Words Start="0" End="86" Block="3" Page="482" />
  </Paragraph>
  <Paragraph>
    <Words Start="87" End="209" Block="3" Page="482" />
  </Paragraph>
  <Paragraph>
    <Words Start="210" End="243" Block="3" Page="482" />
    <Words Block="0" Page="483" />
  </Paragraph>
  <Paragraph>
    <Words Block="1" Page="483" />
  </Paragraph>
  <Paragraph>
    <Words Start="0" End="27" Block="2" Page="483" />
  </Paragraph>
  <Paragraph>
    <Words Start="28" End="107" Block="2" Page="483" />
  </Paragraph>
  <Paragraph>
    <Words Start="108" End="155" Block="2" Page="483" />
  </Paragraph>
  <Paragraph>
    <Words Start="156" End="214" Block="2" Page="483" />
  </Paragraph>
  <Paragraph>
    <Words Start="215" End="282" Block="2" Page="483" />
  </Paragraph>
  <Paragraph>
    <Words Start="283" End="337" Block="2" Page="483" />
  </Paragraph>
  <Paragraph>
    <Words Start="338" End="358" Block="2" Page="483" />
  </Paragraph>
  <Paragraph>
    <Words Block="3" Page="483" />
  </Paragraph>
  <Paragraph>
    <Words Start="0" End="74" Block="4" Page="483" />
  </Paragraph>
  <Paragraph>
    <Words Start="75" End="89" Block="4" Page="483" />
    <Words Block="0" Page="484" />
  </Paragraph>
  <Paragraph>
    <Words Block="1" Page="484" />
  </Paragraph>
  <Paragraph>
    <Words Start="0" End="58" Block="2" Page="484" />
  </Paragraph>
  <Paragraph>
    <Words Start="59" End="118" Block="2" Page="484" />
  </Paragraph>
  <Paragraph>
    <Words Block="3" Page="484" />
  </Paragraph>
  <Paragraph>
    <Words Block="4" Page="484" />
  </Paragraph>
  <Paragraph>
    <Words Block="5" Page="484" />
  </Paragraph>
  <Paragraph>
    <Words Block="6" Page="484" />
  </Paragraph>
  <Paragraph>
    <Words Block="7" Page="484" />
  </Paragraph>
  <Paragraph>
    <Words Block="8" Page="484" />
  </Paragraph>
  <Paragraph>
    <Words Block="9" Page="484" />
  </Paragraph>
  <Paragraph>
    <Words Start="0" End="8" Block="0" Page="485" />
  </Paragraph>
  <Paragraph>
    <Words Start="9" End="13" Block="0" Page="485" />
  </Paragraph>
  <Paragraph>
    <Words Start="14" End="34" Block="0" Page="485" />
  </Paragraph>
  <Paragraph>
    <Words Start="35" End="60" Block="0" Page="485" />
  </Paragraph>
  <Paragraph>
    <Words Start="61" End="61" Block="0" Page="485" />
  </Paragraph>
  <Paragraph>
    <Words Start="0" End="7" Block="1" Page="485" />
  </Paragraph>
  <Paragraph>
    <Words Start="8" End="20" Block="1" Page="485" />
  </Paragraph>
  <Paragraph>
    <Words Start="21" End="46" Block="1" Page="485" />
  </Paragraph>
  <Paragraph>
    <Words Start="0" End="36" Block="2" Page="485" />
  </Paragraph>
  <Paragraph>
    <Words Start="37" End="52" Block="2" Page="485" />
  </Paragraph>
  <Paragraph>
    <Words Start="0" End="20" Block="3" Page="485" />
  </Paragraph>
  <Paragraph>
    <Words Start="21" End="95" Block="3" Page="485" />
  </Paragraph>
  <Paragraph>
    <Words Block="4" Page="485" />
  </Paragraph>
  <Paragraph>
    <Words Block="5" Page="485" />
  </Paragraph>
  <Paragraph>
    <Words Block="6" Page="485" />
  </Paragraph>
  <Paragraph>
    <Words Block="7" Page="485" />
  </Paragraph>
  <Paragraph>
    <Words Block="8" Page="485" />
  </Paragraph>
  <Paragraph>
    <Words Block="0" Page="486" />
  </Paragraph>
  <Paragraph>
    <Words Start="0" End="101" Block="1" Page="486" />
  </Paragraph>
  <Paragraph>
    <Words Start="102" End="110" Block="1" Page="486" />
  </Paragraph>
  <Paragraph>
    <Words Block="2" Page="486" />
  </Paragraph>
  <Paragraph>
    <Words Block="3" Page="486" />
  </Paragraph>
  <Paragraph>
    <Words Block="4" Page="486" />
  </Paragraph>
  <Paragraph>
    <Words Block="5" Page="486" />
  </Paragraph>
  <Paragraph>
    <Words Start="0" End="81" Block="6" Page="486" />
  </Paragraph>
  <Paragraph>
    <Words Start="82" End="128" Block="6" Page="486" />
  </Paragraph>
  <Paragraph>
    <Words Start="129" End="169" Block="6" Page="486" />
  </Paragraph>
  <Paragraph>
    <Words Block="0" Page="487" />
  </Paragraph>
  <Paragraph>
    <Words Block="1" Page="487" />
  </Paragraph>
  <Paragraph>
    <Words Start="0" End="76" Block="2" Page="487" />
  </Paragraph>
  <Paragraph>
    <Words Start="77" End="136" Block="2" Page="487" />
  </Paragraph>
  <Paragraph>
    <Words Block="3" Page="487" />
  </Paragraph>
  <Paragraph>
    <Words Block="4" Page="487" />
  </Paragraph>
  <Paragraph>
    <Words Block="5" Page="487" />
  </Paragraph>
  <Paragraph>
    <Words Block="6" Page="487" />
  </Paragraph>
  <Paragraph>
    <Words Start="0" End="25" Block="7" Page="487" />
  </Paragraph>
  <Paragraph>
    <Words Start="26" End="30" Block="7" Page="487" />
  </Paragraph>
  <Paragraph>
    <Words Start="31" End="44" Block="7" Page="487" />
  </Paragraph>
  <Paragraph>
    <Words Start="45" End="50" Block="7" Page="487" />
  </Paragraph>
  <Paragraph>
    <Words Start="0" End="8" Block="8" Page="487" />
  </Paragraph>
  <Paragraph>
    <Words Start="9" End="45" Block="8" Page="487" />
  </Paragraph>
  <Paragraph>
    <Words Block="9" Page="487" />
  </Paragraph>
  <Paragraph>
    <Words Block="10" Page="487" />
  </Paragraph>
  <Paragraph>
    <Words Block="0" Page="488" />
  </Paragraph>
  <Paragraph>
    <Words Block="1" Page="488" />
  </Paragraph>
  <Paragraph>
    <Words Block="2" Page="488" />
  </Paragraph>
  <Paragraph>
    <Words Block="3" Page="488" />
  </Paragraph>
  <Paragraph>
    <Words Block="4" Page="488" />
  </Paragraph>
  <Paragraph>
    <Words Block="5" Page="488" />
  </Paragraph>
  <Paragraph>
    <Words Block="6" Page="488" />
  </Paragraph>
  <Paragraph>
    <Words Start="0" End="64" Block="7" Page="488" />
  </Paragraph>
  <Paragraph>
    <Words Start="65" End="101" Block="7" Page="488" />
  </Paragraph>
  <Paragraph>
    <Words Start="102" End="161" Block="7" Page="488" />
  </Paragraph>
  <Paragraph>
    <Words Block="0" Page="489" />
  </Paragraph>
  <Paragraph>
    <Words Block="1" Page="489" />
  </Paragraph>
  <Paragraph>
    <Words Block="2" Page="489" />
  </Paragraph>
  <Paragraph>
    <Words Block="3" Page="489" />
  </Paragraph>
  <Paragraph>
    <Words Start="0" End="62" Block="4" Page="489" />
  </Paragraph>
  <Paragraph>
    <Words Start="63" End="128" Block="4" Page="489" />
  </Paragraph>
  <Paragraph>
    <Words Start="129" End="224" Block="4" Page="489" />
  </Paragraph>
  <Paragraph>
    <Words Start="225" End="281" Block="4" Page="489" />
  </Paragraph>
  <Paragraph>
    <Words Start="282" End="308" Block="4" Page="489" />
  </Paragraph>
  <Paragraph>
    <Words Block="0" Page="490" />
  </Paragraph>
  <Paragraph>
    <Words Block="1" Page="490" />
  </Paragraph>
  <Paragraph>
    <Words Block="2" Page="490" />
  </Paragraph>
  <Paragraph>
    <Words Block="3" Page="490" />
  </Paragraph>
  <Paragraph>
    <Words Block="4" Page="490" />
  </Paragraph>
  <Paragraph>
    <Words Block="5" Page="490" />
  </Paragraph>
  <Paragraph>
    <Words Block="6" Page="490" />
  </Paragraph>
  <Paragraph>
    <Words Block="7" Page="490" />
  </Paragraph>
  <Paragraph>
    <Words Block="8" Page="490" />
  </Paragraph>
  <Paragraph>
    <Words Block="9" Page="490" />
  </Paragraph>
  <Paragraph>
    <Words Block="10" Page="490" />
  </Paragraph>
  <Paragraph>
    <Words Block="0" Page="491" />
  </Paragraph>
  <Paragraph>
    <Words Block="1" Page="491" />
  </Paragraph>
  <Paragraph>
    <Words Block="2" Page="491" />
  </Paragraph>
  <Paragraph>
    <Words Block="3" Page="491" />
  </Paragraph>
  <Paragraph>
    <Words Block="4" Page="491" />
  </Paragraph>
  <Paragraph>
    <Words Block="5" Page="491" />
  </Paragraph>
  <Paragraph>
    <Words Block="6" Page="491" />
  </Paragraph>
  <Paragraph>
    <Words Start="0" End="63" Block="7" Page="491" />
  </Paragraph>
  <Paragraph>
    <Words Start="64" End="111" Block="7" Page="491" />
  </Paragraph>
  <Paragraph>
    <Words Start="112" End="154" Block="7" Page="491" />
  </Paragraph>
  <Paragraph>
    <Words Block="8" Page="491" />
  </Paragraph>
  <Paragraph>
    <Words Block="9" Page="491" />
  </Paragraph>
  <Paragraph>
    <Words Block="0" Page="492" />
  </Paragraph>
  <Paragraph>
    <Words Block="1" Page="492" />
  </Paragraph>
  <Paragraph>
    <Words Start="0" End="66" Block="2" Page="492" />
  </Paragraph>
  <Paragraph>
    <Words Start="67" End="114" Block="2" Page="492" />
  </Paragraph>
  <Paragraph>
    <Words Block="3" Page="492" />
  </Paragraph>
  <Paragraph>
    <Words Block="4" Page="492" />
  </Paragraph>
  <Paragraph>
    <Words Block="5" Page="492" />
  </Paragraph>
  <Paragraph>
    <Words Block="6" Page="492" />
  </Paragraph>
  <Paragraph>
    <Words Block="7" Page="492" />
  </Paragraph>
  <Paragraph>
    <Words Block="8" Page="492" />
  </Paragraph>
  <Paragraph>
    <Words Block="9" Page="492" />
  </Paragraph>
  <Paragraph>
    <Words Start="0" End="15" Block="10" Page="492" />
  </Paragraph>
  <Paragraph>
    <Words Start="16" End="16" Block="10" Page="492" />
  </Paragraph>
  <Paragraph>
    <Words Start="17" End="17" Block="10" Page="492" />
  </Paragraph>
  <Paragraph>
    <Words Start="18" End="18" Block="10" Page="492" />
  </Paragraph>
  <Paragraph>
    <Words Start="19" End="19" Block="10" Page="492" />
  </Paragraph>
  <Paragraph>
    <Words Start="20" End="20" Block="10" Page="492" />
  </Paragraph>
  <Paragraph>
    <Words Start="21" End="21" Block="10" Page="492" />
  </Paragraph>
  <Paragraph>
    <Words Start="22" End="22" Block="10" Page="492" />
  </Paragraph>
  <Paragraph>
    <Words Start="23" End="23" Block="10" Page="492" />
  </Paragraph>
  <Paragraph>
    <Words Start="24" End="24" Block="10" Page="492" />
  </Paragraph>
  <Paragraph>
    <Words Start="25" End="25" Block="10" Page="492" />
  </Paragraph>
  <Paragraph>
    <Words Start="26" End="26" Block="10" Page="492" />
  </Paragraph>
  <Paragraph>
    <Words Start="27" End="27" Block="10" Page="492" />
  </Paragraph>
  <Paragraph>
    <Words Start="28" End="28" Block="10" Page="492" />
  </Paragraph>
  <Paragraph>
    <Words Start="29" End="29" Block="10" Page="492" />
  </Paragraph>
  <Paragraph>
    <Words Start="30" End="30" Block="10" Page="492" />
  </Paragraph>
  <Paragraph>
    <Words Start="31" End="31" Block="10" Page="492" />
  </Paragraph>
  <Paragraph>
    <Words Start="0" End="12" Block="11" Page="492" />
  </Paragraph>
  <Paragraph>
    <Words Start="13" End="13" Block="11" Page="492" />
  </Paragraph>
  <Paragraph>
    <Words Start="14" End="14" Block="11" Page="492" />
  </Paragraph>
  <Paragraph>
    <Words Start="15" End="15" Block="11" Page="492" />
  </Paragraph>
  <Paragraph>
    <Words Start="16" End="16" Block="11" Page="492" />
  </Paragraph>
  <Paragraph>
    <Words Start="17" End="17" Block="11" Page="492" />
  </Paragraph>
  <Paragraph>
    <Words Start="18" End="18" Block="11" Page="492" />
  </Paragraph>
  <Paragraph>
    <Words Start="19" End="19" Block="11" Page="492" />
  </Paragraph>
  <Paragraph>
    <Words Start="20" End="20" Block="11" Page="492" />
  </Paragraph>
  <Paragraph>
    <Words Start="21" End="21" Block="11" Page="492" />
  </Paragraph>
  <Paragraph>
    <Words Start="22" End="22" Block="11" Page="492" />
  </Paragraph>
  <Paragraph>
    <Words Start="23" End="23" Block="11" Page="492" />
  </Paragraph>
  <Paragraph>
    <Words Start="24" End="24" Block="11" Page="492" />
  </Paragraph>
  <Paragraph>
    <Words Start="25" End="25" Block="11" Page="492" />
  </Paragraph>
  <Paragraph>
    <Words Start="26" End="26" Block="11" Page="492" />
  </Paragraph>
  <Paragraph>
    <Words Start="27" End="27" Block="11" Page="492" />
  </Paragraph>
  <Paragraph>
    <Words Start="28" End="28" Block="11" Page="492" />
  </Paragraph>
  <Paragraph>
    <Words Block="12" Page="492" />
    <Words Block="0" Page="493" />
  </Paragraph>
  <Paragraph>
    <Words Block="1" Page="493" />
  </Paragraph>
  <Paragraph>
    <Words Block="2" Page="493" />
  </Paragraph>
  <Paragraph>
    <Words Block="3" Page="493" />
  </Paragraph>
  <Paragraph>
    <Words Start="0" End="45" Block="4" Page="493" />
  </Paragraph>
  <Paragraph>
    <Words Start="46" End="78" Block="4" Page="493" />
  </Paragraph>
  <Paragraph>
    <Words Block="5" Page="493" />
  </Paragraph>
  <Paragraph>
    <Words Block="6" Page="493" />
  </Paragraph>
  <Paragraph>
    <Words Block="7" Page="493" />
  </Paragraph>
  <Paragraph>
    <Words Start="0" End="70" Block="8" Page="493" />
  </Paragraph>
  <Paragraph>
    <Words Start="71" End="125" Block="8" Page="493" />
  </Paragraph>
  <Paragraph>
    <Words Block="0" Page="494" />
  </Paragraph>
  <Paragraph>
    <Words Block="1" Page="494" />
  </Paragraph>
  <Paragraph>
    <Words Block="2" Page="494" />
  </Paragraph>
  <Paragraph>
    <Words Start="0" End="19" Block="3" Page="494" />
  </Paragraph>
  <Paragraph>
    <Words Start="20" End="75" Block="3" Page="494" />
  </Paragraph>
  <Paragraph>
    <Words Start="76" End="163" Block="3" Page="494" />
  </Paragraph>
  <Paragraph>
    <Words Start="164" End="171" Block="3" Page="494" />
  </Paragraph>
  <Paragraph>
    <Words Block="4" Page="494" />
  </Paragraph>
  <Paragraph>
    <Words Start="0" End="52" Block="5" Page="494" />
  </Paragraph>
  <Paragraph>
    <Words Start="53" End="83" Block="5" Page="494" />
  </Paragraph>
  <Paragraph>
    <Words Block="6" Page="494" />
  </Paragraph>
  <Paragraph>
    <Words Block="7" Page="494" />
    <Words Start="0" End="24" Block="0" Page="495" />
  </Paragraph>
  <Paragraph>
    <Words Start="25" End="102" Block="0" Page="495" />
  </Paragraph>
  <Paragraph>
    <Words Start="103" End="145" Block="0" Page="495" />
  </Paragraph>
  <Paragraph>
    <Words Start="146" End="200" Block="0" Page="495" />
  </Paragraph>
  <Paragraph>
    <Words Start="201" End="206" Block="0" Page="495" />
  </Paragraph>
  <Paragraph>
    <Words Start="207" End="358" Block="0" Page="495" />
  </Paragraph>
  <Paragraph>
    <Words Start="359" End="411" Block="0" Page="495" />
  </Paragraph>
  <Paragraph>
    <Words Block="1" Page="495" />
  </Paragraph>
  <Paragraph>
    <Words Block="2" Page="495" />
  </Paragraph>
  <Paragraph>
    <Words Block="0" Page="496" />
  </Paragraph>
  <Paragraph>
    <Words Block="1" Page="496" />
  </Paragraph>
  <Paragraph>
    <Words Block="2" Page="496" />
  </Paragraph>
  <Paragraph>
    <Words Block="3" Page="496" />
  </Paragraph>
  <Paragraph>
    <Words Block="4" Page="496" />
  </Paragraph>
  <Paragraph>
    <Words Block="5" Page="496" />
  </Paragraph>
  <Paragraph>
    <Words Block="6" Page="496" />
  </Paragraph>
  <Paragraph>
    <Words Block="7" Page="496" />
  </Paragraph>
  <Paragraph>
    <Words Block="8" Page="496" />
  </Paragraph>
  <Paragraph>
    <Words Block="9" Page="496" />
  </Paragraph>
  <Paragraph>
    <Words Start="0" End="9" Block="10" Page="496" />
  </Paragraph>
  <Paragraph>
    <Words Start="10" End="56" Block="10" Page="496" />
  </Paragraph>
  <Paragraph>
    <Words Start="0" End="47" Block="11" Page="496" />
  </Paragraph>
  <Paragraph>
    <Words Start="48" End="53" Block="11" Page="496" />
  </Paragraph>
  <Paragraph>
    <Words Block="12" Page="496" />
  </Paragraph>
  <Paragraph>
    <Words Block="13" Page="496" />
  </Paragraph>
  <Paragraph>
    <Words Block="0" Page="497" />
  </Paragraph>
  <Paragraph>
    <Words Block="1" Page="497" />
  </Paragraph>
  <Paragraph>
    <Words Block="2" Page="497" />
  </Paragraph>
  <Paragraph>
    <Words Block="3" Page="497" />
  </Paragraph>
  <Paragraph>
    <Words Block="4" Page="497" />
  </Paragraph>
  <Paragraph>
    <Words Block="5" Page="497" />
  </Paragraph>
  <Paragraph>
    <Words Block="6" Page="497" />
  </Paragraph>
  <Paragraph>
    <Words Start="0" End="101" Block="7" Page="497" />
  </Paragraph>
  <Paragraph>
    <Words Start="102" End="102" Block="7" Page="497" />
  </Paragraph>
  <Paragraph>
    <Words Block="0" Page="498" />
  </Paragraph>
  <Paragraph>
    <Words Block="1" Page="498" />
    <Words Block="2" Page="498" />
  </Paragraph>
  <Paragraph>
    <Words Block="3" Page="498" />
  </Paragraph>
  <Paragraph>
    <Words Start="0" End="57" Block="4" Page="498" />
  </Paragraph>
  <Paragraph>
    <Words Start="58" End="126" Block="4" Page="498" />
  </Paragraph>
  <Paragraph>
    <Words Block="5" Page="498" />
  </Paragraph>
  <Paragraph>
    <Words Start="0" End="44" Block="6" Page="498" />
  </Paragraph>
  <Paragraph>
    <Words Start="45" End="86" Block="6" Page="498" />
  </Paragraph>
  <Paragraph>
    <Words Start="87" End="159" Block="6" Page="498" />
  </Paragraph>
  <Paragraph>
    <Words Start="160" End="198" Block="6" Page="498" />
  </Paragraph>
  <Paragraph>
    <Words Block="0" Page="499" />
  </Paragraph>
  <Paragraph>
    <Words Start="0" End="9" Block="1" Page="499" />
  </Paragraph>
  <Paragraph>
    <Words Start="10" End="10" Block="1" Page="499" />
  </Paragraph>
  <Paragraph>
    <Words Start="11" End="11" Block="1" Page="499" />
  </Paragraph>
  <Paragraph>
    <Words Block="2" Page="499" />
  </Paragraph>
  <Paragraph>
    <Words Block="3" Page="499" />
  </Paragraph>
  <Paragraph>
    <Words Block="4" Page="499" />
  </Paragraph>
  <Paragraph>
    <Words Block="5" Page="499" />
  </Paragraph>
  <Paragraph>
    <Words Start="0" End="28" Block="6" Page="499" />
  </Paragraph>
  <Paragraph>
    <Words Start="29" End="46" Block="6" Page="499" />
  </Paragraph>
  <Paragraph>
    <Words Block="7" Page="499" />
  </Paragraph>
  <Paragraph>
    <Words Start="0" End="75" Block="8" Page="499" />
  </Paragraph>
  <Paragraph>
    <Words Start="76" End="76" Block="8" Page="499" />
  </Paragraph>
  <Paragraph>
    <Words Block="9" Page="499" />
  </Paragraph>
  <Paragraph>
    <Words Block="0" Page="500" />
  </Paragraph>
  <Paragraph>
    <Words Block="1" Page="500" />
  </Paragraph>
  <Paragraph>
    <Words Start="0" End="20" Block="2" Page="500" />
  </Paragraph>
  <Paragraph>
    <Words Start="21" End="21" Block="2" Page="500" />
  </Paragraph>
  <Paragraph>
    <Words Start="22" End="22" Block="2" Page="500" />
  </Paragraph>
  <Paragraph>
    <Words Start="23" End="45" Block="2" Page="500" />
  </Paragraph>
  <Paragraph>
    <Words Start="46" End="112" Block="2" Page="500" />
  </Paragraph>
  <Paragraph>
    <Words Block="3" Page="500" />
  </Paragraph>
  <Paragraph>
    <Words Start="0" End="107" Block="4" Page="500" />
  </Paragraph>
  <Paragraph>
    <Words Start="108" End="167" Block="4" Page="500" />
  </Paragraph>
  <Paragraph>
    <Words Block="5" Page="500" />
  </Paragraph>
  <Paragraph>
    <Words Block="0" Page="501" />
  </Paragraph>
  <Paragraph>
    <Words Start="0" End="9" Block="1" Page="501" />
  </Paragraph>
  <Paragraph>
    <Words Start="10" End="10" Block="1" Page="501" />
  </Paragraph>
  <Paragraph>
    <Words Start="11" End="11" Block="1" Page="501" />
  </Paragraph>
  <Paragraph>
    <Words Block="2" Page="501" />
  </Paragraph>
  <Paragraph>
    <Words Block="3" Page="501" />
  </Paragraph>
  <Paragraph>
    <Words Block="4" Page="501" />
    <Words Block="5" Page="501" />
    <Words Block="6" Page="501" />
    <Words Block="7" Page="501" />
    <Words Block="8" Page="501" />
  </Paragraph>
  <Paragraph>
    <Words Block="9" Page="501" />
  </Paragraph>
  <Paragraph>
    <Words Block="10" Page="501" />
  </Paragraph>
  <Paragraph>
    <Words Block="11" Page="501" />
  </Paragraph>
  <Paragraph>
    <Words Block="12" Page="501" />
  </Paragraph>
  <Paragraph>
    <Words Start="0" End="28" Block="13" Page="501" />
  </Paragraph>
  <Paragraph>
    <Words Start="29" End="40" Block="13" Page="501" />
  </Paragraph>
  <Paragraph>
    <Words Block="14" Page="501" />
  </Paragraph>
  <Paragraph>
    <Words Block="15" Page="501" />
  </Paragraph>
  <Paragraph>
    <Words Block="16" Page="501" />
    <Words Block="0" Page="502" />
  </Paragraph>
  <Paragraph>
    <Words Block="1" Page="502" />
  </Paragraph>
  <Paragraph>
    <Words Start="0" End="20" Block="2" Page="502" />
  </Paragraph>
  <Paragraph>
    <Words Start="21" End="21" Block="2" Page="502" />
  </Paragraph>
  <Paragraph>
    <Words Start="22" End="22" Block="2" Page="502" />
  </Paragraph>
  <Paragraph>
    <Words Start="23" End="44" Block="2" Page="502" />
  </Paragraph>
  <Paragraph>
    <Words Start="45" End="118" Block="2" Page="502" />
  </Paragraph>
  <Paragraph>
    <Words Block="3" Page="502" />
  </Paragraph>
  <Paragraph>
    <Words Start="0" End="107" Block="4" Page="502" />
  </Paragraph>
  <Paragraph>
    <Words Start="108" End="167" Block="4" Page="502" />
  </Paragraph>
  <Paragraph>
    <Words Block="5" Page="502" />
  </Paragraph>
  <Paragraph>
    <Words Block="0" Page="503" />
  </Paragraph>
  <Paragraph>
    <Words Block="1" Page="503" />
  </Paragraph>
  <Paragraph>
    <Words Block="2" Page="503" />
  </Paragraph>
  <Paragraph>
    <Words Start="0" End="44" Block="3" Page="503" />
  </Paragraph>
  <Paragraph>
    <Words Start="45" End="105" Block="3" Page="503" />
  </Paragraph>
  <Paragraph>
    <Words Block="4" Page="503" />
  </Paragraph>
  <Paragraph>
    <Words Block="5" Page="503" />
  </Paragraph>
  <Paragraph>
    <Words Start="0" End="100" Block="6" Page="503" />
  </Paragraph>
  <Paragraph>
    <Words Start="101" End="126" Block="6" Page="503" />
  </Paragraph>
  <Paragraph>
    <Words Block="0" Page="504" />
  </Paragraph>
  <Paragraph>
    <Words Block="1" Page="504" />
  </Paragraph>
  <Paragraph>
    <Words Block="2" Page="504" />
    <Words Block="3" Page="504" />
  </Paragraph>
  <Paragraph>
    <Words Block="4" Page="504" />
    <Words Block="5" Page="504" />
    <Words Block="6" Page="504" />
    <Words Block="7" Page="504" />
    <Words Block="8" Page="504" />
    <Words Block="9" Page="504" />
  </Paragraph>
  <Paragraph>
    <Words Block="10" Page="504" />
  </Paragraph>
  <Paragraph>
    <Words Block="11" Page="504" />
  </Paragraph>
  <Paragraph>
    <Words Block="12" Page="504" />
  </Paragraph>
  <Paragraph>
    <Words Block="13" Page="504" />
  </Paragraph>
  <Paragraph>
    <Words Block="14" Page="504" />
  </Paragraph>
  <Paragraph>
    <Words Block="15" Page="504" />
  </Paragraph>
  <Paragraph>
    <Words Start="0" End="7" Block="16" Page="504" />
  </Paragraph>
  <Paragraph>
    <Words Start="8" End="12" Block="16" Page="504" />
  </Paragraph>
  <Paragraph>
    <Words Start="13" End="32" Block="16" Page="504" />
  </Paragraph>
  <Paragraph>
    <Words Start="33" End="53" Block="16" Page="504" />
  </Paragraph>
  <Paragraph>
    <Words Block="17" Page="504" />
  </Paragraph>
  <Paragraph>
    <Words Block="18" Page="504" />
  </Paragraph>
  <Paragraph>
    <Words Block="19" Page="504" />
  </Paragraph>
  <Paragraph>
    <Words Start="0" End="8" Block="20" Page="504" />
  </Paragraph>
  <Paragraph>
    <Words Start="9" End="13" Block="20" Page="504" />
  </Paragraph>
  <Paragraph>
    <Words Start="14" End="19" Block="20" Page="504" />
  </Paragraph>
  <Paragraph>
    <Words Start="0" End="22" Block="0" Page="505" />
  </Paragraph>
  <Paragraph>
    <Words Start="23" End="36" Block="0" Page="505" />
  </Paragraph>
  <Paragraph>
    <Words Block="1" Page="505" />
  </Paragraph>
  <Paragraph>
    <Words Block="2" Page="505" />
  </Paragraph>
  <Paragraph>
    <Words Block="3" Page="505" />
  </Paragraph>
  <Paragraph>
    <Words Block="4" Page="505" />
  </Paragraph>
  <Paragraph>
    <Words Block="5" Page="505" />
  </Paragraph>
  <Paragraph>
    <Words Block="6" Page="505" />
  </Paragraph>
  <Paragraph>
    <Words Block="7" Page="505" />
  </Paragraph>
  <Paragraph>
    <Words Block="8" Page="505" />
    <Words Block="0" Page="506" />
  </Paragraph>
  <Paragraph>
    <Words Block="1" Page="506" />
  </Paragraph>
  <Paragraph>
    <Words Block="2" Page="506" />
  </Paragraph>
  <Paragraph>
    <Words Block="3" Page="506" />
  </Paragraph>
  <Paragraph>
    <Words Block="4" Page="506" />
  </Paragraph>
  <Paragraph>
    <Words Start="0" End="142" Block="5" Page="506" />
  </Paragraph>
  <Paragraph>
    <Words Start="143" End="143" Block="5" Page="506" />
  </Paragraph>
  <Paragraph>
    <Words Block="0" Page="507" />
  </Paragraph>
  <Paragraph>
    <Words Block="1" Page="507" />
  </Paragraph>
  <Paragraph>
    <Words Block="2" Page="507" />
    <Words Block="3" Page="507" />
  </Paragraph>
  <Paragraph>
    <Words Block="4" Page="507" />
  </Paragraph>
  <Paragraph>
    <Words Block="5" Page="507" />
  </Paragraph>
  <Paragraph>
    <Words Block="6" Page="507" />
  </Paragraph>
</Flow>