﻿<?xml version="1.0" encoding="utf-8"?>
<Flow Name="f15">
  <Paragraph>
    <Words Block="0" Page="546" />
  </Paragraph>
  <Paragraph>
    <Words Block="1" Page="546" />
  </Paragraph>
  <Paragraph>
    <Words Block="0" Page="547" />
  </Paragraph>
  <Paragraph>
    <Words Block="0" Page="548" />
  </Paragraph>
  <Paragraph>
    <Words Block="0" Page="549" />
  </Paragraph>
  <Paragraph>
    <Words Block="0" Page="550" />
  </Paragraph>
  <Paragraph>
    <Words Block="0" Page="551" />
  </Paragraph>
  <Paragraph>
    <Words Block="0" Page="552" />
  </Paragraph>
  <Paragraph>
    <Words Block="0" Page="553" />
  </Paragraph>
  <Paragraph>
    <Words Block="0" Page="554" />
  </Paragraph>
  <Paragraph>
    <Words Block="0" Page="555" />
  </Paragraph>
  <Paragraph>
    <Words Block="0" Page="556" />
  </Paragraph>
  <Paragraph>
    <Words Block="0" Page="557" />
  </Paragraph>
  <Paragraph>
    <Words Block="0" Page="558" />
  </Paragraph>
  <Paragraph>
    <Words Block="0" Page="559" />
  </Paragraph>
  <Paragraph>
    <Words Block="0" Page="560" />
  </Paragraph>
  <Paragraph>
    <Words Block="0" Page="561" />
  </Paragraph>
</Flow>