﻿<?xml version="1.0" encoding="utf-8"?>
<Flow Name="f4">
  <Paragraph>
    <Words Block="0" Page="10" />
  </Paragraph>
  <Paragraph>
    <Words Block="1" Page="10" />
  </Paragraph>
  <Paragraph>
    <Words Block="2" Page="10" />
  </Paragraph>
  <Paragraph>
    <Words Block="3" Page="10" />
  </Paragraph>
  <Paragraph>
    <Words Block="4" Page="10" />
  </Paragraph>
  <Paragraph>
    <Words Block="5" Page="10" />
  </Paragraph>
  <Paragraph>
    <Words Block="6" Page="10" />
  </Paragraph>
  <Paragraph>
    <Words Block="7" Page="10" />
  </Paragraph>
  <Paragraph>
    <Words Block="8" Page="10" />
  </Paragraph>
  <Paragraph>
    <Words Block="9" Page="10" />
  </Paragraph>
  <Paragraph>
    <Words Block="10" Page="10" />
  </Paragraph>
  <Paragraph>
    <Words Block="11" Page="10" />
  </Paragraph>
  <Paragraph>
    <Words Block="12" Page="10" />
  </Paragraph>
  <Paragraph>
    <Words Block="13" Page="10" />
  </Paragraph>
  <Paragraph>
    <Words Block="14" Page="10" />
  </Paragraph>
  <Paragraph>
    <Words Block="15" Page="10" />
  </Paragraph>
  <Paragraph>
    <Words Block="16" Page="10" />
  </Paragraph>
  <Paragraph>
    <Words Block="17" Page="10" />
  </Paragraph>
  <Paragraph>
    <Words Block="18" Page="10" />
  </Paragraph>
  <Paragraph>
    <Words Block="19" Page="10" />
  </Paragraph>
  <Paragraph>
    <Words Block="20" Page="10" />
  </Paragraph>
  <Paragraph>
    <Words Block="21" Page="10" />
  </Paragraph>
  <Paragraph>
    <Words Block="0" Page="12" />
  </Paragraph>
</Flow>