﻿<?xml version="1.0" encoding="utf-8"?>
<Flow Name="f1">
  <Paragraph>
    <Words Block="0" Page="4" />
  </Paragraph>
  <Paragraph>
    <Words Block="1" Page="4" />
  </Paragraph>
  <Paragraph>
    <Words Block="2" Page="4" />
  </Paragraph>
  <Paragraph>
    <Words Start="0" End="0" Block="3" Page="4" />
  </Paragraph>
  <Paragraph>
    <Words Start="1" End="3" Block="3" Page="4" />
  </Paragraph>
  <Paragraph>
    <Words Block="4" Page="4" />
  </Paragraph>
  <Paragraph>
    <Words Block="5" Page="4" />
  </Paragraph>
</Flow>