﻿<?xml version="1.0" encoding="utf-8"?>
<Flow Name="f11">
  <Paragraph>
    <Words Block="0" Page="508" />
  </Paragraph>
  <Paragraph>
    <Words Start="0" End="36" Block="1" Page="508" />
  </Paragraph>
  <Paragraph>
    <Words Start="37" End="98" Block="1" Page="508" />
  </Paragraph>
  <Paragraph>
    <Words Start="99" End="182" Block="1" Page="508" />
  </Paragraph>
  <Paragraph>
    <Words Block="2" Page="508" />
  </Paragraph>
  <Paragraph>
    <Words Block="3" Page="508" />
  </Paragraph>
  <Paragraph>
    <Words Block="4" Page="508" />
    <Words Block="5" Page="508" />
  </Paragraph>
  <Paragraph>
    <Words Block="6" Page="508" />
    <Words Block="7" Page="508" />
  </Paragraph>
  <Paragraph>
    <Words Block="8" Page="508" />
  </Paragraph>
  <Paragraph>
    <Words Block="9" Page="508" />
  </Paragraph>
  <Paragraph>
    <Words Block="10" Page="508" />
  </Paragraph>
  <Paragraph>
    <Words Block="11" Page="508" />
  </Paragraph>
  <Paragraph>
    <Words Block="12" Page="508" />
  </Paragraph>
  <Paragraph>
    <Words Block="13" Page="508" />
  </Paragraph>
  <Paragraph>
    <Words Block="14" Page="508" />
  </Paragraph>
  <Paragraph>
    <Words Block="15" Page="508" />
  </Paragraph>
  <Paragraph>
    <Words Block="16" Page="508" />
  </Paragraph>
  <Paragraph>
    <Words Block="0" Page="509" />
  </Paragraph>
  <Paragraph>
    <Words Block="1" Page="509" />
  </Paragraph>
  <Paragraph>
    <Words Block="2" Page="509" />
  </Paragraph>
  <Paragraph>
    <Words Block="3" Page="509" />
  </Paragraph>
  <Paragraph>
    <Words Block="4" Page="509" />
  </Paragraph>
  <Paragraph>
    <Words Block="5" Page="509" />
  </Paragraph>
  <Paragraph>
    <Words Block="6" Page="509" />
    <Words Block="7" Page="509" />
  </Paragraph>
  <Paragraph>
    <Words Block="8" Page="509" />
  </Paragraph>
  <Paragraph>
    <Words Block="9" Page="509" />
  </Paragraph>
  <Paragraph>
    <Words Block="10" Page="509" />
  </Paragraph>
  <Paragraph>
    <Words Block="11" Page="509" />
  </Paragraph>
  <Paragraph>
    <Words Block="12" Page="509" />
  </Paragraph>
  <Paragraph>
    <Words Block="13" Page="509" />
  </Paragraph>
  <Paragraph>
    <Words Block="14" Page="509" />
  </Paragraph>
  <Paragraph>
    <Words Block="15" Page="509" />
  </Paragraph>
  <Paragraph>
    <Words Block="16" Page="509" />
  </Paragraph>
  <Paragraph>
    <Words Start="0" End="5" Block="17" Page="509" />
  </Paragraph>
  <Paragraph>
    <Words Start="6" End="8" Block="17" Page="509" />
  </Paragraph>
  <Paragraph>
    <Words Start="9" End="11" Block="17" Page="509" />
  </Paragraph>
  <Paragraph>
    <Words Block="18" Page="509" />
  </Paragraph>
  <Paragraph>
    <Words Block="19" Page="509" />
  </Paragraph>
  <Paragraph>
    <Words Block="20" Page="509" />
  </Paragraph>
  <Paragraph>
    <Words Block="21" Page="509" />
  </Paragraph>
  <Paragraph>
    <Words Block="22" Page="509" />
  </Paragraph>
  <Paragraph>
    <Words Block="23" Page="509" />
  </Paragraph>
  <Paragraph>
    <Words Block="24" Page="509" />
  </Paragraph>
  <Paragraph>
    <Words Block="25" Page="509" />
  </Paragraph>
  <Paragraph>
    <Words Block="26" Page="509" />
  </Paragraph>
  <Paragraph>
    <Words Block="27" Page="509" />
  </Paragraph>
  <Paragraph>
    <Words Block="28" Page="509" />
  </Paragraph>
  <Paragraph>
    <Words Block="29" Page="509" />
  </Paragraph>
  <Paragraph>
    <Words Block="30" Page="509" />
  </Paragraph>
  <Paragraph>
    <Words Block="31" Page="509" />
  </Paragraph>
  <Paragraph>
    <Words Block="32" Page="509" />
  </Paragraph>
  <Paragraph>
    <Words Block="33" Page="509" />
  </Paragraph>
  <Paragraph>
    <Words Block="34" Page="509" />
  </Paragraph>
  <Paragraph>
    <Words Block="36" Page="509" />
  </Paragraph>
  <Paragraph>
    <Words Block="0" Page="510" />
  </Paragraph>
  <Paragraph>
    <Words Block="1" Page="510" />
  </Paragraph>
  <Paragraph>
    <Words Block="2" Page="510" />
  </Paragraph>
  <Paragraph>
    <Words Block="3" Page="510" />
  </Paragraph>
  <Paragraph>
    <Words Block="4" Page="510" />
  </Paragraph>
  <Paragraph>
    <Words Block="5" Page="510" />
  </Paragraph>
  <Paragraph>
    <Words Block="6" Page="510" />
  </Paragraph>
  <Paragraph>
    <Words Block="7" Page="510" />
    <Words Block="8" Page="510" />
  </Paragraph>
  <Paragraph>
    <Words Start="0" End="0" Block="9" Page="510" />
  </Paragraph>
  <Paragraph>
    <Words Start="1" End="8" Block="9" Page="510" />
  </Paragraph>
  <Paragraph>
    <Words Block="10" Page="510" />
  </Paragraph>
  <Paragraph>
    <Words Block="11" Page="510" />
  </Paragraph>
  <Paragraph>
    <Words Block="12" Page="510" />
  </Paragraph>
  <Paragraph>
    <Words Block="13" Page="510" />
  </Paragraph>
  <Paragraph>
    <Words Start="0" End="5" Block="14" Page="510" />
  </Paragraph>
  <Paragraph>
    <Words Start="6" End="8" Block="14" Page="510" />
  </Paragraph>
  <Paragraph>
    <Words Start="9" End="19" Block="14" Page="510" />
  </Paragraph>
  <Paragraph>
    <Words Block="15" Page="510" />
  </Paragraph>
  <Paragraph>
    <Words Block="16" Page="510" />
  </Paragraph>
  <Paragraph>
    <Words Block="17" Page="510" />
  </Paragraph>
  <Paragraph>
    <Words Block="18" Page="510" />
  </Paragraph>
  <Paragraph>
    <Words Block="19" Page="510" />
  </Paragraph>
  <Paragraph>
    <Words Block="20" Page="510" />
  </Paragraph>
  <Paragraph>
    <Words Block="21" Page="510" />
  </Paragraph>
  <Paragraph>
    <Words Block="22" Page="510" />
  </Paragraph>
  <Paragraph>
    <Words Block="23" Page="510" />
  </Paragraph>
  <Paragraph>
    <Words Block="24" Page="510" />
  </Paragraph>
  <Paragraph>
    <Words Start="0" End="0" Block="25" Page="510" />
  </Paragraph>
  <Paragraph>
    <Words Start="1" End="1" Block="25" Page="510" />
  </Paragraph>
  <Paragraph>
    <Words Start="2" End="2" Block="25" Page="510" />
  </Paragraph>
  <Paragraph>
    <Words Block="26" Page="510" />
  </Paragraph>
  <Paragraph>
    <Words Block="27" Page="510" />
  </Paragraph>
</Flow>