﻿<?xml version="1.0" encoding="utf-8"?>
<BookContents>
  <PageLocations>
    <PageRange Start="0" End="38" Source="Pages_0_38.xml" />
    <PageRange Start="39" End="63" Source="Pages_39_63.xml" />
    <PageRange Start="64" End="87" Source="Pages_64_87.xml" />
    <PageRange Start="88" End="110" Source="Pages_88_110.xml" />
    <PageRange Start="111" End="133" Source="Pages_111_133.xml" />
    <PageRange Start="134" End="157" Source="Pages_134_157.xml" />
    <PageRange Start="158" End="186" Source="Pages_158_186.xml" />
    <PageRange Start="187" End="211" Source="Pages_187_211.xml" />
    <PageRange Start="212" End="236" Source="Pages_212_236.xml" />
    <PageRange Start="237" End="260" Source="Pages_237_260.xml" />
    <PageRange Start="261" End="289" Source="Pages_261_289.xml" />
    <PageRange Start="290" End="313" Source="Pages_290_313.xml" />
    <PageRange Start="314" End="336" Source="Pages_314_336.xml" />
    <PageRange Start="337" End="360" Source="Pages_337_360.xml" />
    <PageRange Start="361" End="385" Source="Pages_361_385.xml" />
    <PageRange Start="386" End="413" Source="Pages_386_413.xml" />
    <PageRange Start="414" End="438" Source="Pages_414_438.xml" />
    <PageRange Start="439" End="462" Source="Pages_439_462.xml" />
    <PageRange Start="463" End="485" Source="Pages_463_485.xml" />
    <PageRange Start="486" End="508" Source="Pages_486_508.xml" />
    <PageRange Start="509" End="532" Source="Pages_509_532.xml" />
    <PageRange Start="533" End="561" Source="Pages_533_561.xml" />
  </PageLocations>
  <Sections>
    <Section PageIndex="0" Name="Cover Page">
      <FlowReference Source="Flow_0.xml" PageIndices="0,2-3" />
    </Section>
    <Section PageIndex="4" Name="Title Page">
      <FlowReference Source="Flow_1.xml" PageIndices="4" />
    </Section>
    <Section PageIndex="5" Name="Copyright Page">
      <FlowReference Source="Flow_2.xml" PageIndices="5-6" />
    </Section>
    <Section PageIndex="8" Name="My Gratitude and Thanks">
      <FlowReference Source="Flow_3.xml" PageIndices="8-9" />
    </Section>
    <Section PageIndex="10" Name="Contents">
      <FlowReference Source="Flow_4.xml" PageIndices="10,12" />
    </Section>
    <Section PageIndex="14" Name="Introduction">
      <FlowReference Source="Flow_5.xml" PageIndices="14-20" />
    </Section>
    <Section PageIndex="22" Name="Chapter 1. Cakes, Luscious Cakes! Muffins, Quick Breads, and More">
      <FlowReference Source="Flow_6.xml" PageIndices="22-173" />
    </Section>
    <Section PageIndex="174" Name="Chapter 2. Puff, The Magic Leavener—Steam">
      <FlowReference Source="Flow_7.xml" PageIndices="174-275" />
    </Section>
    <Section PageIndex="276" Name="Chapter 3. Pie Marches On and On">
      <FlowReference Source="Flow_8.xml" PageIndices="276-381" />
    </Section>
    <Section PageIndex="382" Name="Chapter 4. As the Cookie Crumbles">
      <FlowReference Source="Flow_9.xml" PageIndices="382-441" />
    </Section>
    <Section PageIndex="442" Name="Chapter 5. Great Breads—Great Flavors">
      <FlowReference Source="Flow_10.xml" PageIndices="442-507" />
    </Section>
    <Section PageIndex="508" Name="Ingredients">
      <FlowReference Source="Flow_11.xml" PageIndices="508-510" />
    </Section>
    <Section PageIndex="511" Name="References and Bibliography">
      <FlowReference Source="Flow_12.xml" PageIndices="511-519" />
    </Section>
    <Section PageIndex="520" Name="Sources">
      <FlowReference Source="Flow_13.xml" PageIndices="520-523" />
    </Section>
    <Section PageIndex="524" Name="Index">
      <FlowReference Source="Flow_14.xml" PageIndices="524-545" />
    </Section>
    <Section PageIndex="546" Name="Photographic Insert">
      <FlowReference Source="Flow_15.xml" PageIndices="546-561" />
    </Section>
  </Sections>
</BookContents>