﻿<?xml version="1.0" encoding="utf-8"?>
<Flow Name="f0">
  <Paragraph>
    <Words Start="0" End="0" Block="0" Page="0" />
  </Paragraph>
  <Paragraph>
    <Words Start="1" End="3" Block="0" Page="0" />
  </Paragraph>
  <Paragraph>
    <Words Start="4" End="4" Block="0" Page="0" />
  </Paragraph>
  <Paragraph>
    <Words Start="0" End="3" Block="0" Page="1" />
  </Paragraph>
  <Paragraph>
    <Words Start="4" End="4" Block="0" Page="1" />
  </Paragraph>
  <Paragraph>
    <Words Start="0" End="6" Block="1" Page="1" />
  </Paragraph>
  <Paragraph>
    <Words Start="7" End="7" Block="1" Page="1" />
  </Paragraph>
  <Paragraph>
    <Words Start="0" End="14" Block="0" Page="2" />
  </Paragraph>
  <Paragraph>
    <Words Start="15" End="15" Block="0" Page="2" />
  </Paragraph>
  <Paragraph>
    <Words Start="0" End="6" Block="1" Page="2" />
  </Paragraph>
  <Paragraph>
    <Words Start="7" End="7" Block="1" Page="2" />
  </Paragraph>
  <Paragraph>
    <Words Start="0" End="6" Block="2" Page="2" />
  </Paragraph>
  <Paragraph>
    <Words Start="7" End="13" Block="2" Page="2" />
  </Paragraph>
  <Paragraph>
    <Words Start="14" End="40" Block="2" Page="2" />
  </Paragraph>
  <Paragraph>
    <Words Block="3" Page="2" />
  </Paragraph>
  <Paragraph>
    <Words Block="4" Page="2" />
  </Paragraph>
  <Paragraph>
    <Words Start="0" End="5" Block="5" Page="2" />
  </Paragraph>
  <Paragraph>
    <Words Start="6" End="21" Block="5" Page="2" />
  </Paragraph>
  <Paragraph>
    <Words Start="22" End="22" Block="5" Page="2" />
  </Paragraph>
  <Paragraph>
    <Words Block="6" Page="2" />
  </Paragraph>
  <Paragraph>
    <Words Start="0" End="1" Block="7" Page="2" />
  </Paragraph>
  <Paragraph>
    <Words Start="2" End="2" Block="7" Page="2" />
  </Paragraph>
  <Paragraph>
    <Words Start="0" End="13" Block="8" Page="2" />
  </Paragraph>
  <Paragraph>
    <Words Start="14" End="14" Block="8" Page="2" />
  </Paragraph>
  <Paragraph>
    <Words Block="9" Page="2" />
  </Paragraph>
  <Paragraph>
    <Words Start="0" End="2" Block="0" Page="4" />
  </Paragraph>
  <Paragraph>
    <Words Start="3" End="3" Block="0" Page="4" />
  </Paragraph>
  <Paragraph>
    <Words Block="1" Page="4" />
  </Paragraph>
  <Paragraph>
    <Words Block="2" Page="4" />
    <Words Block="3" Page="4" />
    <Words Block="4" Page="4" />
    <Words Block="5" Page="4" />
    <Words Block="6" Page="4" />
    <Words Block="7" Page="4" />
  </Paragraph>
  <Paragraph>
    <Words Block="8" Page="4" />
  </Paragraph>
  <Paragraph>
    <Words Block="0" Page="5" />
    <Words Block="1" Page="5" />
  </Paragraph>
  <Paragraph>
    <Words Block="2" Page="5" />
    <Words Block="3" Page="5" />
    <Words Block="4" Page="5" />
  </Paragraph>
  <Paragraph>
    <Words Block="5" Page="5" />
    <Words Block="6" Page="5" />
    <Words Block="7" Page="5" />
    <Words Block="8" Page="5" />
  </Paragraph>
  <Paragraph>
    <Words Block="9" Page="5" />
  </Paragraph>
  <Paragraph>
    <Words Block="10" Page="5" />
    <Words Block="11" Page="5" />
    <Words Block="12" Page="5" />
    <Words Block="13" Page="5" />
    <Words Block="14" Page="5" />
  </Paragraph>
  <Paragraph>
    <Words Block="15" Page="5" />
  </Paragraph>
  <Paragraph>
    <Words Block="0" Page="6" />
    <Words Block="1" Page="6" />
  </Paragraph>
  <Paragraph>
    <Words Block="2" Page="6" />
    <Words Block="3" Page="6" />
  </Paragraph>
  <Paragraph>
    <Words Block="4" Page="6" />
    <Words Block="5" Page="6" />
  </Paragraph>
  <Paragraph>
    <Words Block="6" Page="6" />
    <Words Block="7" Page="6" />
  </Paragraph>
  <Paragraph>
    <Words Block="8" Page="6" />
    <Words Block="9" Page="6" />
  </Paragraph>
  <Paragraph>
    <Words Block="10" Page="6" />
  </Paragraph>
  <Paragraph>
    <Words Block="11" Page="6" />
  </Paragraph>
  <Paragraph>
    <Words Block="0" Page="7" />
    <Words Block="1" Page="7" />
  </Paragraph>
  <Paragraph>
    <Words Block="2" Page="7" />
    <Words Block="3" Page="7" />
  </Paragraph>
  <Paragraph>
    <Words Block="4" Page="7" />
    <Words Block="5" Page="7" />
    <Words Block="6" Page="7" />
  </Paragraph>
  <Paragraph>
    <Words Block="7" Page="7" />
    <Words Block="8" Page="7" />
  </Paragraph>
  <Paragraph>
    <Words Block="9" Page="7" />
    <Words Block="10" Page="7" />
    <Words Block="11" Page="7" />
    <Words Block="12" Page="7" />
  </Paragraph>
  <Paragraph>
    <Words Block="13" Page="7" />
  </Paragraph>
  <Paragraph>
    <Words Block="0" Page="8" />
    <Words Block="1" Page="8" />
    <Words Block="2" Page="8" />
  </Paragraph>
  <Paragraph>
    <Words Block="3" Page="8" />
    <Words Block="4" Page="8" />
  </Paragraph>
  <Paragraph>
    <Words Block="5" Page="8" />
    <Words Block="6" Page="8" />
  </Paragraph>
  <Paragraph>
    <Words Block="7" Page="8" />
  </Paragraph>
  <Paragraph>
    <Words Block="8" Page="8" />
    <Words Block="9" Page="8" />
  </Paragraph>
  <Paragraph>
    <Words Block="10" Page="8" />
  </Paragraph>
  <Paragraph>
    <Words Block="11" Page="8" />
  </Paragraph>
  <Paragraph>
    <Words Block="0" Page="10" />
    <Words Block="1" Page="10" />
    <Words Block="2" Page="10" />
    <Words Block="3" Page="10" />
    <Words Block="4" Page="10" />
    <Words Block="5" Page="10" />
    <Words Block="6" Page="10" />
  </Paragraph>
  <Paragraph>
    <Words Block="7" Page="10" />
    <Words Block="8" Page="10" />
  </Paragraph>
  <Paragraph>
    <Words Block="9" Page="10" />
    <Words Block="10" Page="10" />
    <Words Block="11" Page="10" />
  </Paragraph>
  <Paragraph>
    <Words Block="12" Page="10" />
  </Paragraph>
  <Paragraph>
    <Words Block="13" Page="10" />
  </Paragraph>
  <Paragraph>
    <Words Start="0" End="8" Block="14" Page="10" />
  </Paragraph>
  <Paragraph>
    <Words Start="9" End="9" Block="14" Page="10" />
    <Words Block="15" Page="10" />
  </Paragraph>
  <Paragraph>
    <Words Block="16" Page="10" />
    <Words Block="17" Page="10" />
  </Paragraph>
  <Paragraph>
    <Words Block="18" Page="10" />
  </Paragraph>
  <Paragraph>
    <Words Block="0" Page="11" />
    <Words Block="1" Page="11" />
    <Words Block="2" Page="11" />
  </Paragraph>
  <Paragraph>
    <Words Block="3" Page="11" />
  </Paragraph>
  <Paragraph>
    <Words Block="4" Page="11" />
    <Words Start="0" End="11" Block="5" Page="11" />
  </Paragraph>
  <Paragraph>
    <Words Start="12" End="12" Block="5" Page="11" />
  </Paragraph>
  <Paragraph>
    <Words Block="6" Page="11" />
    <Words Block="7" Page="11" />
  </Paragraph>
  <Paragraph>
    <Words Block="8" Page="11" />
  </Paragraph>
  <Paragraph>
    <Words Block="9" Page="11" />
    <Words Block="10" Page="11" />
    <Words Block="11" Page="11" />
  </Paragraph>
  <Paragraph>
    <Words Block="12" Page="11" />
  </Paragraph>
  <Paragraph>
    <Words Block="13" Page="11" />
    <Words Block="14" Page="11" />
  </Paragraph>
  <Paragraph>
    <Words Block="15" Page="11" />
  </Paragraph>
  <Paragraph>
    <Words Block="0" Page="12" />
  </Paragraph>
  <Paragraph>
    <Words Block="0" Page="13" />
  </Paragraph>
  <Paragraph>
    <Words Block="1" Page="13" />
    <Words Block="2" Page="13" />
  </Paragraph>
  <Paragraph>
    <Words Block="3" Page="13" />
  </Paragraph>
  <Paragraph>
    <Words Block="4" Page="13" />
    <Words Block="5" Page="13" />
    <Words Block="6" Page="13" />
    <Words Block="7" Page="13" />
  </Paragraph>
  <Paragraph>
    <Words Block="8" Page="13" />
  </Paragraph>
  <Paragraph>
    <Words Block="0" Page="14" />
  </Paragraph>
  <Paragraph>
    <Words Block="0" Page="15" />
    <Words Block="1" Page="15" />
  </Paragraph>
  <Paragraph>
    <Words Block="2" Page="15" />
    <Words Block="3" Page="15" />
    <Words Block="4" Page="15" />
    <Words Block="5" Page="15" />
  </Paragraph>
  <Paragraph>
    <Words Block="6" Page="15" />
    <Words Block="7" Page="15" />
  </Paragraph>
  <Paragraph>
    <Words Block="8" Page="15" />
    <Words Block="9" Page="15" />
    <Words Block="10" Page="15" />
    <Words Block="11" Page="15" />
    <Words Block="12" Page="15" />
    <Words Block="13" Page="15" />
    <Words Block="14" Page="15" />
  </Paragraph>
  <Paragraph>
    <Words Block="15" Page="15" />
  </Paragraph>
  <Paragraph>
    <Words Block="0" Page="16" />
    <Words Block="1" Page="16" />
  </Paragraph>
  <Paragraph>
    <Words Start="0" End="2" Block="2" Page="16" />
  </Paragraph>
  <Paragraph>
    <Words Start="3" End="5" Block="2" Page="16" />
  </Paragraph>
  <Paragraph>
    <Words Start="6" End="12" Block="2" Page="16" />
  </Paragraph>
  <Paragraph>
    <Words Start="13" End="13" Block="2" Page="16" />
  </Paragraph>
  <Paragraph>
    <Words Block="3" Page="16" />
    <Words Block="4" Page="16" />
  </Paragraph>
  <Paragraph>
    <Words Block="5" Page="16" />
  </Paragraph>
  <Paragraph>
    <Words Start="0" End="0" Block="0" Page="17" />
  </Paragraph>
  <Paragraph>
    <Words Start="1" End="3" Block="0" Page="17" />
  </Paragraph>
  <Paragraph>
    <Words Start="4" End="4" Block="0" Page="17" />
  </Paragraph>
</Flow>