﻿<?xml version="1.0" encoding="utf-8"?>
<Flow Name="f1">
  <Paragraph>
    <Words Start="0" End="2" Block="0" Page="2" />
  </Paragraph>
  <Paragraph>
    <Words Start="3" End="3" Block="0" Page="2" />
  </Paragraph>
  <Paragraph>
    <Words Start="0" End="7" Block="1" Page="2" />
  </Paragraph>
  <Paragraph>
    <Words Start="8" End="8" Block="1" Page="2" />
  </Paragraph>
  <Paragraph>
    <Words Start="0" End="3" Block="2" Page="2" />
  </Paragraph>
  <Paragraph>
    <Words Start="4" End="4" Block="2" Page="2" />
  </Paragraph>
  <Paragraph>
    <Words Start="0" End="2" Block="3" Page="2" />
  </Paragraph>
  <Paragraph>
    <Words Start="3" End="3" Block="3" Page="2" />
  </Paragraph>
  <Paragraph>
    <Words Start="4" End="4" Block="3" Page="2" />
  </Paragraph>
  <Paragraph>
    <Words Start="0" End="18" Block="4" Page="2" />
  </Paragraph>
  <Paragraph>
    <Words Start="19" End="20" Block="4" Page="2" />
  </Paragraph>
  <Paragraph>
    <Words Start="21" End="21" Block="4" Page="2" />
  </Paragraph>
  <Paragraph>
    <Words Start="0" End="10" Block="0" Page="3" />
  </Paragraph>
  <Paragraph>
    <Words Start="11" End="11" Block="0" Page="3" />
  </Paragraph>
  <Paragraph>
    <Words Block="1" Page="3" />
  </Paragraph>
  <Paragraph>
    <Words Block="2" Page="3" />
  </Paragraph>
  <Paragraph>
    <Words Start="0" End="22" Block="3" Page="3" />
  </Paragraph>
  <Paragraph>
    <Words Start="23" End="23" Block="3" Page="3" />
  </Paragraph>
  <Paragraph>
    <Words Start="0" End="0" Block="0" Page="4" />
  </Paragraph>
  <Paragraph>
    <Words Start="1" End="1" Block="0" Page="4" />
  </Paragraph>
  <Paragraph>
    <Words Start="0" End="5" Block="1" Page="4" />
  </Paragraph>
  <Paragraph>
    <Words Start="6" End="6" Block="1" Page="4" />
  </Paragraph>
  <Paragraph>
    <Words Start="0" End="0" Block="2" Page="4" />
  </Paragraph>
  <Paragraph>
    <Words Start="1" End="1" Block="2" Page="4" />
  </Paragraph>
  <Paragraph>
    <Words Start="0" End="0" Block="3" Page="4" />
  </Paragraph>
  <Paragraph>
    <Words Start="1" End="1" Block="3" Page="4" />
  </Paragraph>
  <Paragraph>
    <Words Start="0" End="4" Block="0" Page="5" />
  </Paragraph>
  <Paragraph>
    <Words Start="5" End="5" Block="0" Page="5" />
  </Paragraph>
  <Paragraph>
    <Words Block="1" Page="5" />
  </Paragraph>
  <Paragraph>
    <Words Start="0" End="7" Block="2" Page="5" />
  </Paragraph>
  <Paragraph>
    <Words Start="8" End="8" Block="2" Page="5" />
  </Paragraph>
  <Paragraph>
    <Words Start="0" End="19" Block="3" Page="5" />
  </Paragraph>
  <Paragraph>
    <Words Start="20" End="20" Block="3" Page="5" />
  </Paragraph>
  <Paragraph>
    <Words Start="0" End="9" Block="4" Page="5" />
  </Paragraph>
  <Paragraph>
    <Words Start="10" End="10" Block="4" Page="5" />
    <Words Block="5" Page="5" />
  </Paragraph>
  <Paragraph>
    <Words Block="6" Page="5" />
  </Paragraph>
  <Paragraph>
    <Words Start="0" End="47" Block="7" Page="5" />
  </Paragraph>
  <Paragraph>
    <Words Start="48" End="49" Block="7" Page="5" />
  </Paragraph>
  <Paragraph>
    <Words Start="0" End="1" Block="8" Page="5" />
  </Paragraph>
  <Paragraph>
    <Words Start="2" End="2" Block="8" Page="5" />
  </Paragraph>
  <Paragraph>
    <Words Block="9" Page="5" />
  </Paragraph>
  <Paragraph>
    <Words Start="0" End="0" Block="10" Page="5" />
  </Paragraph>
  <Paragraph>
    <Words Start="1" End="1" Block="10" Page="5" />
  </Paragraph>
  <Paragraph>
    <Words Block="0" Page="6" />
  </Paragraph>
  <Paragraph>
    <Words Block="1" Page="6" />
  </Paragraph>
  <Paragraph>
    <Words Start="0" End="1" Block="0" Page="9" />
  </Paragraph>
  <Paragraph>
    <Words Start="2" End="2" Block="0" Page="9" />
  </Paragraph>
  <Paragraph>
    <Words Start="0" End="0" Block="1" Page="9" />
  </Paragraph>
  <Paragraph>
    <Words Start="1" End="1" Block="1" Page="9" />
  </Paragraph>
  <Paragraph>
    <Words Start="0" End="1" Block="2" Page="9" />
  </Paragraph>
  <Paragraph>
    <Words Start="2" End="2" Block="2" Page="9" />
  </Paragraph>
  <Paragraph>
    <Words Start="0" End="0" Block="3" Page="9" />
  </Paragraph>
  <Paragraph>
    <Words Start="1" End="1" Block="3" Page="9" />
  </Paragraph>
  <Paragraph>
    <Words Block="4" Page="9" />
  </Paragraph>
  <Paragraph>
    <Words Start="0" End="5" Block="0" Page="11" />
  </Paragraph>
  <Paragraph>
    <Words Start="6" End="6" Block="0" Page="11" />
  </Paragraph>
  <Paragraph>
    <Words Block="1" Page="11" />
  </Paragraph>
  <Paragraph>
    <Words Block="2" Page="11" />
  </Paragraph>
  <Paragraph>
    <Words Start="0" End="2" Block="0" Page="12" />
  </Paragraph>
  <Paragraph>
    <Words Start="3" End="3" Block="0" Page="12" />
  </Paragraph>
  <Paragraph>
    <Words Block="1" Page="12" />
  </Paragraph>
  <Paragraph>
    <Words Start="0" End="1" Block="0" Page="13" />
  </Paragraph>
  <Paragraph>
    <Words Start="2" End="2" Block="0" Page="13" />
  </Paragraph>
  <Paragraph>
    <Words Block="1" Page="13" />
  </Paragraph>
  <Paragraph>
    <Words Start="0" End="0" Block="0" Page="14" />
  </Paragraph>
  <Paragraph>
    <Words Start="1" End="1" Block="0" Page="14" />
  </Paragraph>
  <Paragraph>
    <Words Start="0" End="11" Block="1" Page="14" />
  </Paragraph>
  <Paragraph>
    <Words Start="12" End="12" Block="1" Page="14" />
  </Paragraph>
  <Paragraph>
    <Words Block="2" Page="14" />
  </Paragraph>
  <Paragraph>
    <Words Block="3" Page="14" />
  </Paragraph>
  <Paragraph>
    <Words Block="0" Page="15" />
  </Paragraph>
  <Paragraph>
    <Words Start="0" End="6" Block="1" Page="15" />
  </Paragraph>
  <Paragraph>
    <Words Start="7" End="7" Block="1" Page="15" />
  </Paragraph>
  <Paragraph>
    <Words Block="2" Page="15" />
  </Paragraph>
  <Paragraph>
    <Words Block="3" Page="15" />
  </Paragraph>
  <Paragraph>
    <Words Block="4" Page="15" />
  </Paragraph>
  <Paragraph>
    <Words Block="5" Page="15" />
  </Paragraph>
  <Paragraph>
    <Words Start="0" End="8" Block="6" Page="15" />
  </Paragraph>
  <Paragraph>
    <Words Start="9" End="9" Block="6" Page="15" />
  </Paragraph>
  <Paragraph>
    <Words Block="1" Page="16" />
  </Paragraph>
  <Paragraph>
    <Words Block="2" Page="16" />
  </Paragraph>
  <Paragraph>
    <Words Start="0" End="2" Block="3" Page="16" />
  </Paragraph>
  <Paragraph>
    <Words Start="3" End="3" Block="3" Page="16" />
  </Paragraph>
  <Paragraph>
    <Words Block="4" Page="16" />
  </Paragraph>
  <Paragraph>
    <Words Start="0" End="6" Block="5" Page="16" />
  </Paragraph>
  <Paragraph>
    <Words Start="7" End="7" Block="5" Page="16" />
  </Paragraph>
  <Paragraph>
    <Words Start="0" End="2" Block="6" Page="16" />
  </Paragraph>
  <Paragraph>
    <Words Start="3" End="3" Block="6" Page="16" />
  </Paragraph>
  <Paragraph>
    <Words Block="7" Page="16" />
  </Paragraph>
  <Paragraph>
    <Words Block="0" Page="17" />
  </Paragraph>
  <Paragraph>
    <Words Start="0" End="0" Block="1" Page="17" />
  </Paragraph>
  <Paragraph>
    <Words Start="1" End="1" Block="1" Page="17" />
  </Paragraph>
  <Paragraph>
    <Words Block="2" Page="17" />
  </Paragraph>
  <Paragraph>
    <Words Start="0" End="2" Block="3" Page="17" />
  </Paragraph>
  <Paragraph>
    <Words Start="3" End="3" Block="3" Page="17" />
  </Paragraph>
  <Paragraph>
    <Words Block="4" Page="17" />
  </Paragraph>
  <Paragraph>
    <Words Block="5" Page="17" />
  </Paragraph>
  <Paragraph>
    <Words Start="0" End="11" Block="0" Page="18" />
  </Paragraph>
  <Paragraph>
    <Words Start="12" End="12" Block="0" Page="18" />
  </Paragraph>
  <Paragraph>
    <Words Start="0" End="0" Block="1" Page="18" />
  </Paragraph>
  <Paragraph>
    <Words Start="1" End="1" Block="1" Page="18" />
  </Paragraph>
  <Paragraph>
    <Words Block="2" Page="18" />
  </Paragraph>
  <Paragraph>
    <Words Block="0" Page="19" />
  </Paragraph>
  <Paragraph>
    <Words Start="0" End="1" Block="0" Page="20" />
  </Paragraph>
  <Paragraph>
    <Words Start="2" End="2" Block="0" Page="20" />
  </Paragraph>
  <Paragraph>
    <Words Block="1" Page="20" />
  </Paragraph>
  <Paragraph>
    <Words Block="2" Page="20" />
  </Paragraph>
  <Paragraph>
    <Words Block="3" Page="20" />
  </Paragraph>
  <Paragraph>
    <Words Start="0" End="5" Block="0" Page="21" />
  </Paragraph>
  <Paragraph>
    <Words Start="6" End="7" Block="0" Page="21" />
  </Paragraph>
  <Paragraph>
    <Words Start="8" End="8" Block="0" Page="21" />
  </Paragraph>
  <Paragraph>
    <Words Block="0" Page="22" />
  </Paragraph>
  <Paragraph>
    <Words Block="1" Page="22" />
  </Paragraph>
  <Paragraph>
    <Words Start="0" End="3" Block="2" Page="22" />
  </Paragraph>
  <Paragraph>
    <Words Start="4" End="4" Block="2" Page="22" />
  </Paragraph>
  <Paragraph>
    <Words Start="0" End="10" Block="3" Page="22" />
  </Paragraph>
  <Paragraph>
    <Words Start="11" End="11" Block="3" Page="22" />
  </Paragraph>
  <Paragraph>
    <Words Start="12" End="12" Block="3" Page="22" />
  </Paragraph>
  <Paragraph>
    <Words Block="0" Page="23" />
  </Paragraph>
  <Paragraph>
    <Words Block="2" Page="23" />
  </Paragraph>
  <Paragraph>
    <Words Block="3" Page="23" />
  </Paragraph>
  <Paragraph>
    <Words Block="4" Page="23" />
  </Paragraph>
  <Paragraph>
    <Words Block="5" Page="23" />
  </Paragraph>
  <Paragraph>
    <Words Start="0" End="8" Block="0" Page="24" />
  </Paragraph>
  <Paragraph>
    <Words Start="9" End="9" Block="0" Page="24" />
  </Paragraph>
  <Paragraph>
    <Words Start="0" End="1" Block="1" Page="24" />
  </Paragraph>
  <Paragraph>
    <Words Start="2" End="2" Block="1" Page="24" />
  </Paragraph>
  <Paragraph>
    <Words Block="2" Page="24" />
  </Paragraph>
  <Paragraph>
    <Words Block="3" Page="24" />
  </Paragraph>
  <Paragraph>
    <Words Block="0" Page="25" />
  </Paragraph>
  <Paragraph>
    <Words Start="0" End="0" Block="0" Page="26" />
  </Paragraph>
  <Paragraph>
    <Words Start="1" End="1" Block="0" Page="26" />
  </Paragraph>
  <Paragraph>
    <Words Block="1" Page="26" />
  </Paragraph>
  <Paragraph>
    <Words Block="2" Page="26" />
  </Paragraph>
  <Paragraph>
    <Words Block="0" Page="27" />
  </Paragraph>
  <Paragraph>
    <Words Start="0" End="2" Block="0" Page="28" />
  </Paragraph>
  <Paragraph>
    <Words Start="3" End="3" Block="0" Page="28" />
  </Paragraph>
  <Paragraph>
    <Words Block="1" Page="28" />
  </Paragraph>
  <Paragraph>
    <Words Start="0" End="2" Block="2" Page="28" />
  </Paragraph>
  <Paragraph>
    <Words Start="3" End="3" Block="2" Page="28" />
  </Paragraph>
  <Paragraph>
    <Words Block="3" Page="28" />
  </Paragraph>
  <Paragraph>
    <Words Start="0" End="1" Block="0" Page="29" />
  </Paragraph>
  <Paragraph>
    <Words Start="2" End="3" Block="0" Page="29" />
  </Paragraph>
  <Paragraph>
    <Words Block="1" Page="29" />
  </Paragraph>
  <Paragraph>
    <Words Block="3" Page="29" />
  </Paragraph>
  <Paragraph>
    <Words Block="4" Page="29" />
  </Paragraph>
  <Paragraph>
    <Words Block="0" Page="30" />
  </Paragraph>
  <Paragraph>
    <Words Block="1" Page="30" />
  </Paragraph>
  <Paragraph>
    <Words Block="2" Page="30" />
  </Paragraph>
  <Paragraph>
    <Words Block="3" Page="30" />
  </Paragraph>
  <Paragraph>
    <Words Start="0" End="13" Block="4" Page="30" />
  </Paragraph>
  <Paragraph>
    <Words Start="14" End="14" Block="4" Page="30" />
  </Paragraph>
  <Paragraph>
    <Words Block="5" Page="30" />
  </Paragraph>
  <Paragraph>
    <Words Start="0" End="5" Block="6" Page="30" />
  </Paragraph>
  <Paragraph>
    <Words Start="6" End="6" Block="6" Page="30" />
  </Paragraph>
  <Paragraph>
    <Words Block="7" Page="30" />
  </Paragraph>
  <Paragraph>
    <Words Start="0" End="2" Block="8" Page="30" />
  </Paragraph>
  <Paragraph>
    <Words Start="3" End="3" Block="8" Page="30" />
  </Paragraph>
  <Paragraph>
    <Words Start="0" End="0" Block="0" Page="31" />
  </Paragraph>
  <Paragraph>
    <Words Start="1" End="1" Block="0" Page="31" />
  </Paragraph>
  <Paragraph>
    <Words Block="1" Page="31" />
  </Paragraph>
  <Paragraph>
    <Words Block="2" Page="31" />
  </Paragraph>
  <Paragraph>
    <Words Start="0" End="0" Block="3" Page="31" />
  </Paragraph>
  <Paragraph>
    <Words Start="1" End="1" Block="3" Page="31" />
  </Paragraph>
  <Paragraph>
    <Words Start="0" End="4" Block="4" Page="31" />
  </Paragraph>
  <Paragraph>
    <Words Start="5" End="6" Block="4" Page="31" />
  </Paragraph>
  <Paragraph>
    <Words Start="7" End="7" Block="4" Page="31" />
  </Paragraph>
  <Paragraph>
    <Words Start="0" End="3" Block="5" Page="31" />
  </Paragraph>
  <Paragraph>
    <Words Start="4" End="4" Block="5" Page="31" />
  </Paragraph>
  <Paragraph>
    <Words Block="6" Page="31" />
  </Paragraph>
  <Paragraph>
    <Words Start="0" End="2" Block="0" Page="32" />
  </Paragraph>
  <Paragraph>
    <Words Start="3" End="3" Block="0" Page="32" />
  </Paragraph>
  <Paragraph>
    <Words Start="0" End="2" Block="1" Page="32" />
  </Paragraph>
  <Paragraph>
    <Words Start="3" End="3" Block="1" Page="32" />
  </Paragraph>
  <Paragraph>
    <Words Start="0" End="1" Block="2" Page="32" />
  </Paragraph>
  <Paragraph>
    <Words Start="2" End="2" Block="2" Page="32" />
  </Paragraph>
  <Paragraph>
    <Words Start="0" End="0" Block="1" Page="33" />
  </Paragraph>
  <Paragraph>
    <Words Start="1" End="1" Block="1" Page="33" />
  </Paragraph>
  <Paragraph>
    <Words Start="2" End="2" Block="1" Page="33" />
  </Paragraph>
  <Paragraph>
    <Words Start="3" End="3" Block="1" Page="33" />
  </Paragraph>
  <Paragraph>
    <Words Block="2" Page="33" />
  </Paragraph>
  <Paragraph>
    <Words Start="0" End="4" Block="3" Page="33" />
  </Paragraph>
  <Paragraph>
    <Words Start="5" End="10" Block="3" Page="33" />
  </Paragraph>
  <Paragraph>
    <Words Block="4" Page="33" />
  </Paragraph>
  <Paragraph>
    <Words Block="5" Page="33" />
  </Paragraph>
  <Paragraph>
    <Words Start="0" End="11" Block="7" Page="33" />
  </Paragraph>
  <Paragraph>
    <Words Start="12" End="12" Block="7" Page="33" />
  </Paragraph>
  <Paragraph>
    <Words Block="0" Page="34" />
  </Paragraph>
  <Paragraph>
    <Words Block="1" Page="34" />
  </Paragraph>
  <Paragraph>
    <Words Block="2" Page="34" />
  </Paragraph>
  <Paragraph>
    <Words Block="3" Page="34" />
  </Paragraph>
  <Paragraph>
    <Words Block="4" Page="34" />
  </Paragraph>
  <Paragraph>
    <Words Block="5" Page="34" />
  </Paragraph>
  <Paragraph>
    <Words Block="6" Page="34" />
  </Paragraph>
  <Paragraph>
    <Words Block="0" Page="35" />
  </Paragraph>
  <Paragraph>
    <Words Start="0" End="1" Block="1" Page="35" />
  </Paragraph>
  <Paragraph>
    <Words Start="2" End="2" Block="1" Page="35" />
  </Paragraph>
  <Paragraph>
    <Words Block="2" Page="35" />
  </Paragraph>
  <Paragraph>
    <Words Start="0" End="9" Block="4" Page="35" />
  </Paragraph>
  <Paragraph>
    <Words Start="10" End="10" Block="4" Page="35" />
  </Paragraph>
  <Paragraph>
    <Words Start="0" End="7" Block="1" Page="36" />
  </Paragraph>
  <Paragraph>
    <Words Start="8" End="8" Block="1" Page="36" />
  </Paragraph>
  <Paragraph>
    <Words Start="9" End="9" Block="1" Page="36" />
  </Paragraph>
  <Paragraph>
    <Words Start="0" End="6" Block="2" Page="36" />
  </Paragraph>
  <Paragraph>
    <Words Start="7" End="7" Block="2" Page="36" />
  </Paragraph>
  <Paragraph>
    <Words Block="3" Page="36" />
  </Paragraph>
  <Paragraph>
    <Words Block="4" Page="36" />
  </Paragraph>
  <Paragraph>
    <Words Start="0" End="1" Block="0" Page="37" />
  </Paragraph>
  <Paragraph>
    <Words Start="2" End="2" Block="0" Page="37" />
  </Paragraph>
  <Paragraph>
    <Words Start="0" End="1" Block="1" Page="37" />
  </Paragraph>
  <Paragraph>
    <Words Start="2" End="4" Block="1" Page="37" />
  </Paragraph>
  <Paragraph>
    <Words Start="0" End="1" Block="2" Page="37" />
  </Paragraph>
  <Paragraph>
    <Words Start="2" End="2" Block="2" Page="37" />
  </Paragraph>
  <Paragraph>
    <Words Start="0" End="7" Block="3" Page="37" />
  </Paragraph>
  <Paragraph>
    <Words Start="8" End="8" Block="3" Page="37" />
  </Paragraph>
  <Paragraph>
    <Words Block="0" Page="38" />
  </Paragraph>
  <Paragraph>
    <Words Block="1" Page="38" />
  </Paragraph>
  <Paragraph>
    <Words Start="0" End="2" Block="0" Page="39" />
  </Paragraph>
  <Paragraph>
    <Words Start="3" End="3" Block="0" Page="39" />
  </Paragraph>
  <Paragraph>
    <Words Block="1" Page="39" />
  </Paragraph>
  <Paragraph>
    <Words Block="2" Page="39" />
  </Paragraph>
  <Paragraph>
    <Words Block="0" Page="40" />
  </Paragraph>
  <Paragraph>
    <Words Start="0" End="1" Block="0" Page="41" />
  </Paragraph>
  <Paragraph>
    <Words Start="2" End="2" Block="0" Page="41" />
  </Paragraph>
  <Paragraph>
    <Words Block="1" Page="41" />
  </Paragraph>
  <Paragraph>
    <Words Start="0" End="1" Block="2" Page="41" />
  </Paragraph>
  <Paragraph>
    <Words Start="2" End="2" Block="2" Page="41" />
  </Paragraph>
  <Paragraph>
    <Words Block="3" Page="41" />
  </Paragraph>
  <Paragraph>
    <Words Block="4" Page="41" />
  </Paragraph>
  <Paragraph>
    <Words Start="0" End="0" Block="5" Page="41" />
  </Paragraph>
  <Paragraph>
    <Words Start="1" End="1" Block="5" Page="41" />
  </Paragraph>
  <Paragraph>
    <Words Start="0" End="2" Block="0" Page="42" />
  </Paragraph>
  <Paragraph>
    <Words Start="3" End="3" Block="0" Page="42" />
  </Paragraph>
  <Paragraph>
    <Words Start="0" End="1" Block="1" Page="42" />
  </Paragraph>
  <Paragraph>
    <Words Start="2" End="2" Block="1" Page="42" />
  </Paragraph>
  <Paragraph>
    <Words Start="0" End="2" Block="2" Page="42" />
  </Paragraph>
  <Paragraph>
    <Words Start="3" End="3" Block="2" Page="42" />
  </Paragraph>
  <Paragraph>
    <Words Block="3" Page="42" />
  </Paragraph>
  <Paragraph>
    <Words Block="4" Page="42" />
  </Paragraph>
  <Paragraph>
    <Words Block="5" Page="42" />
  </Paragraph>
  <Paragraph>
    <Words Block="6" Page="42" />
  </Paragraph>
  <Paragraph>
    <Words Block="7" Page="42" />
  </Paragraph>
  <Paragraph>
    <Words Start="0" End="0" Block="8" Page="42" />
  </Paragraph>
  <Paragraph>
    <Words Start="1" End="1" Block="8" Page="42" />
  </Paragraph>
  <Paragraph>
    <Words Block="0" Page="43" />
  </Paragraph>
  <Paragraph>
    <Words Block="1" Page="43" />
  </Paragraph>
  <Paragraph>
    <Words Start="0" End="3" Block="0" Page="44" />
  </Paragraph>
  <Paragraph>
    <Words Start="4" End="4" Block="0" Page="44" />
  </Paragraph>
  <Paragraph>
    <Words Start="0" End="1" Block="1" Page="44" />
  </Paragraph>
  <Paragraph>
    <Words Start="2" End="2" Block="1" Page="44" />
  </Paragraph>
  <Paragraph>
    <Words Block="2" Page="44" />
  </Paragraph>
  <Paragraph>
    <Words Start="0" End="1" Block="0" Page="46" />
  </Paragraph>
  <Paragraph>
    <Words Start="2" End="2" Block="0" Page="46" />
  </Paragraph>
  <Paragraph>
    <Words Block="0" Page="47" />
  </Paragraph>
  <Paragraph>
    <Words Block="0" Page="48" />
  </Paragraph>
  <Paragraph>
    <Words Block="1" Page="48" />
  </Paragraph>
  <Paragraph>
    <Words Block="2" Page="48" />
  </Paragraph>
  <Paragraph>
    <Words Block="3" Page="48" />
  </Paragraph>
  <Paragraph>
    <Words Block="4" Page="48" />
  </Paragraph>
  <Paragraph>
    <Words Block="1" Page="49" />
  </Paragraph>
  <Paragraph>
    <Words Block="2" Page="49" />
  </Paragraph>
  <Paragraph>
    <Words Block="4" Page="49" />
  </Paragraph>
  <Paragraph>
    <Words Block="5" Page="49" />
  </Paragraph>
  <Paragraph>
    <Words Start="0" End="1" Block="6" Page="49" />
  </Paragraph>
  <Paragraph>
    <Words Start="2" End="4" Block="6" Page="49" />
  </Paragraph>
  <Paragraph>
    <Words Start="5" End="5" Block="6" Page="49" />
  </Paragraph>
  <Paragraph>
    <Words Start="0" End="17" Block="7" Page="49" />
  </Paragraph>
  <Paragraph>
    <Words Start="18" End="18" Block="7" Page="49" />
  </Paragraph>
  <Paragraph>
    <Words Start="0" End="12" Block="8" Page="49" />
  </Paragraph>
  <Paragraph>
    <Words Start="13" End="13" Block="8" Page="49" />
  </Paragraph>
  <Paragraph>
    <Words Start="0" End="1" Block="9" Page="49" />
  </Paragraph>
  <Paragraph>
    <Words Start="2" End="2" Block="9" Page="49" />
  </Paragraph>
  <Paragraph>
    <Words Start="0" End="0" Block="0" Page="50" />
  </Paragraph>
  <Paragraph>
    <Words Start="1" End="1" Block="0" Page="50" />
  </Paragraph>
  <Paragraph>
    <Words Start="0" End="0" Block="1" Page="50" />
  </Paragraph>
  <Paragraph>
    <Words Start="1" End="1" Block="1" Page="50" />
  </Paragraph>
  <Paragraph>
    <Words Start="0" End="7" Block="2" Page="50" />
  </Paragraph>
  <Paragraph>
    <Words Start="8" End="8" Block="2" Page="50" />
  </Paragraph>
  <Paragraph>
    <Words Start="0" End="4" Block="3" Page="50" />
  </Paragraph>
  <Paragraph>
    <Words Start="5" End="13" Block="3" Page="50" />
  </Paragraph>
  <Paragraph>
    <Words Start="14" End="14" Block="3" Page="50" />
  </Paragraph>
  <Paragraph>
    <Words Block="1" Page="51" />
  </Paragraph>
  <Paragraph>
    <Words Block="2" Page="51" />
  </Paragraph>
  <Paragraph>
    <Words Block="3" Page="51" />
  </Paragraph>
  <Paragraph>
    <Words Block="5" Page="51" />
  </Paragraph>
  <Paragraph>
    <Words Block="6" Page="51" />
  </Paragraph>
  <Paragraph>
    <Words Start="0" End="1" Block="0" Page="52" />
  </Paragraph>
  <Paragraph>
    <Words Start="2" End="2" Block="0" Page="52" />
  </Paragraph>
  <Paragraph>
    <Words Start="0" End="2" Block="1" Page="52" />
  </Paragraph>
  <Paragraph>
    <Words Start="3" End="3" Block="1" Page="52" />
  </Paragraph>
  <Paragraph>
    <Words Block="2" Page="52" />
  </Paragraph>
  <Paragraph>
    <Words Start="0" End="1" Block="0" Page="53" />
  </Paragraph>
  <Paragraph>
    <Words Start="2" End="2" Block="0" Page="53" />
  </Paragraph>
  <Paragraph>
    <Words Start="0" End="0" Block="1" Page="53" />
  </Paragraph>
  <Paragraph>
    <Words Start="1" End="1" Block="1" Page="53" />
  </Paragraph>
  <Paragraph>
    <Words Start="2" End="2" Block="1" Page="53" />
  </Paragraph>
  <Paragraph>
    <Words Start="0" End="2" Block="2" Page="53" />
  </Paragraph>
  <Paragraph>
    <Words Start="3" End="3" Block="2" Page="53" />
  </Paragraph>
  <Paragraph>
    <Words Block="0" Page="54" />
  </Paragraph>
  <Paragraph>
    <Words Block="1" Page="54" />
  </Paragraph>
  <Paragraph>
    <Words Block="2" Page="54" />
  </Paragraph>
  <Paragraph>
    <Words Start="0" End="7" Block="3" Page="54" />
  </Paragraph>
  <Paragraph>
    <Words Start="8" End="8" Block="3" Page="54" />
  </Paragraph>
  <Paragraph>
    <Words Start="0" End="26" Block="0" Page="55" />
  </Paragraph>
  <Paragraph>
    <Words Start="27" End="27" Block="0" Page="55" />
  </Paragraph>
  <Paragraph>
    <Words Start="0" End="1" Block="1" Page="55" />
  </Paragraph>
  <Paragraph>
    <Words Start="2" End="2" Block="1" Page="55" />
  </Paragraph>
  <Paragraph>
    <Words Start="0" End="1" Block="2" Page="55" />
  </Paragraph>
  <Paragraph>
    <Words Start="2" End="2" Block="2" Page="55" />
  </Paragraph>
  <Paragraph>
    <Words Block="3" Page="55" />
  </Paragraph>
  <Paragraph>
    <Words Block="5" Page="55" />
  </Paragraph>
  <Paragraph>
    <Words Start="0" End="7" Block="0" Page="56" />
  </Paragraph>
  <Paragraph>
    <Words Start="8" End="8" Block="0" Page="56" />
  </Paragraph>
  <Paragraph>
    <Words Start="0" End="15" Block="1" Page="56" />
  </Paragraph>
  <Paragraph>
    <Words Start="16" End="16" Block="1" Page="56" />
  </Paragraph>
  <Paragraph>
    <Words Block="2" Page="56" />
  </Paragraph>
  <Paragraph>
    <Words Block="3" Page="56" />
  </Paragraph>
  <Paragraph>
    <Words Block="4" Page="56" />
  </Paragraph>
  <Paragraph>
    <Words Block="0" Page="57" />
  </Paragraph>
  <Paragraph>
    <Words Start="0" End="0" Block="1" Page="57" />
  </Paragraph>
  <Paragraph>
    <Words Start="1" End="1" Block="1" Page="57" />
  </Paragraph>
  <Paragraph>
    <Words Block="2" Page="57" />
  </Paragraph>
  <Paragraph>
    <Words Block="3" Page="57" />
  </Paragraph>
  <Paragraph>
    <Words Block="4" Page="57" />
  </Paragraph>
  <Paragraph>
    <Words Block="5" Page="57" />
  </Paragraph>
  <Paragraph>
    <Words Start="0" End="5" Block="7" Page="57" />
  </Paragraph>
  <Paragraph>
    <Words Start="6" End="6" Block="7" Page="57" />
  </Paragraph>
  <Paragraph>
    <Words Block="8" Page="57" />
  </Paragraph>
  <Paragraph>
    <Words Start="0" End="0" Block="0" Page="58" />
  </Paragraph>
  <Paragraph>
    <Words Start="1" End="1" Block="0" Page="58" />
  </Paragraph>
  <Paragraph>
    <Words Block="1" Page="58" />
  </Paragraph>
  <Paragraph>
    <Words Block="2" Page="58" />
  </Paragraph>
  <Paragraph>
    <Words Block="3" Page="58" />
  </Paragraph>
  <Paragraph>
    <Words Block="4" Page="58" />
  </Paragraph>
  <Paragraph>
    <Words Block="5" Page="58" />
  </Paragraph>
  <Paragraph>
    <Words Start="0" End="6" Block="6" Page="58" />
  </Paragraph>
  <Paragraph>
    <Words Start="7" End="7" Block="6" Page="58" />
  </Paragraph>
  <Paragraph>
    <Words Block="0" Page="59" />
  </Paragraph>
  <Paragraph>
    <Words Start="0" End="0" Block="1" Page="59" />
  </Paragraph>
  <Paragraph>
    <Words Start="1" End="2" Block="1" Page="59" />
  </Paragraph>
  <Paragraph>
    <Words Block="0" Page="60" />
  </Paragraph>
  <Paragraph>
    <Words Start="0" End="4" Block="0" Page="61" />
  </Paragraph>
  <Paragraph>
    <Words Start="5" End="5" Block="0" Page="61" />
  </Paragraph>
  <Paragraph>
    <Words Block="1" Page="61" />
  </Paragraph>
  <Paragraph>
    <Words Block="2" Page="61" />
  </Paragraph>
  <Paragraph>
    <Words Start="0" End="0" Block="3" Page="61" />
  </Paragraph>
  <Paragraph>
    <Words Start="1" End="1" Block="3" Page="61" />
  </Paragraph>
  <Paragraph>
    <Words Start="2" End="2" Block="3" Page="61" />
  </Paragraph>
  <Paragraph>
    <Words Start="3" End="4" Block="3" Page="61" />
  </Paragraph>
  <Paragraph>
    <Words Block="0" Page="62" />
  </Paragraph>
  <Paragraph>
    <Words Start="0" End="5" Block="1" Page="62" />
  </Paragraph>
  <Paragraph>
    <Words Start="6" End="6" Block="1" Page="62" />
  </Paragraph>
  <Paragraph>
    <Words Block="2" Page="62" />
  </Paragraph>
  <Paragraph>
    <Words Start="0" End="3" Block="0" Page="63" />
  </Paragraph>
  <Paragraph>
    <Words Start="4" End="4" Block="0" Page="63" />
  </Paragraph>
  <Paragraph>
    <Words Block="1" Page="63" />
  </Paragraph>
  <Paragraph>
    <Words Block="2" Page="63" />
  </Paragraph>
  <Paragraph>
    <Words Start="0" End="1" Block="3" Page="63" />
  </Paragraph>
  <Paragraph>
    <Words Start="2" End="2" Block="3" Page="63" />
  </Paragraph>
  <Paragraph>
    <Words Block="4" Page="63" />
  </Paragraph>
  <Paragraph>
    <Words Start="0" End="6" Block="1" Page="64" />
  </Paragraph>
  <Paragraph>
    <Words Start="7" End="7" Block="1" Page="64" />
  </Paragraph>
  <Paragraph>
    <Words Start="0" End="1" Block="0" Page="65" />
  </Paragraph>
  <Paragraph>
    <Words Start="2" End="2" Block="0" Page="65" />
  </Paragraph>
  <Paragraph>
    <Words Block="1" Page="65" />
  </Paragraph>
  <Paragraph>
    <Words Block="1" Page="66" />
  </Paragraph>
  <Paragraph>
    <Words Start="0" End="5" Block="2" Page="66" />
  </Paragraph>
  <Paragraph>
    <Words Start="6" End="6" Block="2" Page="66" />
  </Paragraph>
  <Paragraph>
    <Words Block="0" Page="67" />
  </Paragraph>
  <Paragraph>
    <Words Block="0" Page="68" />
  </Paragraph>
  <Paragraph>
    <Words Block="1" Page="68" />
  </Paragraph>
  <Paragraph>
    <Words Start="0" End="16" Block="0" Page="69" />
  </Paragraph>
  <Paragraph>
    <Words Start="17" End="17" Block="0" Page="69" />
  </Paragraph>
  <Paragraph>
    <Words Block="2" Page="69" />
  </Paragraph>
  <Paragraph>
    <Words Start="0" End="6" Block="1" Page="70" />
  </Paragraph>
  <Paragraph>
    <Words Start="7" End="7" Block="1" Page="70" />
  </Paragraph>
  <Paragraph>
    <Words Start="0" End="4" Block="2" Page="70" />
  </Paragraph>
  <Paragraph>
    <Words Start="5" End="5" Block="2" Page="70" />
  </Paragraph>
  <Paragraph>
    <Words Block="3" Page="70" />
  </Paragraph>
  <Paragraph>
    <Words Start="0" End="2" Block="4" Page="70" />
  </Paragraph>
  <Paragraph>
    <Words Start="3" End="3" Block="4" Page="70" />
  </Paragraph>
  <Paragraph>
    <Words Start="0" End="1" Block="5" Page="70" />
  </Paragraph>
  <Paragraph>
    <Words Start="2" End="2" Block="5" Page="70" />
  </Paragraph>
  <Paragraph>
    <Words Start="0" End="5" Block="0" Page="71" />
  </Paragraph>
  <Paragraph>
    <Words Start="6" End="6" Block="0" Page="71" />
  </Paragraph>
  <Paragraph>
    <Words Start="7" End="9" Block="0" Page="71" />
  </Paragraph>
  <Paragraph>
    <Words Start="10" End="10" Block="0" Page="71" />
  </Paragraph>
  <Paragraph>
    <Words Start="11" End="11" Block="0" Page="71" />
  </Paragraph>
  <Paragraph>
    <Words Start="12" End="12" Block="0" Page="71" />
  </Paragraph>
  <Paragraph>
    <Words Block="1" Page="71" />
  </Paragraph>
  <Paragraph>
    <Words Block="2" Page="71" />
  </Paragraph>
  <Paragraph>
    <Words Start="0" End="2" Block="0" Page="72" />
  </Paragraph>
  <Paragraph>
    <Words Start="3" End="5" Block="0" Page="72" />
  </Paragraph>
  <Paragraph>
    <Words Start="6" End="8" Block="0" Page="72" />
  </Paragraph>
  <Paragraph>
    <Words Start="9" End="9" Block="0" Page="72" />
  </Paragraph>
  <Paragraph>
    <Words Block="1" Page="72" />
  </Paragraph>
  <Paragraph>
    <Words Block="2" Page="72" />
  </Paragraph>
  <Paragraph>
    <Words Start="0" End="0" Block="3" Page="72" />
  </Paragraph>
  <Paragraph>
    <Words Start="1" End="1" Block="3" Page="72" />
  </Paragraph>
  <Paragraph>
    <Words Block="4" Page="72" />
  </Paragraph>
  <Paragraph>
    <Words Block="5" Page="72" />
  </Paragraph>
  <Paragraph>
    <Words Start="0" End="0" Block="6" Page="72" />
  </Paragraph>
  <Paragraph>
    <Words Start="1" End="1" Block="6" Page="72" />
  </Paragraph>
  <Paragraph>
    <Words Start="0" End="3" Block="7" Page="72" />
  </Paragraph>
  <Paragraph>
    <Words Start="4" End="4" Block="7" Page="72" />
  </Paragraph>
  <Paragraph>
    <Words Block="8" Page="72" />
  </Paragraph>
  <Paragraph>
    <Words Block="0" Page="73" />
  </Paragraph>
  <Paragraph>
    <Words Start="0" End="0" Block="1" Page="74" />
  </Paragraph>
  <Paragraph>
    <Words Start="1" End="2" Block="1" Page="74" />
  </Paragraph>
  <Paragraph>
    <Words Start="3" End="11" Block="1" Page="74" />
  </Paragraph>
  <Paragraph>
    <Words Block="2" Page="74" />
  </Paragraph>
  <Paragraph>
    <Words Start="0" End="6" Block="0" Page="75" />
  </Paragraph>
  <Paragraph>
    <Words Start="7" End="7" Block="0" Page="75" />
  </Paragraph>
  <Paragraph>
    <Words Block="1" Page="75" />
  </Paragraph>
  <Paragraph>
    <Words Block="0" Page="76" />
  </Paragraph>
  <Paragraph>
    <Words Start="0" End="0" Block="1" Page="76" />
  </Paragraph>
  <Paragraph>
    <Words Start="1" End="1" Block="1" Page="76" />
  </Paragraph>
  <Paragraph>
    <Words Block="0" Page="79" />
  </Paragraph>
  <Paragraph>
    <Words Block="1" Page="79" />
  </Paragraph>
  <Paragraph>
    <Words Start="0" End="4" Block="2" Page="79" />
  </Paragraph>
  <Paragraph>
    <Words Start="5" End="5" Block="2" Page="79" />
  </Paragraph>
  <Paragraph>
    <Words Block="3" Page="79" />
  </Paragraph>
  <Paragraph>
    <Words Start="0" End="0" Block="0" Page="80" />
  </Paragraph>
  <Paragraph>
    <Words Start="1" End="1" Block="0" Page="80" />
  </Paragraph>
  <Paragraph>
    <Words Start="0" End="2" Block="1" Page="80" />
  </Paragraph>
  <Paragraph>
    <Words Start="3" End="3" Block="1" Page="80" />
  </Paragraph>
  <Paragraph>
    <Words Start="0" End="1" Block="2" Page="80" />
  </Paragraph>
  <Paragraph>
    <Words Start="2" End="2" Block="2" Page="80" />
  </Paragraph>
  <Paragraph>
    <Words Block="3" Page="80" />
  </Paragraph>
  <Paragraph>
    <Words Block="4" Page="80" />
  </Paragraph>
  <Paragraph>
    <Words Start="0" End="9" Block="5" Page="80" />
  </Paragraph>
  <Paragraph>
    <Words Start="10" End="11" Block="5" Page="80" />
  </Paragraph>
  <Paragraph>
    <Words Start="12" End="13" Block="5" Page="80" />
  </Paragraph>
  <Paragraph>
    <Words Start="14" End="14" Block="5" Page="80" />
  </Paragraph>
  <Paragraph>
    <Words Start="0" End="4" Block="0" Page="81" />
  </Paragraph>
  <Paragraph>
    <Words Start="5" End="5" Block="0" Page="81" />
  </Paragraph>
  <Paragraph>
    <Words Block="1" Page="81" />
  </Paragraph>
  <Paragraph>
    <Words Block="2" Page="81" />
  </Paragraph>
  <Paragraph>
    <Words Block="0" Page="82" />
  </Paragraph>
  <Paragraph>
    <Words Block="1" Page="82" />
  </Paragraph>
  <Paragraph>
    <Words Start="0" End="2" Block="0" Page="83" />
  </Paragraph>
  <Paragraph>
    <Words Start="3" End="3" Block="0" Page="83" />
  </Paragraph>
  <Paragraph>
    <Words Block="1" Page="83" />
  </Paragraph>
  <Paragraph>
    <Words Start="0" End="5" Block="2" Page="83" />
  </Paragraph>
  <Paragraph>
    <Words Start="6" End="6" Block="2" Page="83" />
  </Paragraph>
  <Paragraph>
    <Words Start="0" End="7" Block="3" Page="83" />
  </Paragraph>
  <Paragraph>
    <Words Start="8" End="8" Block="3" Page="83" />
  </Paragraph>
  <Paragraph>
    <Words Block="4" Page="83" />
  </Paragraph>
  <Paragraph>
    <Words Start="0" End="0" Block="1" Page="84" />
  </Paragraph>
  <Paragraph>
    <Words Start="1" End="3" Block="1" Page="84" />
  </Paragraph>
  <Paragraph>
    <Words Block="2" Page="84" />
  </Paragraph>
  <Paragraph>
    <Words Start="0" End="0" Block="3" Page="84" />
  </Paragraph>
  <Paragraph>
    <Words Start="1" End="1" Block="3" Page="84" />
  </Paragraph>
  <Paragraph>
    <Words Start="0" End="21" Block="4" Page="84" />
  </Paragraph>
  <Paragraph>
    <Words Start="22" End="23" Block="4" Page="84" />
  </Paragraph>
  <Paragraph>
    <Words Start="0" End="0" Block="0" Page="85" />
  </Paragraph>
  <Paragraph>
    <Words Start="1" End="1" Block="0" Page="85" />
  </Paragraph>
  <Paragraph>
    <Words Block="1" Page="85" />
  </Paragraph>
  <Paragraph>
    <Words Block="2" Page="85" />
  </Paragraph>
  <Paragraph>
    <Words Start="0" End="10" Block="0" Page="86" />
  </Paragraph>
  <Paragraph>
    <Words Start="11" End="11" Block="0" Page="86" />
  </Paragraph>
  <Paragraph>
    <Words Block="1" Page="86" />
  </Paragraph>
  <Paragraph>
    <Words Block="2" Page="86" />
  </Paragraph>
  <Paragraph>
    <Words Block="3" Page="86" />
  </Paragraph>
  <Paragraph>
    <Words Block="0" Page="87" />
  </Paragraph>
  <Paragraph>
    <Words Block="1" Page="87" />
  </Paragraph>
  <Paragraph>
    <Words Block="2" Page="87" />
  </Paragraph>
  <Paragraph>
    <Words Start="0" End="0" Block="0" Page="88" />
  </Paragraph>
  <Paragraph>
    <Words Start="1" End="1" Block="0" Page="88" />
  </Paragraph>
  <Paragraph>
    <Words Start="0" End="1" Block="1" Page="88" />
  </Paragraph>
  <Paragraph>
    <Words Start="2" End="2" Block="1" Page="88" />
  </Paragraph>
  <Paragraph>
    <Words Block="2" Page="88" />
  </Paragraph>
  <Paragraph>
    <Words Block="3" Page="88" />
  </Paragraph>
  <Paragraph>
    <Words Block="4" Page="88" />
  </Paragraph>
  <Paragraph>
    <Words Block="5" Page="88" />
  </Paragraph>
  <Paragraph>
    <Words Block="6" Page="88" />
  </Paragraph>
  <Paragraph>
    <Words Start="0" End="2" Block="7" Page="88" />
  </Paragraph>
  <Paragraph>
    <Words Start="3" End="3" Block="7" Page="88" />
  </Paragraph>
  <Paragraph>
    <Words Start="0" End="6" Block="0" Page="89" />
  </Paragraph>
  <Paragraph>
    <Words Start="7" End="7" Block="0" Page="89" />
  </Paragraph>
  <Paragraph>
    <Words Start="0" End="0" Block="1" Page="89" />
  </Paragraph>
  <Paragraph>
    <Words Start="1" End="9" Block="1" Page="89" />
  </Paragraph>
  <Paragraph>
    <Words Start="0" End="3" Block="2" Page="89" />
  </Paragraph>
  <Paragraph>
    <Words Start="4" End="4" Block="2" Page="89" />
  </Paragraph>
  <Paragraph>
    <Words Start="0" End="2" Block="3" Page="89" />
  </Paragraph>
  <Paragraph>
    <Words Start="3" End="3" Block="3" Page="89" />
  </Paragraph>
  <Paragraph>
    <Words Block="4" Page="89" />
  </Paragraph>
  <Paragraph>
    <Words Start="0" End="3" Block="0" Page="90" />
  </Paragraph>
  <Paragraph>
    <Words Start="4" End="7" Block="0" Page="90" />
  </Paragraph>
  <Paragraph>
    <Words Start="8" End="8" Block="0" Page="90" />
  </Paragraph>
  <Paragraph>
    <Words Block="1" Page="90" />
  </Paragraph>
  <Paragraph>
    <Words Block="2" Page="90" />
  </Paragraph>
  <Paragraph>
    <Words Block="3" Page="90" />
  </Paragraph>
  <Paragraph>
    <Words Start="0" End="9" Block="4" Page="90" />
  </Paragraph>
  <Paragraph>
    <Words Start="10" End="16" Block="4" Page="90" />
  </Paragraph>
  <Paragraph>
    <Words Start="17" End="17" Block="4" Page="90" />
  </Paragraph>
  <Paragraph>
    <Words Block="0" Page="91" />
  </Paragraph>
  <Paragraph>
    <Words Block="1" Page="91" />
  </Paragraph>
  <Paragraph>
    <Words Start="0" End="4" Block="2" Page="91" />
  </Paragraph>
  <Paragraph>
    <Words Start="5" End="5" Block="2" Page="91" />
  </Paragraph>
  <Paragraph>
    <Words Block="3" Page="91" />
  </Paragraph>
  <Paragraph>
    <Words Start="0" End="34" Block="5" Page="91" />
  </Paragraph>
  <Paragraph>
    <Words Start="35" End="35" Block="5" Page="91" />
  </Paragraph>
  <Paragraph>
    <Words Start="36" End="36" Block="5" Page="91" />
  </Paragraph>
  <Paragraph>
    <Words Start="0" End="2" Block="0" Page="92" />
  </Paragraph>
  <Paragraph>
    <Words Start="3" End="3" Block="0" Page="92" />
  </Paragraph>
  <Paragraph>
    <Words Block="1" Page="92" />
  </Paragraph>
  <Paragraph>
    <Words Start="0" End="4" Block="0" Page="93" />
  </Paragraph>
  <Paragraph>
    <Words Start="5" End="6" Block="0" Page="93" />
  </Paragraph>
  <Paragraph>
    <Words Start="7" End="10" Block="0" Page="93" />
  </Paragraph>
  <Paragraph>
    <Words Start="11" End="12" Block="0" Page="93" />
  </Paragraph>
  <Paragraph>
    <Words Start="13" End="13" Block="0" Page="93" />
  </Paragraph>
  <Paragraph>
    <Words Start="14" End="14" Block="0" Page="93" />
  </Paragraph>
  <Paragraph>
    <Words Start="0" End="3" Block="1" Page="93" />
  </Paragraph>
  <Paragraph>
    <Words Start="4" End="7" Block="1" Page="93" />
  </Paragraph>
  <Paragraph>
    <Words Start="8" End="8" Block="1" Page="93" />
  </Paragraph>
  <Paragraph>
    <Words Start="9" End="9" Block="1" Page="93" />
  </Paragraph>
  <Paragraph>
    <Words Block="2" Page="93" />
  </Paragraph>
  <Paragraph>
    <Words Start="0" End="0" Block="3" Page="93" />
  </Paragraph>
  <Paragraph>
    <Words Start="1" End="1" Block="3" Page="93" />
  </Paragraph>
  <Paragraph>
    <Words Block="4" Page="93" />
  </Paragraph>
  <Paragraph>
    <Words Start="0" End="0" Block="5" Page="93" />
  </Paragraph>
  <Paragraph>
    <Words Start="1" End="1" Block="5" Page="93" />
  </Paragraph>
  <Paragraph>
    <Words Block="6" Page="93" />
  </Paragraph>
  <Paragraph>
    <Words Start="0" End="4" Block="0" Page="94" />
  </Paragraph>
  <Paragraph>
    <Words Start="5" End="6" Block="0" Page="94" />
  </Paragraph>
  <Paragraph>
    <Words Start="7" End="10" Block="0" Page="94" />
  </Paragraph>
  <Paragraph>
    <Words Start="11" End="12" Block="0" Page="94" />
  </Paragraph>
  <Paragraph>
    <Words Start="13" End="13" Block="0" Page="94" />
  </Paragraph>
  <Paragraph>
    <Words Start="14" End="14" Block="0" Page="94" />
  </Paragraph>
  <Paragraph>
    <Words Start="0" End="3" Block="1" Page="94" />
  </Paragraph>
  <Paragraph>
    <Words Start="4" End="6" Block="1" Page="94" />
  </Paragraph>
  <Paragraph>
    <Words Start="7" End="7" Block="1" Page="94" />
  </Paragraph>
  <Paragraph>
    <Words Block="2" Page="94" />
  </Paragraph>
  <Paragraph>
    <Words Block="3" Page="94" />
  </Paragraph>
  <Paragraph>
    <Words Block="4" Page="94" />
  </Paragraph>
  <Paragraph>
    <Words Start="0" End="0" Block="5" Page="94" />
  </Paragraph>
  <Paragraph>
    <Words Start="1" End="1" Block="5" Page="94" />
  </Paragraph>
  <Paragraph>
    <Words Block="6" Page="94" />
  </Paragraph>
  <Paragraph>
    <Words Start="0" End="1" Block="0" Page="96" />
  </Paragraph>
  <Paragraph>
    <Words Start="2" End="2" Block="0" Page="96" />
  </Paragraph>
  <Paragraph>
    <Words Start="0" End="1" Block="1" Page="96" />
  </Paragraph>
  <Paragraph>
    <Words Start="2" End="2" Block="1" Page="96" />
  </Paragraph>
  <Paragraph>
    <Words Start="0" End="4" Block="2" Page="96" />
  </Paragraph>
  <Paragraph>
    <Words Start="5" End="5" Block="2" Page="96" />
  </Paragraph>
  <Paragraph>
    <Words Start="0" End="1" Block="3" Page="96" />
  </Paragraph>
  <Paragraph>
    <Words Start="2" End="2" Block="3" Page="96" />
  </Paragraph>
  <Paragraph>
    <Words Block="4" Page="96" />
  </Paragraph>
  <Paragraph>
    <Words Block="5" Page="96" />
  </Paragraph>
  <Paragraph>
    <Words Start="0" End="1" Block="6" Page="96" />
  </Paragraph>
  <Paragraph>
    <Words Start="2" End="2" Block="6" Page="96" />
  </Paragraph>
  <Paragraph>
    <Words Block="7" Page="96" />
  </Paragraph>
  <Paragraph>
    <Words Start="0" End="3" Block="8" Page="96" />
  </Paragraph>
  <Paragraph>
    <Words Start="4" End="4" Block="8" Page="96" />
  </Paragraph>
</Flow>