﻿<?xml version="1.0" encoding="utf-8"?>
<Flow Name="f0">
  <Paragraph>
    <Words Start="0" End="1" Block="0" Page="4" />
  </Paragraph>
  <Paragraph>
    <Words Start="2" End="2" Block="0" Page="4" />
  </Paragraph>
  <Paragraph>
    <Words Start="0" End="0" Block="1" Page="4" />
  </Paragraph>
  <Paragraph>
    <Words Start="1" End="1" Block="1" Page="4" />
  </Paragraph>
  <Paragraph>
    <Words Start="0" End="10" Block="0" Page="5" />
  </Paragraph>
  <Paragraph>
    <Words Start="11" End="16" Block="0" Page="5" />
  </Paragraph>
  <Paragraph>
    <Words Start="17" End="23" Block="0" Page="5" />
  </Paragraph>
  <Paragraph>
    <Words Start="0" End="8" Block="1" Page="5" />
  </Paragraph>
  <Paragraph>
    <Words Start="9" End="12" Block="1" Page="5" />
  </Paragraph>
  <Paragraph>
    <Words Start="13" End="13" Block="1" Page="5" />
  </Paragraph>
  <Paragraph>
    <Words Start="0" End="4" Block="2" Page="5" />
  </Paragraph>
  <Paragraph>
    <Words Start="5" End="6" Block="2" Page="5" />
  </Paragraph>
  <Paragraph>
    <Words Start="7" End="23" Block="2" Page="5" />
  </Paragraph>
  <Paragraph>
    <Words Start="24" End="50" Block="2" Page="5" />
  </Paragraph>
  <Paragraph>
    <Words Start="51" End="59" Block="2" Page="5" />
  </Paragraph>
  <Paragraph>
    <Words Start="60" End="83" Block="2" Page="5" />
  </Paragraph>
  <Paragraph>
    <Words Start="84" End="85" Block="2" Page="5" />
  </Paragraph>
  <Paragraph>
    <Words Start="86" End="86" Block="2" Page="5" />
  </Paragraph>
  <Paragraph>
    <Words Start="87" End="87" Block="2" Page="5" />
  </Paragraph>
  <Paragraph>
    <Words Start="0" End="0" Block="3" Page="5" />
  </Paragraph>
  <Paragraph>
    <Words Start="1" End="1" Block="3" Page="5" />
  </Paragraph>
  <Paragraph>
    <Words Block="4" Page="5" />
  </Paragraph>
  <Paragraph>
    <Words Block="5" Page="5" />
  </Paragraph>
  <Paragraph>
    <Words Start="0" End="0" Block="6" Page="5" />
  </Paragraph>
  <Paragraph>
    <Words Start="1" End="1" Block="6" Page="5" />
  </Paragraph>
  <Paragraph>
    <Words Start="0" End="0" Block="0" Page="6" />
  </Paragraph>
  <Paragraph>
    <Words Start="1" End="1" Block="0" Page="6" />
  </Paragraph>
  <Paragraph>
    <Words Block="1" Page="6" />
    <Words Block="2" Page="6" />
  </Paragraph>
  <Paragraph>
    <Words Block="3" Page="6" />
  </Paragraph>
  <Paragraph>
    <Words Block="4" Page="6" />
  </Paragraph>
  <Paragraph>
    <Words Start="0" End="12" Block="5" Page="6" />
  </Paragraph>
  <Paragraph>
    <Words Start="13" End="13" Block="5" Page="6" />
    <Words Block="6" Page="6" />
    <Words Block="7" Page="6" />
    <Words Block="8" Page="6" />
    <Words Block="9" Page="6" />
  </Paragraph>
  <Paragraph>
    <Words Block="10" Page="6" />
    <Words Block="11" Page="6" />
    <Words Block="12" Page="6" />
  </Paragraph>
  <Paragraph>
    <Words Block="13" Page="6" />
    <Words Block="14" Page="6" />
  </Paragraph>
  <Paragraph>
    <Words Block="15" Page="6" />
    <Words Start="0" End="14" Block="16" Page="6" />
  </Paragraph>
  <Paragraph>
    <Words Start="15" End="15" Block="16" Page="6" />
  </Paragraph>
  <Paragraph>
    <Words Block="17" Page="6" />
    <Words Block="18" Page="6" />
  </Paragraph>
  <Paragraph>
    <Words Block="19" Page="6" />
    <Words Block="20" Page="6" />
    <Words Block="21" Page="6" />
  </Paragraph>
  <Paragraph>
    <Words Start="0" End="0" Block="22" Page="6" />
  </Paragraph>
  <Paragraph>
    <Words Start="1" End="1" Block="22" Page="6" />
  </Paragraph>
  <Paragraph>
    <Words Start="0" End="4" Block="0" Page="7" />
  </Paragraph>
  <Paragraph>
    <Words Start="5" End="5" Block="0" Page="7" />
  </Paragraph>
  <Paragraph>
    <Words Block="0" Page="8" />
  </Paragraph>
  <Paragraph>
    <Words Block="0" Page="9" />
  </Paragraph>
  <Paragraph>
    <Words Block="0" Page="10" />
  </Paragraph>
  <Paragraph>
    <Words Block="0" Page="11" />
  </Paragraph>
  <Paragraph>
    <Words Block="0" Page="12" />
  </Paragraph>
  <Paragraph>
    <Words Block="0" Page="13" />
  </Paragraph>
  <Paragraph>
    <Words Start="0" End="15" Block="0" Page="14" />
  </Paragraph>
  <Paragraph>
    <Words Start="16" End="16" Block="0" Page="14" />
  </Paragraph>
  <Paragraph>
    <Words Block="0" Page="15" />
  </Paragraph>
  <Paragraph>
    <Words Start="0" End="14" Block="0" Page="16" />
  </Paragraph>
  <Paragraph>
    <Words Start="15" End="18" Block="0" Page="16" />
  </Paragraph>
  <Paragraph>
    <Words Start="19" End="19" Block="0" Page="16" />
  </Paragraph>
  <Paragraph>
    <Words Block="1" Page="16" />
  </Paragraph>
  <Paragraph>
    <Words Block="0" Page="17" />
  </Paragraph>
  <Paragraph>
    <Words Block="0" Page="18" />
  </Paragraph>
  <Paragraph>
    <Words Start="0" End="22" Block="0" Page="19" />
  </Paragraph>
  <Paragraph>
    <Words Start="23" End="23" Block="0" Page="19" />
    <Words Block="0" Page="20" />
  </Paragraph>
  <Paragraph>
    <Words Block="0" Page="21" />
  </Paragraph>
  <Paragraph>
    <Words Block="0" Page="22" />
  </Paragraph>
  <Paragraph>
    <Words Block="0" Page="23" />
  </Paragraph>
  <Paragraph>
    <Words Block="0" Page="24" />
  </Paragraph>
  <Paragraph>
    <Words Block="0" Page="25" />
  </Paragraph>
  <Paragraph>
    <Words Block="0" Page="26" />
  </Paragraph>
  <Paragraph>
    <Words Block="0" Page="27" />
  </Paragraph>
  <Paragraph>
    <Words Start="0" End="15" Block="0" Page="28" />
  </Paragraph>
  <Paragraph>
    <Words Start="16" End="21" Block="0" Page="28" />
  </Paragraph>
  <Paragraph>
    <Words Start="22" End="44" Block="0" Page="28" />
  </Paragraph>
  <Paragraph>
    <Words Block="0" Page="29" />
  </Paragraph>
  <Paragraph>
    <Words Block="0" Page="30" />
  </Paragraph>
  <Paragraph>
    <Words Block="1" Page="30" />
  </Paragraph>
  <Paragraph>
    <Words Block="0" Page="31" />
  </Paragraph>
  <Paragraph>
    <Words Block="0" Page="33" />
  </Paragraph>
  <Paragraph>
    <Words Block="0" Page="34" />
  </Paragraph>
</Flow>