﻿<?xml version="1.0" encoding="utf-8"?>
<Pages>
  <Page PageIndex="0" />
  <Page PageIndex="1" />
  <Page PageIndex="2" />
  <Page PageIndex="3" />
  <Page PageIndex="4">
    <Block ID="0">
      <Word Text="ThePetDragon" Rect="118,238,630,142" ID="0" />
    </Block>
    <Block ID="1">
      <Word Text="Christoph" Rect="271,432,166,50" ID="0" />
      <Word Text="Niemann" Rect="447,432,148,50" ID="1" />
    </Block>
    <Block ID="2" Folio="True">
      <Word Text="Greenwillow" Rect="355,1008,139,33" ID="0" />
      <Word Text="Books" Rect="500,1008,68,33" ID="1" />
      <Word Text="An" Rect="296,1042,21,23" ID="2" />
      <Word Text="Imprint" Rect="321,1042,54,23" ID="3" />
      <Word Text="of" Rect="380,1042,15,23" ID="4" />
      <Word Text="HarperCollinsPublishers" Rect="399,1042,187,23" ID="5" />
    </Block>
  </Page>
  <Page PageIndex="5">
    <Block ID="0">
      <Word Text="The" Rect="391,364,21,17" ID="0" />
      <Word Text="Pet" Rect="415,364,19,17" ID="1" />
      <Word Text="Dragon" Rect="437,364,40,17" ID="2" />
      <Word Text="A" Rect="263,380,9,17" ID="3" />
      <Word Text="Story" Rect="275,380,30,17" ID="4" />
      <Word Text="about" Rect="307,380,32,17" ID="5" />
      <Word Text="Adventure," Rect="343,380,61,17" ID="6" />
      <Word Text="Friendship," Rect="407,380,61,17" ID="7" />
      <Word Text="and" Rect="471,380,21,17" ID="8" />
      <Word Text="Chinese" Rect="494,380,46,17" ID="9" />
      <Word Text="Characters" Rect="543,380,61,17" ID="10" />
      <Word Text="Copyright" Rect="320,396,56,17" ID="11" />
      <Word Text="2008" Rect="390,396,30,17" ID="12" />
      <Word Text="by" Rect="423,396,13,17" ID="13" />
      <Word Text="Christoph" Rect="439,396,55,17" ID="14" />
      <Word Text="Niemann" Rect="498,396,49,17" ID="15" />
      <Word Text="All" Rect="316,412,15,17" ID="16" />
      <Word Text="rights" Rect="334,412,31,17" ID="17" />
      <Word Text="reserved." Rect="368,412,52,17" ID="18" />
      <Word Text="Manufactured" Rect="422,412,78,17" ID="19" />
      <Word Text="in" Rect="503,412,10,17" ID="20" />
      <Word Text="China." Rect="516,412,35,17" ID="21" />
      <Word Text="www.harpercollinschildrens.com" Rect="345,428,177,17" ID="22" />
    </Block>
    <Block ID="1">
      <Word Text="Adobe" Rect="281,460,37,17" ID="0" />
      <Word Text="Illustrator" Rect="322,460,53,17" ID="1" />
      <Word Text="was" Rect="378,460,21,17" ID="2" />
      <Word Text="used" Rect="402,460,26,17" ID="3" />
      <Word Text="to" Rect="432,460,12,17" ID="4" />
      <Word Text="prepare" Rect="447,460,44,17" ID="5" />
      <Word Text="the" Rect="494,460,18,17" ID="6" />
      <Word Text="full-color" Rect="515,460,49,17" ID="7" />
      <Word Text="art." Rect="568,460,18,17" ID="8" />
      <Word Text="The" Rect="369,476,21,17" ID="9" />
      <Word Text="text" Rect="393,476,22,17" ID="10" />
      <Word Text="type" Rect="418,476,25,17" ID="11" />
      <Word Text="is" Rect="446,476,8,17" ID="12" />
      <Word Text="Neutra." Rect="457,476,41,17" ID="13" />
    </Block>
    <Block ID="2">
      <Word Text="Library" Rect="294,508,39,17" ID="0" />
      <Word Text="of" Rect="336,508,11,17" ID="1" />
      <Word Text="Congress" Rect="351,508,52,17" ID="2" />
      <Word Text="Cataloging-in-Publication" Rect="406,508,138,17" ID="3" />
      <Word Text="Data" Rect="548,508,26,17" ID="4" />
      <Word Text="Niemann," Rect="377,524,52,17" ID="5" />
      <Word Text="Christoph." Rect="432,524,58,17" ID="6" />
      <Word Text="The" Rect="291,540,21,17" ID="7" />
      <Word Text="pet" Rect="315,540,19,17" ID="8" />
      <Word Text="dragon:" Rect="337,540,41,17" ID="9" />
      <Word Text="a" Rect="381,540,6,17" ID="10" />
      <Word Text="story" Rect="391,540,28,17" ID="11" />
      <Word Text="about" Rect="421,540,32,17" ID="12" />
      <Word Text="adventure," Rect="457,540,59,17" ID="13" />
      <Word Text="friendship," Rect="519,540,58,17" ID="14" />
      <Word Text="and" Rect="364,556,21,17" ID="15" />
      <Word Text="Chinese" Rect="388,556,46,17" ID="16" />
      <Word Text="characters" Rect="436,556,58,17" ID="17" />
      <Word Text="/" Rect="498,556,6,17" ID="18" />
      <Word Text="by" Rect="370,572,13,17" ID="19" />
      <Word Text="Christoph" Rect="387,572,55,17" ID="20" />
      <Word Text="Niemann." Rect="445,572,52,17" ID="21" />
      <Word Text="p." Rect="418,588,10,17" ID="22" />
      <Word Text="cm." Rect="431,588,19,17" ID="23" />
      <Word Text="“Greenwillow" Rect="374,604,74,17" ID="24" />
      <Word Text="Books.”" Rect="451,604,41,17" ID="25" />
      <Word Text="Summary:" Rect="240,620,54,17" ID="26" />
      <Word Text="When" Rect="297,620,33,17" ID="27" />
      <Word Text="Lin’s" Rect="334,620,24,17" ID="28" />
      <Word Text="beloved" Rect="361,620,44,17" ID="29" />
      <Word Text="pet" Rect="408,620,19,17" ID="30" />
      <Word Text="dragon" Rect="430,620,38,17" ID="31" />
      <Word Text="disappears," Rect="471,620,63,17" ID="32" />
      <Word Text="she" Rect="537,620,19,17" ID="33" />
      <Word Text="searches" Rect="560,620,49,17" ID="34" />
      <Word Text="for" Rect="611,620,16,17" ID="35" />
      <Word Text="him" Rect="235,636,20,17" ID="36" />
      <Word Text="far" Rect="258,636,15,17" ID="37" />
      <Word Text="and" Rect="277,636,21,17" ID="38" />
      <Word Text="wide" Rect="300,636,26,17" ID="39" />
      <Word Text="until" Rect="330,636,24,17" ID="40" />
      <Word Text="a" Rect="357,636,6,17" ID="41" />
      <Word Text="witch" Rect="367,636,30,17" ID="42" />
      <Word Text="helps" Rect="399,636,30,17" ID="43" />
      <Word Text="her" Rect="432,636,19,17" ID="44" />
      <Word Text="to" Rect="454,636,12,17" ID="45" />
      <Word Text="reach" Rect="469,636,31,17" ID="46" />
      <Word Text="the" Rect="503,636,18,17" ID="47" />
      <Word Text="dragon’s" Rect="524,636,45,17" ID="48" />
      <Word Text="new" Rect="572,636,23,17" ID="49" />
      <Word Text="home." Rect="598,636,34,17" ID="50" />
      <Word Text="Introduces" Rect="277,652,59,17" ID="51" />
      <Word Text="a" Rect="340,652,6,17" ID="52" />
      <Word Text="different" Rect="349,652,48,17" ID="53" />
      <Word Text="Chinese" Rect="401,652,46,17" ID="54" />
      <Word Text="character" Rect="449,652,53,17" ID="55" />
      <Word Text="on" Rect="505,652,14,17" ID="56" />
      <Word Text="each" Rect="522,652,26,17" ID="57" />
      <Word Text="step" Rect="552,652,24,17" ID="58" />
      <Word Text="of" Rect="579,652,11,17" ID="59" />
      <Word Text="Lin’s" Rect="392,668,24,17" ID="60" />
      <Word Text="adventure." Rect="419,668,59,17" ID="61" />
      <Word Text="ISBN" Rect="240,684,28,17" ID="62" />
      <Word Text="978-0-06-157776-5" Rect="271,684,98,17" ID="63" />
      <Word Text="(trade" Rect="373,684,33,17" ID="64" />
      <Word Text="bdg.)—ISBN" Rect="409,684,64,17" ID="65" />
      <Word Text="978-0-06-157777-2" Rect="477,684,97,17" ID="66" />
      <Word Text="(lib." Rect="577,684,20,17" ID="67" />
      <Word Text="bdg.)" Rect="600,684,28,17" ID="68" />
      <Word Text="[1." Rect="243,700,11,17" ID="69" />
      <Word Text="Dragons—Fiction." Rect="257,700,94,17" ID="70" />
      <Word Text="2." Rect="355,700,9,17" ID="71" />
      <Word Text="Pets—Fiction." Rect="367,700,73,17" ID="72" />
      <Word Text="3." Rect="443,700,9,17" ID="73" />
      <Word Text="Witches—Fiction." Rect="455,700,94,17" ID="74" />
      <Word Text="4." Rect="552,700,10,17" ID="75" />
      <Word Text="Adventure" Rect="565,700,58,17" ID="76" />
      <Word Text="and" Rect="255,716,21,17" ID="77" />
      <Word Text="adventurers—Fiction." Rect="279,716,115,17" ID="78" />
      <Word Text="5." Rect="397,716,9,17" ID="79" />
      <Word Text="Chinese" Rect="410,716,46,17" ID="80" />
      <Word Text="characters—Fiction.]" Rect="458,716,111,17" ID="81" />
      <Word Text="I." Rect="575,716,6,17" ID="82" />
      <Word Text="Title." Rect="585,716,27,17" ID="83" />
      <Word Text="PZ7.N56848Pet" Rect="375,732,85,17" ID="84" />
      <Word Text="2008" Rect="463,732,30,17" ID="85" />
      <Word Text="[E]—dc22" Rect="370,748,50,17" ID="86" />
      <Word Text="2007050883" Rect="427,748,71,17" ID="87" />
    </Block>
    <Block ID="3">
      <Word Text="First" Rect="334,780,25,17" ID="0" />
      <Word Text="Edition" Rect="362,780,39,17" ID="1" />
    </Block>
    <Block ID="4">
      <Word Text="10" Rect="408,780,12,17" ID="0" />
    </Block>
    <Block ID="5">
      <Word Text="987654321" Rect="426,780,107,17" ID="0" />
    </Block>
    <Block ID="6">
      <Word Text="Greenwillow" Rect="377,813,97,23" ID="0" />
      <Word Text="Books" Rect="478,813,48,23" ID="1" />
    </Block>
  </Page>
  <Page PageIndex="6">
    <Block ID="0">
      <Word Text="Dear" Rect="221,137,94,58" ID="0" />
      <Word Text="Reader," Rect="326,137,145,58" ID="1" />
    </Block>
    <Block ID="1">
      <Word Text="On" Rect="221,202,18,17" ID="0" />
      <Word Text="a" Rect="242,202,6,17" ID="1" />
      <Word Text="recent" Rect="251,202,36,17" ID="2" />
      <Word Text="trip" Rect="290,202,19,17" ID="3" />
      <Word Text="to" Rect="313,202,12,17" ID="4" />
      <Word Text="Asia," Rect="327,202,26,17" ID="5" />
      <Word Text="I" Rect="356,202,4,17" ID="6" />
      <Word Text="learned" Rect="363,202,42,17" ID="7" />
      <Word Text="my" Rect="407,202,16,17" ID="8" />
      <Word Text="first" Rect="427,202,21,17" ID="9" />
      <Word Text="Chinese" Rect="451,202,45,17" ID="10" />
      <Word Text="characters." Rect="499,202,60,17" ID="11" />
      <Word Text="The" Rect="562,202,21,17" ID="12" />
      <Word Text="ones" Rect="587,202,26,17" ID="13" />
      <Word Text="that" Rect="616,202,22,17" ID="14" />
      <Word Text="I" Rect="641,202,4,17" ID="15" />
      <Word Text="could" Rect="648,202,30,17" ID="16" />
    </Block>
    <Block ID="2">
      <Word Text="remember" Rect="221,224,57,17" ID="0" />
      <Word Text="most" Rect="282,224,27,17" ID="1" />
      <Word Text="easily" Rect="312,224,31,17" ID="2" />
      <Word Text="were" Rect="345,224,27,17" ID="3" />
      <Word Text="those" Rect="376,224,31,17" ID="4" />
      <Word Text="that" Rect="409,224,22,17" ID="5" />
      <Word Text="are" Rect="434,224,18,17" ID="6" />
      <Word Text="little" Rect="455,224,25,17" ID="7" />
      <Word Text="icons" Rect="483,224,28,17" ID="8" />
      <Word Text="of" Rect="514,224,11,17" ID="9" />
      <Word Text="what" Rect="529,224,27,17" ID="10" />
      <Word Text="they" Rect="558,224,24,17" ID="11" />
      <Word Text="mean" Rect="585,224,30,17" ID="12" />
      <Word Text="(such" Rect="619,224,29,17" ID="13" />
      <Word Text="as" Rect="650,224,12,17" ID="14" />
    </Block>
    <Block ID="3">
      <Word Text="person)," Rect="241,247,43,17" ID="0" />
      <Word Text="or" Rect="288,247,12,17" ID="1" />
      <Word Text="the" Rect="302,247,18,17" ID="2" />
      <Word Text="ones" Rect="324,247,26,17" ID="3" />
      <Word Text="that" Rect="353,247,22,17" ID="4" />
      <Word Text="show" Rect="378,247,28,17" ID="5" />
      <Word Text="an" Rect="409,247,13,17" ID="6" />
      <Word Text="idea" Rect="426,247,23,17" ID="7" />
      <Word Text="(you" Rect="452,247,23,17" ID="8" />
      <Word Text="put" Rect="479,247,19,17" ID="9" />
      <Word Text="that" Rect="500,247,22,17" ID="10" />
      <Word Text="person" Rect="525,247,38,17" ID="11" />
      <Word Text="in" Rect="567,247,10,17" ID="12" />
      <Word Text="a" Rect="579,247,6,17" ID="13" />
      <Word Text="box" Rect="589,247,20,17" ID="14" />
      <Word Text="and" Rect="612,247,20,17" ID="15" />
      <Word Text="you" Rect="636,247,20,17" ID="16" />
      <Word Text="will" Rect="659,247,18,17" ID="17" />
      <Word Text="get" Rect="680,247,17,17" ID="18" />
    </Block>
    <Block ID="4">
      <Word Text="," Rect="233,270,3,17" ID="0" />
      <Word Text="which" Rect="239,270,32,17" ID="1" />
      <Word Text="means" Rect="274,270,35,17" ID="2" />
      <Word Text="prisoner)." Rect="312,270,51,17" ID="3" />
    </Block>
    <Block ID="5">
      <Word Text="I" Rect="237,292,4,17" ID="0" />
      <Word Text="had" Rect="244,292,20,17" ID="1" />
      <Word Text="a" Rect="267,292,6,17" ID="2" />
      <Word Text="lot" Rect="276,292,15,17" ID="3" />
      <Word Text="of" Rect="294,292,11,17" ID="4" />
      <Word Text="fun" Rect="308,292,18,17" ID="5" />
      <Word Text="imagining" Rect="329,292,51,17" ID="6" />
      <Word Text="connections" Rect="384,292,67,17" ID="7" />
      <Word Text="between" Rect="453,292,48,17" ID="8" />
      <Word Text="characters" Rect="504,292,57,17" ID="9" />
      <Word Text="and" Rect="565,292,20,17" ID="10" />
      <Word Text="their" Rect="589,292,26,17" ID="11" />
      <Word Text="meanings." Rect="617,292,54,17" ID="12" />
      <Word Text="For" Rect="675,292,19,17" ID="13" />
    </Block>
    <Block ID="6">
      <Word Text="instance," Rect="221,315,48,17" ID="0" />
    </Block>
    <Block ID="7">
      <Word Text="means" Rect="288,315,35,17" ID="0" />
      <Word Text="father," Rect="326,315,36,17" ID="1" />
      <Word Text="and" Rect="365,315,20,17" ID="2" />
      <Word Text="even" Rect="389,315,26,17" ID="3" />
      <Word Text="though" Rect="418,315,38,17" ID="4" />
      <Word Text="the" Rect="459,315,18,17" ID="5" />
      <Word Text="character" Rect="481,315,52,17" ID="6" />
      <Word Text="evolved" Rect="536,315,43,17" ID="7" />
      <Word Text="from" Rect="582,315,26,17" ID="8" />
      <Word Text="an" Rect="611,315,13,17" ID="9" />
      <Word Text="image" Rect="627,315,32,17" ID="10" />
      <Word Text="of" Rect="662,315,11,17" ID="11" />
      <Word Text="a" Rect="676,315,6,17" ID="12" />
    </Block>
    <Block ID="8">
      <Word Text="man" Rect="221,338,23,17" ID="0" />
      <Word Text="holding" Rect="248,338,40,17" ID="1" />
      <Word Text="a" Rect="291,338,6,17" ID="2" />
      <Word Text="staff" Rect="300,338,24,17" ID="3" />
      <Word Text="or" Rect="328,338,12,17" ID="4" />
      <Word Text="ax" Rect="343,338,13,17" ID="5" />
      <Word Text="and" Rect="358,338,20,17" ID="6" />
      <Word Text="historically" Rect="382,338,59,17" ID="7" />
      <Word Text="refers" Rect="444,338,32,17" ID="8" />
      <Word Text="to" Rect="479,338,12,17" ID="9" />
      <Word Text="a" Rect="494,338,6,17" ID="10" />
      <Word Text="man’s" Rect="503,338,30,17" ID="11" />
      <Word Text="social" Rect="536,338,31,17" ID="12" />
      <Word Text="status," Rect="570,338,35,17" ID="13" />
      <Word Text="all" Rect="609,338,12,17" ID="14" />
      <Word Text="I" Rect="624,338,4,17" ID="15" />
      <Word Text="could" Rect="631,338,30,17" ID="16" />
      <Word Text="see" Rect="664,338,19,17" ID="17" />
      <Word Text="was" Rect="686,338,21,17" ID="18" />
    </Block>
    <Block ID="9">
      <Word Text="a" Rect="221,360,6,17" ID="0" />
      <Word Text="grim-looking" Rect="231,360,67,17" ID="1" />
      <Word Text="face" Rect="301,360,23,17" ID="2" />
      <Word Text="with" Rect="327,360,23,17" ID="3" />
      <Word Text="a" Rect="354,360,6,17" ID="4" />
      <Word Text="mustache." Rect="363,360,55,17" ID="5" />
    </Block>
    <Block ID="10">
      <Word Text="Chinese" Rect="237,383,45,17" ID="0" />
      <Word Text="is" Rect="285,383,8,17" ID="1" />
      <Word Text="a" Rect="297,383,6,17" ID="2" />
      <Word Text="very" Rect="306,383,23,17" ID="3" />
      <Word Text="complex" Rect="333,383,46,17" ID="4" />
      <Word Text="language" Rect="382,383,48,17" ID="5" />
      <Word Text="(one" Rect="434,383,24,17" ID="6" />
      <Word Text="has" Rect="461,383,19,17" ID="7" />
      <Word Text="to" Rect="483,383,12,17" ID="8" />
      <Word Text="know" Rect="497,383,29,17" ID="9" />
      <Word Text="three" Rect="530,383,29,17" ID="10" />
      <Word Text="to" Rect="562,383,12,17" ID="11" />
      <Word Text="four" Rect="577,383,23,17" ID="12" />
      <Word Text="thousand" Rect="603,383,51,17" ID="13" />
      <Word Text="characters" Rect="657,383,57,17" ID="14" />
    </Block>
    <Block ID="11">
      <Word Text="to" Rect="221,406,12,17" ID="0" />
      <Word Text="be" Rect="236,406,14,17" ID="1" />
      <Word Text="considered" Rect="253,406,61,17" ID="2" />
      <Word Text="literate)." Rect="318,406,45,17" ID="3" />
      <Word Text="The" Rect="366,406,21,17" ID="4" />
      <Word Text="purpose" Rect="390,406,46,17" ID="5" />
      <Word Text="of" Rect="439,406,11,17" ID="6" />
      <Word Text="this" Rect="453,406,20,17" ID="7" />
      <Word Text="book" Rect="476,406,28,17" ID="8" />
      <Word Text="is" Rect="506,406,8,17" ID="9" />
      <Word Text="not" Rect="518,406,18,17" ID="10" />
      <Word Text="to" Rect="539,406,12,17" ID="11" />
      <Word Text="teach" Rect="554,406,30,17" ID="12" />
      <Word Text="you" Rect="588,406,20,17" ID="13" />
      <Word Text="and" Rect="610,406,20,17" ID="14" />
      <Word Text="your" Rect="634,406,25,17" ID="15" />
      <Word Text="children" Rect="662,406,44,17" ID="16" />
    </Block>
    <Block ID="12">
      <Word Text="your" Rect="221,428,25,17" ID="0" />
      <Word Text="first" Rect="249,428,21,17" ID="1" />
      <Word Text="Chinese" Rect="273,428,45,17" ID="2" />
      <Word Text="lesson" Rect="322,428,35,17" ID="3" />
      <Word Text="but" Rect="359,428,19,17" ID="4" />
      <Word Text="rather" Rect="381,428,33,17" ID="5" />
      <Word Text="to" Rect="418,428,12,17" ID="6" />
      <Word Text="give" Rect="432,428,22,17" ID="7" />
      <Word Text="you" Rect="457,428,20,17" ID="8" />
      <Word Text="a" Rect="480,428,6,17" ID="9" />
      <Word Text="glimpse" Rect="490,428,42,17" ID="10" />
      <Word Text="into" Rect="534,428,21,17" ID="11" />
      <Word Text="the" Rect="559,428,18,17" ID="12" />
      <Word Text="fascinating" Rect="580,428,58,17" ID="13" />
      <Word Text="world" Rect="641,428,31,17" ID="14" />
      <Word Text="of" Rect="676,428,11,17" ID="15" />
      <Word Text="the" Rect="690,428,18,17" ID="16" />
    </Block>
    <Block ID="13">
      <Word Text="Chinese" Rect="221,451,45,17" ID="0" />
      <Word Text="language" Rect="270,451,48,17" ID="1" />
      <Word Text="and" Rect="321,451,20,17" ID="2" />
      <Word Text="maybe—by" Rect="345,451,58,17" ID="3" />
      <Word Text="making" Rect="406,451,38,17" ID="4" />
      <Word Text="it" Rect="447,451,7,17" ID="5" />
      <Word Text="a" Rect="458,451,6,17" ID="6" />
      <Word Text="little" Rect="467,451,25,17" ID="7" />
      <Word Text="less" Rect="495,451,21,17" ID="8" />
      <Word Text="intimidating—to" Rect="519,451,84,17" ID="9" />
      <Word Text="inspire" Rect="605,451,37,17" ID="10" />
      <Word Text="you" Rect="645,451,20,17" ID="11" />
      <Word Text="and" Rect="668,451,20,17" ID="12" />
    </Block>
    <Block ID="14">
      <Word Text="your" Rect="221,474,25,17" ID="0" />
      <Word Text="kids" Rect="249,474,22,17" ID="1" />
      <Word Text="to" Rect="274,474,12,17" ID="2" />
      <Word Text="take" Rect="289,474,23,17" ID="3" />
      <Word Text="a" Rect="315,474,6,17" ID="4" />
      <Word Text="class" Rect="324,474,26,17" ID="5" />
      <Word Text="and" Rect="354,474,20,17" ID="6" />
      <Word Text="learn" Rect="377,474,28,17" ID="7" />
      <Word Text="more." Rect="408,474,31,17" ID="8" />
    </Block>
    <Block ID="15">
      <Word Text="The" Rect="237,496,21,17" ID="0" />
      <Word Text="Pet" Rect="261,496,19,17" ID="1" />
      <Word Text="Dragon" Rect="282,496,41,17" ID="2" />
      <Word Text="would" Rect="326,496,33,17" ID="3" />
      <Word Text="not" Rect="362,496,18,17" ID="4" />
      <Word Text="have" Rect="384,496,26,17" ID="5" />
      <Word Text="been" Rect="412,496,28,17" ID="6" />
      <Word Text="possible" Rect="443,496,46,17" ID="7" />
      <Word Text="without" Rect="492,496,42,17" ID="8" />
      <Word Text="the" Rect="536,496,18,17" ID="9" />
      <Word Text="inspiration," Rect="558,496,60,17" ID="10" />
      <Word Text="support," Rect="621,496,46,17" ID="11" />
      <Word Text="insight," Rect="670,496,39,17" ID="12" />
    </Block>
    <Block ID="16">
      <Word Text="and" Rect="221,519,20,17" ID="0" />
      <Word Text="patience" Rect="245,519,48,17" ID="1" />
      <Word Text="of" Rect="295,519,11,17" ID="2" />
      <Word Text="many" Rect="310,519,29,17" ID="3" />
      <Word Text="people." Rect="342,519,41,17" ID="4" />
      <Word Text="I" Rect="386,519,4,17" ID="5" />
      <Word Text="want" Rect="393,519,27,17" ID="6" />
      <Word Text="to" Rect="422,519,12,17" ID="7" />
      <Word Text="thank" Rect="437,519,30,17" ID="8" />
      <Word Text="Chika" Rect="470,519,32,17" ID="9" />
      <Word Text="Azuma," Rect="505,519,40,17" ID="10" />
      <Word Text="Anni" Rect="548,519,25,17" ID="11" />
      <Word Text="Kuan," Rect="577,519,30,17" ID="12" />
      <Word Text="Lisa" Rect="610,519,22,17" ID="13" />
      <Word Text="Zeitz," Rect="635,519,30,17" ID="14" />
      <Word Text="Nicholas" Rect="668,519,47,17" ID="15" />
    </Block>
    <Block ID="17">
      <Word Text="Blechman," Rect="221,542,57,17" ID="0" />
      <Word Text="Naomi" Rect="281,542,36,17" ID="1" />
      <Word Text="Mizusaki," Rect="320,542,50,17" ID="2" />
      <Word Text="Shi" Rect="373,542,17,17" ID="3" />
      <Word Text="Yeon" Rect="393,542,28,17" ID="4" />
      <Word Text="Kim," Rect="424,542,24,17" ID="5" />
      <Word Text="Liz" Rect="450,542,15,17" ID="6" />
      <Word Text="Darhansoff," Rect="469,542,62,17" ID="7" />
      <Word Text="and" Rect="534,542,20,17" ID="8" />
      <Word Text="of" Rect="558,542,11,17" ID="9" />
      <Word Text="course" Rect="572,542,37,17" ID="10" />
      <Word Text="Paul" Rect="612,542,23,17" ID="11" />
      <Word Text="Sahre," Rect="638,542,34,17" ID="12" />
      <Word Text="who" Rect="676,542,23,17" ID="13" />
    </Block>
    <Block ID="18">
      <Word Text="taught" Rect="221,564,35,17" ID="0" />
      <Word Text="me" Rect="259,564,17,17" ID="1" />
    </Block>
    <Block ID="19">
      <Word Text="," Rect="292,564,3,17" ID="0" />
      <Word Text="the" Rect="297,564,18,17" ID="1" />
      <Word Text="first" Rect="319,564,21,17" ID="2" />
      <Word Text="character" Rect="343,564,52,17" ID="3" />
      <Word Text="I" Rect="398,564,4,17" ID="4" />
      <Word Text="learned." Rect="405,564,44,17" ID="5" />
      <Word Text="Finally," Rect="452,564,37,17" ID="6" />
      <Word Text="I" Rect="492,564,4,17" ID="7" />
      <Word Text="am" Rect="499,564,16,17" ID="8" />
      <Word Text="most" Rect="518,564,27,17" ID="9" />
      <Word Text="grateful" Rect="548,564,42,17" ID="10" />
      <Word Text="to" Rect="594,564,12,17" ID="11" />
      <Word Text="Ling-Yi" Rect="608,564,36,17" ID="12" />
      <Word Text="Chien" Rect="647,564,33,17" ID="13" />
      <Word Text="of" Rect="683,564,11,17" ID="14" />
    </Block>
    <Block ID="20">
      <Word Text="the" Rect="221,587,18,17" ID="0" />
      <Word Text="Asia" Rect="243,587,23,17" ID="1" />
      <Word Text="Society" Rect="269,587,41,17" ID="2" />
      <Word Text="of" Rect="312,587,11,17" ID="3" />
      <Word Text="New" Rect="327,587,25,17" ID="4" />
      <Word Text="York," Rect="355,587,28,17" ID="5" />
      <Word Text="whose" Rect="386,587,35,17" ID="6" />
      <Word Text="tremendous" Rect="424,587,66,17" ID="7" />
      <Word Text="knowledge" Rect="493,587,59,17" ID="8" />
      <Word Text="of" Rect="556,587,11,17" ID="9" />
      <Word Text="Chinese" Rect="570,587,45,17" ID="10" />
      <Word Text="language" Rect="618,587,48,17" ID="11" />
      <Word Text="and" Rect="670,587,20,17" ID="12" />
    </Block>
    <Block ID="21">
      <Word Text="culture" Rect="221,611,38,17" ID="0" />
      <Word Text="was" Rect="263,611,21,17" ID="1" />
      <Word Text="absolutely" Rect="287,611,56,17" ID="2" />
      <Word Text="essential" Rect="346,611,48,17" ID="3" />
      <Word Text="to" Rect="397,611,12,17" ID="4" />
      <Word Text="the" Rect="412,611,18,17" ID="5" />
      <Word Text="creation" Rect="433,611,45,17" ID="6" />
      <Word Text="of" Rect="481,611,11,17" ID="7" />
      <Word Text="this" Rect="496,611,20,17" ID="8" />
      <Word Text="book." Rect="518,611,31,17" ID="9" />
    </Block>
    <Block ID="22">
      <Word Text="—Christoph" Rect="506,648,76,20" ID="0" />
      <Word Text="Niemann" Rect="586,648,59,20" ID="1" />
    </Block>
  </Page>
  <Page PageIndex="7">
    <Block ID="0">
      <Word Text="This" Rect="376,109,45,33" ID="0" />
      <Word Text="is" Rect="428,109,17,33" ID="1" />
      <Word Text="Lin." Rect="451,109,39,33" ID="2" />
    </Block>
  </Page>
  <Page PageIndex="8">
    <Block ID="0">
      <Word Text="One" Rect="201,111,49,33" ID="0" />
      <Word Text="day," Rect="257,111,43,33" ID="1" />
      <Word Text="Lin" Rect="306,111,34,33" ID="2" />
      <Word Text="received" Rect="346,111,95,33" ID="3" />
      <Word Text="a" Rect="447,111,13,33" ID="4" />
      <Word Text="very" Rect="466,111,48,33" ID="5" />
      <Word Text="special" Rect="520,111,76,33" ID="6" />
      <Word Text="gift—" Rect="603,111,52,33" ID="7" />
      <Word Text="a" Rect="201,154,13,33" ID="8" />
      <Word Text="baby" Rect="220,154,54,33" ID="9" />
      <Word Text="ragon!" Rect="295,154,68,33" ID="10" />
    </Block>
  </Page>
  <Page PageIndex="9">
    <Block ID="0">
      <Word Text="Lin" Rect="117,122,34,33" ID="0" />
      <Word Text="and" Rect="157,122,41,33" ID="1" />
      <Word Text="her" Rect="205,122,37,33" ID="2" />
      <Word Text="pet" Rect="248,122,37,33" ID="3" />
      <Word Text="dragon" Rect="292,122,77,33" ID="4" />
      <Word Text="did" Rect="117,164,35,33" ID="5" />
      <Word Text="everything" Rect="159,164,104,33" ID="6" />
      <Word Text="together." Rect="281,164,98,33" ID="7" />
      <Word Text="They" Rect="117,207,55,33" ID="8" />
      <Word Text="played" Rect="178,207,74,33" ID="9" />
      <Word Text="hide-and-seek." Rect="258,207,161,33" ID="10" />
    </Block>
  </Page>
  <Page PageIndex="10">
    <Block ID="0">
      <Word Text="They" Rect="484,164,55,33" ID="0" />
      <Word Text="made" Rect="544,164,61,33" ID="1" />
      <Word Text="new" Rect="612,164,45,33" ID="2" />
      <Word Text="friends." Rect="664,164,82,33" ID="3" />
    </Block>
  </Page>
  <Page PageIndex="11">
    <Block ID="0">
      <Word Text="They" Rect="249,67,55,33" ID="0" />
      <Word Text="perfected" Rect="309,67,110,33" ID="1" />
      <Word Text="their" Rect="425,67,52,33" ID="2" />
      <Word Text="Ping-Pong" Rect="484,67,110,33" ID="3" />
      <Word Text="skills." Rect="600,67,58,33" ID="4" />
    </Block>
  </Page>
  <Page PageIndex="12">
    <Block ID="0">
      <Word Text="They" Rect="226,68,55,33" ID="0" />
      <Word Text="told" Rect="287,68,44,33" ID="1" />
      <Word Text="each" Rect="337,68,53,33" ID="2" />
      <Word Text="other" Rect="396,68,60,33" ID="3" />
      <Word Text="exciting" Rect="462,68,85,33" ID="4" />
      <Word Text="stories." Rect="553,68,79,33" ID="5" />
    </Block>
  </Page>
  <Page PageIndex="13">
    <Block ID="0">
      <Word Text="The" Rect="150,82,42,33" ID="0" />
      <Word Text="dragon" Rect="198,82,77,33" ID="1" />
      <Word Text="loved" Rect="281,82,60,33" ID="2" />
      <Word Text="to" Rect="348,82,23,33" ID="3" />
      <Word Text="play" Rect="377,82,46,33" ID="4" />
      <Word Text="soccer." Rect="429,82,76,33" ID="5" />
      <Word Text="Uh-oh!”" Rect="149,124,83,33" ID="6" />
      <Word Text="cried" Rect="238,124,56,33" ID="7" />
      <Word Text="Lin." Rect="300,124,39,33" ID="8" />
      <Word Text="She" Rect="346,124,42,33" ID="9" />
      <Word Text="saw" Rect="394,124,41,33" ID="10" />
      <Word Text="the" Rect="442,124,36,33" ID="11" />
      <Word Text="ball" Rect="484,124,39,33" ID="12" />
      <Word Text="sail" Rect="150,167,35,33" ID="13" />
      <Word Text="toward" Rect="192,167,78,33" ID="14" />
      <Word Text="an" Rect="275,167,26,33" ID="15" />
      <Word Text="old" Rect="308,167,35,33" ID="16" />
      <Word Text="vase." Rect="349,167,54,33" ID="17" />
    </Block>
  </Page>
  <Page PageIndex="14">
    <Block ID="0">
      <Word Text="Crash!" Rect="402,80,72,33" ID="0" />
      <Word Text="The" Rect="402,123,42,33" ID="1" />
      <Word Text="vase" Rect="450,123,49,33" ID="2" />
      <Word Text="burst" Rect="506,123,57,33" ID="3" />
      <Word Text="into" Rect="570,123,43,33" ID="4" />
      <Word Text="a" Rect="619,123,13,33" ID="5" />
      <Word Text="hundred" Rect="637,123,94,33" ID="6" />
      <Word Text="pieces." Rect="737,123,77,33" ID="7" />
      <Word Text="." Rect="809,123,5,33" ID="8" />
    </Block>
  </Page>
  <Page PageIndex="15">
    <Block ID="0">
      <Word Text="Lin" Rect="153,431,34,33" ID="0" />
      <Word Text="knew" Rect="193,431,58,33" ID="1" />
      <Word Text="that" Rect="258,431,44,33" ID="2" />
      <Word Text="they" Rect="308,431,48,33" ID="3" />
      <Word Text="were" Rect="153,474,55,33" ID="4" />
      <Word Text="in" Rect="214,474,20,33" ID="5" />
      <Word Text="trouble." Rect="240,474,86,33" ID="6" />
      <Word Text="Big," Rect="153,516,40,33" ID="7" />
      <Word Text="BIG" Rect="200,516,43,33" ID="8" />
      <Word Text="trouble!" Rect="249,516,87,33" ID="9" />
    </Block>
  </Page>
  <Page PageIndex="16">
    <Block ID="0">
      <Word Text="“From" Rect="102,117,67,33" ID="0" />
      <Word Text="now" Rect="176,117,46,33" ID="1" />
      <Word Text="on" Rect="228,117,28,33" ID="2" />
      <Word Text="your" Rect="262,117,49,33" ID="3" />
      <Word Text="dragon" Rect="318,117,77,33" ID="4" />
      <Word Text="must" Rect="113,160,53,33" ID="5" />
      <Word Text="stay" Rect="172,160,45,33" ID="6" />
      <Word Text="in" Rect="223,160,20,33" ID="7" />
      <Word Text="a" Rect="249,160,13,33" ID="8" />
      <Word Text="cage!”" Rect="268,160,67,33" ID="9" />
      <Word Text="said" Rect="113,203,44,33" ID="10" />
      <Word Text="Lin’s" Rect="163,203,48,33" ID="11" />
      <Word Text="father." Rect="217,203,70,33" ID="12" />
    </Block>
    <Block ID="1">
      <Word Text="Lin" Rect="515,622,34,33" ID="0" />
      <Word Text="wasn’t" Rect="555,622,69,33" ID="1" />
      <Word Text="very" Rect="630,622,48,33" ID="2" />
      <Word Text="happy" Rect="684,622,68,33" ID="3" />
      <Word Text="about" Rect="527,665,52,33" ID="4" />
      <Word Text="this" Rect="585,665,40,33" ID="5" />
      <Word Text="..." Rect="629,665,29,33" ID="6" />
      <Word Text="and" Rect="664,665,41,33" ID="7" />
      <Word Text="neither" Rect="712,665,79,33" ID="8" />
      <Word Text="was" Rect="515,708,42,33" ID="9" />
      <Word Text="the" Rect="563,708,36,33" ID="10" />
      <Word Text="baby" Rect="606,708,54,33" ID="11" />
      <Word Text="dragon." Rect="666,708,82,33" ID="12" />
    </Block>
  </Page>
  <Page PageIndex="17">
    <Block ID="0">
      <Word Text="The" Rect="359,84,42,33" ID="0" />
      <Word Text="next" Rect="407,84,48,33" ID="1" />
      <Word Text="morning" Rect="462,84,90,33" ID="2" />
      <Word Text="when" Rect="558,84,59,33" ID="3" />
      <Word Text="Lin" Rect="624,84,34,33" ID="4" />
      <Word Text="went" Rect="664,84,54,33" ID="5" />
      <Word Text="to" Rect="724,84,23,33" ID="6" />
      <Word Text="check" Rect="359,127,65,33" ID="7" />
      <Word Text="on" Rect="430,127,28,33" ID="8" />
      <Word Text="her" Rect="464,127,37,33" ID="9" />
      <Word Text="pet," Rect="508,127,43,33" ID="10" />
      <Word Text="the" Rect="557,127,36,33" ID="11" />
      <Word Text="cage" Rect="600,127,51,33" ID="12" />
      <Word Text="was" Rect="657,127,42,33" ID="13" />
      <Word Text="empty." Rect="705,127,73,33" ID="14" />
      <Word Text="Oh," Rect="359,170,41,33" ID="15" />
      <Word Text="no!" Rect="406,170,34,33" ID="16" />
      <Word Text="Her" Rect="446,170,41,33" ID="17" />
      <Word Text="dragon" Rect="494,170,77,33" ID="18" />
      <Word Text="was" Rect="577,170,42,33" ID="19" />
      <Word Text="gone!" Rect="625,170,60,33" ID="20" />
    </Block>
  </Page>
  <Page PageIndex="18">
    <Block ID="0">
      <Word Text="Lin" Rect="113,621,34,33" ID="0" />
      <Word Text="couldn’t" Rect="153,621,88,33" ID="1" />
      <Word Text="believe" Rect="248,621,80,33" ID="2" />
      <Word Text="it." Rect="333,621,21,33" ID="3" />
      <Word Text="“Where" Rect="102,664,86,33" ID="4" />
      <Word Text="is" Rect="195,664,17,33" ID="5" />
      <Word Text="my" Rect="218,664,33,33" ID="6" />
      <Word Text="baby" Rect="271,664,39,33" ID="7" />
      <Word Text="dragon?" Rect="331,664,73,33" ID="8" />
      <Word Text="Where" Rect="112,707,76,33" ID="9" />
      <Word Text="did" Rect="195,707,35,33" ID="10" />
      <Word Text="my" Rect="236,707,33,33" ID="11" />
      <Word Text="dragon" Rect="275,707,76,33" ID="12" />
      <Word Text="go?”" Rect="358,707,47,33" ID="13" />
      <Word Text="Lin" Rect="113,749,34,33" ID="14" />
      <Word Text="had" Rect="153,749,41,33" ID="15" />
      <Word Text="to" Rect="200,749,23,33" ID="16" />
      <Word Text="find" Rect="229,749,42,33" ID="17" />
      <Word Text="it!" Rect="278,749,21,33" ID="18" />
    </Block>
  </Page>
  <Page PageIndex="19">
    <Block ID="0">
      <Word Text="First," Rect="180,47,55,33" ID="0" />
      <Word Text="Lin" Rect="241,47,34,33" ID="1" />
      <Word Text="searched" Rect="281,47,101,33" ID="2" />
      <Word Text="her" Rect="389,47,37,33" ID="3" />
      <Word Text="house." Rect="432,47,72,33" ID="4" />
      <Word Text="No" Rect="510,47,33,33" ID="5" />
      <Word Text="dragon." Rect="549,47,82,33" ID="6" />
      <Word Text="Then" Rect="180,89,56,33" ID="7" />
      <Word Text="she" Rect="242,89,38,33" ID="8" />
      <Word Text="searched" Rect="287,89,101,33" ID="9" />
      <Word Text="her" Rect="395,89,37,33" ID="10" />
      <Word Text="entire" Rect="438,89,65,33" ID="11" />
      <Word Text="city." Rect="510,89,43,33" ID="12" />
      <Word Text="No" Rect="559,89,33,33" ID="13" />
      <Word Text="dragon." Rect="598,89,82,33" ID="14" />
      <Word Text="Where" Rect="180,132,76,33" ID="15" />
      <Word Text="could" Rect="262,132,61,33" ID="16" />
      <Word Text="her" Rect="330,132,37,33" ID="17" />
      <Word Text="dragon" Rect="373,132,77,33" ID="18" />
      <Word Text="be?" Rect="456,132,39,33" ID="19" />
      <Word Text="She" Rect="180,175,42,33" ID="20" />
      <Word Text="started" Rect="228,175,79,33" ID="21" />
      <Word Text="walking" Rect="313,175,81,33" ID="22" />
      <Word Text="..." Rect="401,175,29,33" ID="23" />
    </Block>
  </Page>
  <Page PageIndex="20">
    <Block ID="0">
      <Word Text="and" Rect="298,47,41,33" ID="0" />
      <Word Text="walking" Rect="345,47,81,33" ID="1" />
      <Word Text="and" Rect="432,47,41,33" ID="2" />
      <Word Text="walking." Rect="480,47,87,33" ID="3" />
    </Block>
  </Page>
  <Page PageIndex="21">
    <Block ID="0">
      <Word Text="Lin" Rect="232,72,34,33" ID="0" />
      <Word Text="came" Rect="272,72,59,33" ID="1" />
      <Word Text="to" Rect="337,72,23,33" ID="2" />
      <Word Text="a" Rect="367,72,13,33" ID="3" />
      <Word Text="huge" Rect="385,72,53,33" ID="4" />
      <Word Text="wall" Rect="445,72,43,33" ID="5" />
      <Word Text="that" Rect="494,72,44,33" ID="6" />
      <Word Text="stretched" Rect="545,72,106,33" ID="7" />
      <Word Text="all" Rect="232,115,25,33" ID="8" />
      <Word Text="the" Rect="263,115,36,33" ID="9" />
      <Word Text="way" Rect="306,115,43,33" ID="10" />
      <Word Text="to" Rect="355,115,23,33" ID="11" />
      <Word Text="the" Rect="385,115,36,33" ID="12" />
      <Word Text="horizon." Rect="427,115,87,33" ID="13" />
      <Word Text="She" Rect="232,158,42,33" ID="14" />
      <Word Text="looked" Rect="280,158,75,33" ID="15" />
      <Word Text="and" Rect="361,158,41,33" ID="16" />
      <Word Text="she" Rect="408,158,38,33" ID="17" />
      <Word Text="looked" Rect="453,158,75,33" ID="18" />
      <Word Text="and" Rect="534,158,41,33" ID="19" />
      <Word Text="she" Rect="582,158,38,33" ID="20" />
      <Word Text="looked." Rect="627,158,80,33" ID="21" />
    </Block>
  </Page>
  <Page PageIndex="22">
    <Block ID="0">
      <Word Text="But" Rect="496,760,39,33" ID="0" />
      <Word Text="still" Rect="541,760,38,33" ID="1" />
      <Word Text="there" Rect="585,760,60,33" ID="2" />
      <Word Text="was" Rect="651,760,42,33" ID="3" />
      <Word Text="no" Rect="496,803,28,33" ID="4" />
      <Word Text="sign" Rect="530,803,43,33" ID="5" />
      <Word Text="of" Rect="579,803,22,33" ID="6" />
      <Word Text="her" Rect="608,803,37,33" ID="7" />
      <Word Text="dragon." Rect="652,803,82,33" ID="8" />
    </Block>
  </Page>
  <Page PageIndex="23">
    <Block ID="0">
      <Word Text="Lin" Rect="165,76,34,33" ID="0" />
      <Word Text="came" Rect="205,76,59,33" ID="1" />
      <Word Text="to" Rect="271,76,23,33" ID="2" />
      <Word Text="a" Rect="300,76,13,33" ID="3" />
      <Word Text="wide" Rect="319,76,53,33" ID="4" />
      <Word Text="river." Rect="378,76,54,33" ID="5" />
      <Word Text="She" Rect="438,76,42,33" ID="6" />
      <Word Text="saw" Rect="486,76,41,33" ID="7" />
      <Word Text="a" Rect="534,76,13,33" ID="8" />
      <Word Text="curious" Rect="553,76,80,33" ID="9" />
      <Word Text="little" Rect="640,76,50,33" ID="10" />
      <Word Text="lady" Rect="696,76,46,33" ID="11" />
      <Word Text="standing" Rect="165,118,93,33" ID="12" />
      <Word Text="near" Rect="264,118,50,33" ID="13" />
      <Word Text="the" Rect="320,118,36,33" ID="14" />
      <Word Text="edge" Rect="362,118,54,33" ID="15" />
      <Word Text="of" Rect="423,118,22,33" ID="16" />
      <Word Text="the" Rect="452,118,36,33" ID="17" />
      <Word Text="water." Rect="495,118,66,33" ID="18" />
      <Word Text="“My" Rect="154,161,44,33" ID="19" />
      <Word Text="dear" Rect="204,161,51,33" ID="20" />
      <Word Text="girl,”" Rect="261,161,49,33" ID="21" />
      <Word Text="the" Rect="316,161,36,33" ID="22" />
      <Word Text="lady" Rect="359,161,46,33" ID="23" />
      <Word Text="said," Rect="411,161,49,33" ID="24" />
      <Word Text="in" Rect="467,161,20,33" ID="25" />
      <Word Text="a" Rect="493,161,13,33" ID="26" />
      <Word Text="cackling" Rect="511,161,88,33" ID="27" />
      <Word Text="voice." Rect="606,161,64,33" ID="28" />
      <Word Text="“I" Rect="154,204,17,33" ID="29" />
      <Word Text="need" Rect="177,204,56,33" ID="30" />
      <Word Text="to" Rect="239,204,23,33" ID="31" />
      <Word Text="get" Rect="269,204,35,33" ID="32" />
      <Word Text="to" Rect="310,204,23,33" ID="33" />
      <Word Text="the" Rect="339,204,36,33" ID="34" />
      <Word Text="other" Rect="382,204,60,33" ID="35" />
      <Word Text="side," Rect="449,204,51,33" ID="36" />
      <Word Text="but" Rect="505,204,37,33" ID="37" />
      <Word Text="I" Rect="549,204,7,33" ID="38" />
      <Word Text="can’t" Rect="562,204,52,33" ID="39" />
      <Word Text="swim." Rect="621,204,60,33" ID="40" />
      <Word Text="Help!" Rect="165,246,59,33" ID="41" />
      <Word Text="Please" Rect="230,246,73,33" ID="42" />
      <Word Text="lift" Rect="309,246,29,33" ID="43" />
      <Word Text="me" Rect="345,246,34,33" ID="44" />
      <Word Text="up!”" Rect="385,246,44,33" ID="45" />
    </Block>
  </Page>
  <Page PageIndex="24" />
  <Page PageIndex="25">
    <Block ID="0">
      <Word Text="So" Rect="270,100,28,33" ID="0" />
      <Word Text="Lin" Rect="304,100,34,33" ID="1" />
      <Word Text="did," Rect="344,100,41,33" ID="2" />
      <Word Text="and" Rect="392,100,41,33" ID="3" />
      <Word Text="she" Rect="439,100,38,33" ID="4" />
      <Word Text="carried" Rect="484,100,78,33" ID="5" />
      <Word Text="the" Rect="270,142,36,33" ID="6" />
      <Word Text="little" Rect="313,142,50,33" ID="7" />
      <Word Text="lady" Rect="369,142,46,33" ID="8" />
      <Word Text="across" Rect="421,142,70,33" ID="9" />
      <Word Text="the" Rect="497,142,36,33" ID="10" />
      <Word Text="river." Rect="540,142,54,33" ID="11" />
    </Block>
  </Page>
  <Page PageIndex="27">
    <Block ID="0">
      <Word Text="Lin" Rect="129,93,34,33" ID="0" />
      <Word Text="set" Rect="169,93,34,33" ID="1" />
      <Word Text="the" Rect="209,93,36,33" ID="2" />
      <Word Text="witch" Rect="251,93,59,33" ID="3" />
      <Word Text="down" Rect="317,93,61,33" ID="4" />
      <Word Text="gently" Rect="384,93,67,33" ID="5" />
      <Word Text="on" Rect="457,93,28,33" ID="6" />
      <Word Text="the" Rect="491,93,36,33" ID="7" />
      <Word Text="other" Rect="534,93,60,33" ID="8" />
      <Word Text="side." Rect="601,93,51,33" ID="9" />
      <Word Text="“Dear" Rect="117,136,63,33" ID="10" />
      <Word Text="little" Rect="187,136,50,33" ID="11" />
      <Word Text="one,”" Rect="243,136,57,33" ID="12" />
      <Word Text="the" Rect="306,136,36,33" ID="13" />
      <Word Text="witch" Rect="348,136,59,33" ID="14" />
      <Word Text="said," Rect="414,136,49,33" ID="15" />
      <Word Text="“a" Rect="470,136,21,33" ID="16" />
      <Word Text="favor" Rect="497,136,56,33" ID="17" />
      <Word Text="deserves" Rect="560,136,99,33" ID="18" />
      <Word Text="a" Rect="665,136,13,33" ID="19" />
      <Word Text="favor." Rect="684,136,60,33" ID="20" />
      <Word Text="I" Rect="129,179,7,33" ID="21" />
      <Word Text="know" Rect="142,179,58,33" ID="22" />
      <Word Text="where" Rect="207,179,69,33" ID="23" />
      <Word Text="to" Rect="282,179,23,33" ID="24" />
      <Word Text="find" Rect="311,179,42,33" ID="25" />
      <Word Text="what" Rect="359,179,53,33" ID="26" />
      <Word Text="you" Rect="419,179,40,33" ID="27" />
      <Word Text="are" Rect="465,179,36,33" ID="28" />
      <Word Text="looking" Rect="507,179,79,33" ID="29" />
      <Word Text="for.”" Rect="593,179,45,33" ID="30" />
      <Word Text="Zaapp!" Rect="129,221,77,33" ID="31" />
      <Word Text="A" Rect="212,221,17,33" ID="32" />
      <Word Text="jar" Rect="236,221,28,33" ID="33" />
      <Word Text="appeared" Rect="270,221,106,33" ID="34" />
      <Word Text="in" Rect="383,221,20,33" ID="35" />
      <Word Text="the" Rect="409,221,36,33" ID="36" />
      <Word Text="witch’s" Rect="451,221,73,33" ID="37" />
      <Word Text="hand." Rect="531,221,60,33" ID="38" />
    </Block>
  </Page>
  <Page PageIndex="28">
    <Block ID="0">
      <Word Text="She" Rect="214,94,42,33" ID="0" />
      <Word Text="removed" Rect="262,94,98,33" ID="1" />
      <Word Text="a" Rect="366,94,13,33" ID="2" />
      <Word Text="magic" Rect="385,94,64,33" ID="3" />
      <Word Text="bean" Rect="455,94,55,33" ID="4" />
      <Word Text="from" Rect="516,94,52,33" ID="5" />
      <Word Text="the" Rect="574,94,36,33" ID="6" />
      <Word Text="jar" Rect="617,94,28,33" ID="7" />
      <Word Text="and" Rect="214,137,41,33" ID="8" />
      <Word Text="popped" Rect="262,137,87,33" ID="9" />
      <Word Text="it" Rect="355,137,15,33" ID="10" />
      <Word Text="in" Rect="376,137,20,33" ID="11" />
      <Word Text="her" Rect="402,137,37,33" ID="12" />
      <Word Text="mouth." Rect="445,137,76,33" ID="13" />
      <Word Text="She" Rect="214,180,42,33" ID="14" />
      <Word Text="chewed" Rect="262,180,86,33" ID="15" />
      <Word Text="it" Rect="355,180,15,33" ID="16" />
      <Word Text="very" Rect="376,180,48,33" ID="17" />
      <Word Text="slowly." Rect="430,180,71,33" ID="18" />
      <Word Text="She" Rect="214,222,42,33" ID="19" />
      <Word Text="began" Rect="262,222,67,33" ID="20" />
      <Word Text="to" Rect="336,222,23,33" ID="21" />
      <Word Text="shake" Rect="365,222,63,33" ID="22" />
      <Word Text="and" Rect="434,222,41,33" ID="23" />
      <Word Text="rumble!" Rect="482,222,84,33" ID="24" />
    </Block>
  </Page>
  <Page PageIndex="29">
    <Block ID="0">
      <Word Text="The" Rect="159,76,42,33" ID="0" />
      <Word Text="little" Rect="208,76,50,33" ID="1" />
      <Word Text="witch" Rect="264,76,59,33" ID="2" />
      <Word Text="started" Rect="329,76,79,33" ID="3" />
      <Word Text="to" Rect="415,76,23,33" ID="4" />
      <Word Text="grow" Rect="444,76,54,33" ID="5" />
      <Word Text="and" Rect="505,76,41,33" ID="6" />
      <Word Text="grow" Rect="552,76,54,33" ID="7" />
      <Word Text="and" Rect="612,76,41,33" ID="8" />
      <Word Text="grow." Rect="660,76,58,33" ID="9" />
      <Word Text="Soon" Rect="160,119,56,33" ID="10" />
      <Word Text="she" Rect="223,119,38,33" ID="11" />
      <Word Text="was" Rect="267,119,42,33" ID="12" />
      <Word Text="as" Rect="315,119,23,33" ID="13" />
      <Word Text="tall" Rect="345,119,34,33" ID="14" />
      <Word Text="as" Rect="385,119,23,33" ID="15" />
      <Word Text="a" Rect="415,119,13,33" ID="16" />
      <Word Text="mountain!" Rect="434,119,110,33" ID="17" />
      <Word Text="“Come" Rect="148,161,76,33" ID="18" />
      <Word Text="here," Rect="231,161,56,33" ID="19" />
      <Word Text="little" Rect="293,161,50,33" ID="20" />
      <Word Text="Lin,”" Rect="349,161,49,33" ID="21" />
      <Word Text="she" Rect="404,161,38,33" ID="22" />
      <Word Text="said," Rect="449,161,49,33" ID="23" />
      <Word Text="her" Rect="505,161,37,33" ID="24" />
      <Word Text="voice" Rect="548,161,58,33" ID="25" />
      <Word Text="booming." Rect="613,161,101,33" ID="26" />
      <Word Text="“I" Rect="148,204,17,33" ID="27" />
      <Word Text="am" Rect="171,204,33,33" ID="28" />
      <Word Text="going" Rect="210,204,59,33" ID="29" />
      <Word Text="to" Rect="275,204,23,33" ID="30" />
      <Word Text="help" Rect="305,204,48,33" ID="31" />
      <Word Text="you" Rect="359,204,40,33" ID="32" />
      <Word Text="find" Rect="406,204,42,33" ID="33" />
      <Word Text="your" Rect="454,204,49,33" ID="34" />
      <Word Text="friend.”" Rect="509,204,81,33" ID="35" />
    </Block>
  </Page>
  <Page PageIndex="30">
    <Block ID="0">
      <Word Text="And" Rect="568,622,46,33" ID="0" />
      <Word Text="she" Rect="621,622,38,33" ID="1" />
      <Word Text="lifted" Rect="665,622,58,33" ID="2" />
      <Word Text="Lin" Rect="730,622,34,33" ID="3" />
      <Word Text="through" Rect="568,665,86,33" ID="4" />
      <Word Text="the" Rect="661,665,36,33" ID="5" />
      <Word Text="clouds!" Rect="704,665,79,33" ID="6" />
    </Block>
  </Page>
  <Page PageIndex="31">
    <Block ID="0">
      <Word Text="Lin" Rect="398,400,34,33" ID="0" />
      <Word Text="couldn’t" Rect="438,400,88,33" ID="1" />
      <Word Text="believe" Rect="532,400,80,33" ID="2" />
      <Word Text="her" Rect="618,400,37,33" ID="3" />
      <Word Text="eyes." Rect="662,400,56,33" ID="4" />
      <Word Text="There" Rect="398,443,65,33" ID="5" />
      <Word Text="was" Rect="469,443,42,33" ID="6" />
      <Word Text="her" Rect="517,443,37,33" ID="7" />
      <Word Text="dragon," Rect="561,443,82,33" ID="8" />
      <Word Text="all" Rect="398,486,25,33" ID="9" />
      <Word Text="grown" Rect="429,486,68,33" ID="10" />
      <Word Text="up" Rect="503,486,28,33" ID="11" />
      <Word Text="and" Rect="537,486,41,33" ID="12" />
      <Word Text="beautiful." Rect="585,486,103,33" ID="13" />
      <Word Text="Was" Rect="398,528,47,33" ID="14" />
      <Word Text="this" Rect="451,528,40,33" ID="15" />
      <Word Text="the" Rect="497,528,36,33" ID="16" />
      <Word Text="dragon’s" Rect="539,528,91,33" ID="17" />
      <Word Text="true" Rect="636,528,46,33" ID="18" />
      <Word Text="home" Rect="689,528,62,33" ID="19" />
      <Word Text="and" Rect="398,571,41,33" ID="20" />
      <Word Text="the" Rect="445,571,36,33" ID="21" />
      <Word Text="dragon’s" Rect="488,571,91,33" ID="22" />
      <Word Text="real" Rect="585,571,42,33" ID="23" />
      <Word Text="family?" Rect="633,571,77,33" ID="24" />
    </Block>
  </Page>
  <Page PageIndex="32" />
  <Page PageIndex="33">
    <Block ID="0">
      <Word Text="Whoosh!" Rect="78,81,97,33" ID="0" />
      <Word Text="The" Rect="181,81,42,33" ID="1" />
      <Word Text="dragon" Rect="230,81,77,33" ID="2" />
      <Word Text="flew" Rect="312,81,45,33" ID="3" />
      <Word Text="Lin" Rect="364,81,34,33" ID="4" />
      <Word Text="all" Rect="404,81,25,33" ID="5" />
      <Word Text="the" Rect="435,81,36,33" ID="6" />
      <Word Text="way" Rect="478,81,43,33" ID="7" />
      <Word Text="back" Rect="78,123,52,33" ID="8" />
      <Word Text="to" Rect="136,123,23,33" ID="9" />
      <Word Text="the" Rect="166,123,36,33" ID="10" />
      <Word Text="city" Rect="209,123,40,33" ID="11" />
      <Word Text="where" Rect="255,123,69,33" ID="12" />
      <Word Text="she" Rect="330,123,38,33" ID="13" />
      <Word Text="lived." Rect="374,123,58,33" ID="14" />
      <Word Text="The" Rect="78,166,42,33" ID="15" />
      <Word Text="two" Rect="127,166,41,33" ID="16" />
      <Word Text="friends" Rect="174,166,77,33" ID="17" />
      <Word Text="made" Rect="257,166,61,33" ID="18" />
      <Word Text="plans" Rect="325,166,58,33" ID="19" />
      <Word Text="to" Rect="389,166,23,33" ID="20" />
      <Word Text="visit" Rect="419,166,44,33" ID="21" />
      <Word Text="often." Rect="469,166,64,33" ID="22" />
    </Block>
  </Page>
  <Page PageIndex="34">
    <Block ID="0">
      <Word Text="Lin’s" Rect="128,82,48,33" ID="0" />
      <Word Text="father" Rect="182,82,67,33" ID="1" />
      <Word Text="was" Rect="255,82,42,33" ID="2" />
      <Word Text="so" Rect="303,82,25,33" ID="3" />
      <Word Text="happy" Rect="334,82,68,33" ID="4" />
      <Word Text="to" Rect="408,82,23,33" ID="5" />
      <Word Text="see" Rect="438,82,38,33" ID="6" />
      <Word Text="his" Rect="483,82,31,33" ID="7" />
      <Word Text="daughter!" Rect="520,82,106,33" ID="8" />
      <Word Text="He" Rect="128,125,32,33" ID="9" />
      <Word Text="thanked" Rect="166,125,89,33" ID="10" />
      <Word Text="the" Rect="262,125,36,33" ID="11" />
      <Word Text="dragon" Rect="305,125,77,33" ID="12" />
      <Word Text="for" Rect="388,125,32,33" ID="13" />
      <Word Text="bringing" Rect="426,125,89,33" ID="14" />
      <Word Text="Lin" Rect="521,125,34,33" ID="15" />
      <Word Text="home" Rect="561,125,62,33" ID="16" />
      <Word Text="and" Rect="629,125,41,33" ID="17" />
      <Word Text="promised" Rect="128,167,104,33" ID="18" />
      <Word Text="the" Rect="238,167,36,33" ID="19" />
      <Word Text="two" Rect="281,167,41,33" ID="20" />
      <Word Text="friends" Rect="328,167,77,33" ID="21" />
      <Word Text="that" Rect="411,167,44,33" ID="22" />
      <Word Text="they" Rect="462,167,49,33" ID="23" />
      <Word Text="could" Rect="517,167,61,33" ID="24" />
      <Word Text="play" Rect="584,167,46,33" ID="25" />
      <Word Text="together" Rect="636,167,95,33" ID="26" />
      <Word Text="whenever" Rect="128,210,108,33" ID="27" />
      <Word Text="they" Rect="242,210,49,33" ID="28" />
      <Word Text="wanted." Rect="297,210,87,33" ID="29" />
      <Word Text="Then" Rect="391,210,56,33" ID="30" />
      <Word Text="they" Rect="453,210,49,33" ID="31" />
      <Word Text="celebrated!" Rect="508,210,126,33" ID="32" />
    </Block>
  </Page>
  <Page PageIndex="35" />
  <Page PageIndex="36" />
  <Page PageIndex="37" />
  <Page PageIndex="38" />
  <Page PageIndex="39" />
</Pages>