﻿<?xml version="1.0" encoding="utf-8"?>
<Flow Name="f6">
  <Paragraph>
    <Words Start="0" End="26" Block="0" Page="16" />
  </Paragraph>
  <Paragraph>
    <Words Start="27" End="125" Block="0" Page="16" />
  </Paragraph>
  <Paragraph>
    <Words Start="0" End="4" Block="1" Page="16" />
  </Paragraph>
  <Paragraph>
    <Words Start="5" End="5" Block="1" Page="16" />
  </Paragraph>
  <Paragraph>
    <Words Block="2" Page="16" />
    <Words Start="0" End="22" Block="3" Page="16" />
  </Paragraph>
  <Paragraph>
    <Words Start="23" End="88" Block="3" Page="16" />
  </Paragraph>
  <Paragraph>
    <Words Start="89" End="92" Block="3" Page="16" />
  </Paragraph>
  <Paragraph>
    <Words Start="93" End="161" Block="3" Page="16" />
  </Paragraph>
  <Paragraph>
    <Words Start="162" End="194" Block="3" Page="16" />
    <Words Start="0" End="70" Block="0" Page="17" />
  </Paragraph>
  <Paragraph>
    <Words Start="71" End="141" Block="0" Page="17" />
  </Paragraph>
  <Paragraph>
    <Words Start="142" End="210" Block="0" Page="17" />
  </Paragraph>
  <Paragraph>
    <Words Start="0" End="73" Block="1" Page="17" />
  </Paragraph>
  <Paragraph>
    <Words Start="74" End="175" Block="1" Page="17" />
  </Paragraph>
  <Paragraph>
    <Words Start="176" End="190" Block="1" Page="17" />
  </Paragraph>
  <Paragraph>
    <Words Start="0" End="36" Block="0" Page="18" />
  </Paragraph>
  <Paragraph>
    <Words Start="37" End="117" Block="0" Page="18" />
  </Paragraph>
  <Paragraph>
    <Words Start="118" End="127" Block="0" Page="18" />
  </Paragraph>
  <Paragraph>
    <Words Start="128" End="190" Block="0" Page="18" />
    <Words Block="1" Page="18" />
  </Paragraph>
</Flow>