﻿<?xml version="1.0" encoding="utf-8"?>
<Flow Name="f3">
  <Paragraph>
    <Words Block="0" Page="8" />
  </Paragraph>
  <Paragraph>
    <Words Start="0" End="14" Block="1" Page="8" />
  </Paragraph>
  <Paragraph>
    <Words Start="15" End="15" Block="1" Page="8" />
  </Paragraph>
  <Paragraph>
    <Words Start="0" End="0" Block="2" Page="8" />
  </Paragraph>
  <Paragraph>
    <Words Start="1" End="2" Block="2" Page="8" />
  </Paragraph>
  <Paragraph>
    <Words Start="3" End="5" Block="2" Page="8" />
  </Paragraph>
  <Paragraph>
    <Words Start="6" End="11" Block="2" Page="8" />
  </Paragraph>
  <Paragraph>
    <Words Start="12" End="12" Block="2" Page="8" />
  </Paragraph>
  <Paragraph>
    <Words Start="13" End="13" Block="2" Page="8" />
  </Paragraph>
  <Paragraph>
    <Words Block="3" Page="8" />
  </Paragraph>
  <Paragraph>
    <Words Block="4" Page="8" />
  </Paragraph>
  <Paragraph>
    <Words Start="0" End="3" Block="6" Page="8" />
  </Paragraph>
  <Paragraph>
    <Words Start="4" End="4" Block="6" Page="8" />
  </Paragraph>
  <Paragraph>
    <Words Block="7" Page="8" />
  </Paragraph>
</Flow>