﻿<?xml version="1.0" encoding="utf-8"?>
<Flow Name="f13">
  <Paragraph>
    <Words Start="0" End="2" Block="0" Page="237" />
  </Paragraph>
  <Paragraph>
    <Words Start="3" End="3" Block="0" Page="237" />
  </Paragraph>
  <Paragraph>
    <Words Start="0" End="79" Block="1" Page="237" />
  </Paragraph>
  <Paragraph>
    <Words Start="80" End="80" Block="1" Page="237" />
  </Paragraph>
  <Paragraph>
    <Words Start="0" End="68" Block="2" Page="237" />
  </Paragraph>
  <Paragraph>
    <Words Start="69" End="69" Block="2" Page="237" />
  </Paragraph>
  <Paragraph>
    <Words Start="0" End="68" Block="0" Page="238" />
  </Paragraph>
  <Paragraph>
    <Words Start="69" End="69" Block="0" Page="238" />
  </Paragraph>
  <Paragraph>
    <Words Start="0" End="56" Block="1" Page="238" />
  </Paragraph>
  <Paragraph>
    <Words Start="57" End="57" Block="1" Page="238" />
  </Paragraph>
</Flow>