﻿<?xml version="1.0" encoding="utf-8"?>
<Flow Name="f12">
  <Paragraph>
    <Words Block="0" Page="236" />
  </Paragraph>
  <Paragraph>
    <Words Block="1" Page="236" />
  </Paragraph>
  <Paragraph>
    <Words Block="2" Page="236" />
  </Paragraph>
  <Paragraph>
    <Words Start="0" End="8" Block="3" Page="236" />
  </Paragraph>
  <Paragraph>
    <Words Start="9" End="12" Block="3" Page="236" />
  </Paragraph>
  <Paragraph>
    <Words Start="13" End="13" Block="3" Page="236" />
  </Paragraph>
</Flow>