﻿<?xml version="1.0" encoding="utf-8"?>
<Flow Name="f5">
  <Paragraph>
    <Words Start="0" End="88" Block="0" Page="12" />
  </Paragraph>
  <Paragraph>
    <Words Start="89" End="196" Block="0" Page="12" />
  </Paragraph>
  <Paragraph>
    <Words Start="0" End="57" Block="1" Page="12" />
  </Paragraph>
  <Paragraph>
    <Words Start="58" End="58" Block="1" Page="12" />
  </Paragraph>
  <Paragraph>
    <Words Start="0" End="1" Block="2" Page="12" />
  </Paragraph>
  <Paragraph>
    <Words Start="2" End="2" Block="2" Page="12" />
  </Paragraph>
  <Paragraph>
    <Words Start="0" End="40" Block="3" Page="12" />
  </Paragraph>
  <Paragraph>
    <Words Start="41" End="95" Block="3" Page="12" />
  </Paragraph>
  <Paragraph>
    <Words Start="96" End="127" Block="3" Page="12" />
  </Paragraph>
  <Paragraph>
    <Words Start="128" End="128" Block="3" Page="12" />
    <Words Start="0" End="126" Block="0" Page="13" />
  </Paragraph>
  <Paragraph>
    <Words Start="127" End="128" Block="0" Page="13" />
  </Paragraph>
  <Paragraph>
    <Words Start="129" End="129" Block="0" Page="13" />
  </Paragraph>
  <Paragraph>
    <Words Start="130" End="130" Block="0" Page="13" />
  </Paragraph>
  <Paragraph>
    <Words Start="131" End="197" Block="0" Page="13" />
    <Words Start="0" End="7" Block="1" Page="13" />
  </Paragraph>
  <Paragraph>
    <Words Start="8" End="84" Block="1" Page="13" />
  </Paragraph>
  <Paragraph>
    <Words Start="85" End="190" Block="1" Page="13" />
  </Paragraph>
  <Paragraph>
    <Words Start="191" End="196" Block="1" Page="13" />
  </Paragraph>
  <Paragraph>
    <Words Start="197" End="197" Block="1" Page="13" />
  </Paragraph>
  <Paragraph>
    <Words Start="0" End="138" Block="0" Page="14" />
  </Paragraph>
  <Paragraph>
    <Words Start="139" End="207" Block="0" Page="14" />
    <Words Start="0" End="52" Block="1" Page="14" />
  </Paragraph>
  <Paragraph>
    <Words Start="53" End="139" Block="1" Page="14" />
  </Paragraph>
  <Paragraph>
    <Words Start="140" End="209" Block="1" Page="14" />
  </Paragraph>
  <Paragraph>
    <Words Start="0" End="91" Block="0" Page="15" />
  </Paragraph>
  <Paragraph>
    <Words Start="92" End="200" Block="0" Page="15" />
    <Words Start="0" End="49" Block="1" Page="15" />
  </Paragraph>
  <Paragraph>
    <Words Start="50" End="111" Block="1" Page="15" />
  </Paragraph>
  <Paragraph>
    <Words Start="112" End="200" Block="1" Page="15" />
  </Paragraph>
</Flow>