﻿<?xml version="1.0" encoding="utf-8"?>
<Flow Name="f0">
  <Paragraph>
    <Words Block="0" Page="0" />
  </Paragraph>
  <Paragraph>
    <Words Start="0" End="4" Block="1" Page="0" />
  </Paragraph>
  <Paragraph>
    <Words Start="5" End="5" Block="1" Page="0" />
  </Paragraph>
  <Paragraph>
    <Words Start="0" End="4" Block="2" Page="0" />
  </Paragraph>
  <Paragraph>
    <Words Start="5" End="5" Block="2" Page="0" />
  </Paragraph>
  <Paragraph>
    <Words Start="6" End="6" Block="2" Page="0" />
  </Paragraph>
  <Paragraph>
    <Words Start="7" End="7" Block="2" Page="0" />
    <Words Block="3" Page="0" />
  </Paragraph>
  <Paragraph>
    <Words Block="0" Page="2" />
  </Paragraph>
</Flow>