﻿<?xml version="1.0" encoding="utf-8"?>
<Flow Name="f4">
  <Paragraph>
    <Words Start="0" End="4" Block="0" Page="10" />
  </Paragraph>
  <Paragraph>
    <Words Start="5" End="5" Block="0" Page="10" />
  </Paragraph>
  <Paragraph>
    <Words Start="0" End="103" Block="1" Page="10" />
  </Paragraph>
  <Paragraph>
    <Words Start="104" End="121" Block="1" Page="10" />
    <Words Start="0" End="74" Block="2" Page="10" />
  </Paragraph>
  <Paragraph>
    <Words Start="75" End="129" Block="2" Page="10" />
    <Words Start="0" End="10" Block="0" Page="11" />
  </Paragraph>
  <Paragraph>
    <Words Start="11" End="114" Block="0" Page="11" />
  </Paragraph>
  <Paragraph>
    <Words Start="115" End="203" Block="0" Page="11" />
  </Paragraph>
  <Paragraph>
    <Words Start="204" End="204" Block="0" Page="11" />
    <Words Start="0" End="7" Block="1" Page="11" />
  </Paragraph>
  <Paragraph>
    <Words Start="8" End="90" Block="1" Page="11" />
  </Paragraph>
  <Paragraph>
    <Words Start="91" End="131" Block="1" Page="11" />
  </Paragraph>
  <Paragraph>
    <Words Start="132" End="213" Block="1" Page="11" />
  </Paragraph>
</Flow>