﻿<?xml version="1.0" encoding="utf-8"?>
<Flow Name="f11">
  <Paragraph>
    <Words Start="0" End="1" Block="0" Page="208" />
  </Paragraph>
  <Paragraph>
    <Words Start="2" End="2" Block="0" Page="208" />
  </Paragraph>
  <Paragraph>
    <Words Start="0" End="1" Block="2" Page="208" />
  </Paragraph>
  <Paragraph>
    <Words Start="2" End="2" Block="2" Page="208" />
  </Paragraph>
  <Paragraph>
    <Words Start="0" End="8" Block="0" Page="209" />
  </Paragraph>
  <Paragraph>
    <Words Start="9" End="9" Block="0" Page="209" />
  </Paragraph>
  <Paragraph>
    <Words Start="0" End="131" Block="0" Page="210" />
  </Paragraph>
  <Paragraph>
    <Words Start="132" End="135" Block="0" Page="210" />
  </Paragraph>
  <Paragraph>
    <Words Start="136" End="136" Block="0" Page="210" />
  </Paragraph>
  <Paragraph>
    <Words Start="0" End="1" Block="0" Page="211" />
  </Paragraph>
  <Paragraph>
    <Words Start="2" End="2" Block="0" Page="211" />
  </Paragraph>
  <Paragraph>
    <Words Start="0" End="2" Block="1" Page="211" />
  </Paragraph>
  <Paragraph>
    <Words Start="3" End="3" Block="1" Page="211" />
  </Paragraph>
  <Paragraph>
    <Words Start="0" End="4" Block="2" Page="211" />
  </Paragraph>
  <Paragraph>
    <Words Start="5" End="5" Block="2" Page="211" />
  </Paragraph>
  <Paragraph>
    <Words Block="0" Page="212" />
  </Paragraph>
  <Paragraph>
    <Words Start="0" End="2" Block="2" Page="212" />
  </Paragraph>
  <Paragraph>
    <Words Start="3" End="3" Block="2" Page="212" />
  </Paragraph>
  <Paragraph>
    <Words Start="0" End="4" Block="3" Page="212" />
  </Paragraph>
  <Paragraph>
    <Words Start="5" End="5" Block="3" Page="212" />
  </Paragraph>
  <Paragraph>
    <Words Start="0" End="3" Block="0" Page="213" />
  </Paragraph>
  <Paragraph>
    <Words Start="4" End="4" Block="0" Page="213" />
  </Paragraph>
  <Paragraph>
    <Words Start="0" End="99" Block="0" Page="214" />
  </Paragraph>
  <Paragraph>
    <Words Start="100" End="102" Block="0" Page="214" />
  </Paragraph>
  <Paragraph>
    <Words Start="103" End="103" Block="0" Page="214" />
  </Paragraph>
  <Paragraph>
    <Words Block="0" Page="215" />
  </Paragraph>
  <Paragraph>
    <Words Start="0" End="74" Block="1" Page="215" />
  </Paragraph>
  <Paragraph>
    <Words Start="75" End="75" Block="1" Page="215" />
  </Paragraph>
  <Paragraph>
    <Words Start="76" End="76" Block="1" Page="215" />
  </Paragraph>
  <Paragraph>
    <Words Start="0" End="4" Block="2" Page="215" />
  </Paragraph>
  <Paragraph>
    <Words Start="5" End="5" Block="2" Page="215" />
  </Paragraph>
  <Paragraph>
    <Words Block="0" Page="216" />
  </Paragraph>
  <Paragraph>
    <Words Block="2" Page="216" />
  </Paragraph>
  <Paragraph>
    <Words Block="0" Page="217" />
  </Paragraph>
  <Paragraph>
    <Words Block="1" Page="217" />
  </Paragraph>
  <Paragraph>
    <Words Start="0" End="4" Block="2" Page="217" />
  </Paragraph>
  <Paragraph>
    <Words Start="5" End="5" Block="2" Page="217" />
  </Paragraph>
  <Paragraph>
    <Words Start="0" End="0" Block="0" Page="218" />
  </Paragraph>
  <Paragraph>
    <Words Start="1" End="1" Block="0" Page="218" />
  </Paragraph>
  <Paragraph>
    <Words Start="0" End="3" Block="2" Page="218" />
  </Paragraph>
  <Paragraph>
    <Words Start="4" End="4" Block="2" Page="218" />
  </Paragraph>
  <Paragraph>
    <Words Block="0" Page="219" />
  </Paragraph>
  <Paragraph>
    <Words Start="0" End="8" Block="1" Page="219" />
  </Paragraph>
  <Paragraph>
    <Words Start="9" End="9" Block="1" Page="219" />
  </Paragraph>
  <Paragraph>
    <Words Start="0" End="4" Block="2" Page="219" />
  </Paragraph>
  <Paragraph>
    <Words Start="5" End="5" Block="2" Page="219" />
  </Paragraph>
  <Paragraph>
    <Words Block="0" Page="220" />
  </Paragraph>
  <Paragraph>
    <Words Start="0" End="13" Block="2" Page="220" />
  </Paragraph>
  <Paragraph>
    <Words Start="14" End="14" Block="2" Page="220" />
  </Paragraph>
  <Paragraph>
    <Words Start="0" End="4" Block="3" Page="220" />
  </Paragraph>
  <Paragraph>
    <Words Start="5" End="5" Block="3" Page="220" />
  </Paragraph>
  <Paragraph>
    <Words Start="0" End="1" Block="0" Page="221" />
  </Paragraph>
  <Paragraph>
    <Words Start="2" End="2" Block="0" Page="221" />
  </Paragraph>
  <Paragraph>
    <Words Start="0" End="65" Block="0" Page="222" />
  </Paragraph>
  <Paragraph>
    <Words Start="66" End="69" Block="0" Page="222" />
  </Paragraph>
  <Paragraph>
    <Words Start="70" End="70" Block="0" Page="222" />
  </Paragraph>
  <Paragraph>
    <Words Start="0" End="24" Block="0" Page="223" />
  </Paragraph>
  <Paragraph>
    <Words Start="25" End="87" Block="0" Page="223" />
  </Paragraph>
  <Paragraph>
    <Words Start="0" End="3" Block="1" Page="223" />
  </Paragraph>
  <Paragraph>
    <Words Start="4" End="4" Block="1" Page="223" />
  </Paragraph>
  <Paragraph>
    <Words Start="0" End="3" Block="0" Page="224" />
  </Paragraph>
  <Paragraph>
    <Words Start="4" End="4" Block="0" Page="224" />
  </Paragraph>
  <Paragraph>
    <Words Start="0" End="6" Block="0" Page="225" />
  </Paragraph>
  <Paragraph>
    <Words Start="7" End="7" Block="0" Page="225" />
  </Paragraph>
  <Paragraph>
    <Words Start="0" End="37" Block="1" Page="225" />
  </Paragraph>
  <Paragraph>
    <Words Start="38" End="38" Block="1" Page="225" />
  </Paragraph>
  <Paragraph>
    <Words Start="0" End="44" Block="1" Page="226" />
  </Paragraph>
  <Paragraph>
    <Words Start="45" End="50" Block="1" Page="226" />
  </Paragraph>
  <Paragraph>
    <Words Start="51" End="51" Block="1" Page="226" />
  </Paragraph>
  <Paragraph>
    <Words Start="0" End="4" Block="0" Page="227" />
  </Paragraph>
  <Paragraph>
    <Words Start="5" End="5" Block="0" Page="227" />
  </Paragraph>
  <Paragraph>
    <Words Start="0" End="36" Block="1" Page="227" />
  </Paragraph>
  <Paragraph>
    <Words Start="37" End="41" Block="1" Page="227" />
  </Paragraph>
  <Paragraph>
    <Words Start="42" End="42" Block="1" Page="227" />
  </Paragraph>
  <Paragraph>
    <Words Block="0" Page="229" />
  </Paragraph>
  <Paragraph>
    <Words Start="0" End="108" Block="0" Page="230" />
  </Paragraph>
  <Paragraph>
    <Words Start="109" End="114" Block="0" Page="230" />
  </Paragraph>
  <Paragraph>
    <Words Start="115" End="115" Block="0" Page="230" />
  </Paragraph>
  <Paragraph>
    <Words Block="0" Page="231" />
  </Paragraph>
  <Paragraph>
    <Words Start="0" End="14" Block="1" Page="231" />
  </Paragraph>
  <Paragraph>
    <Words Start="15" End="15" Block="1" Page="231" />
  </Paragraph>
  <Paragraph>
    <Words Start="0" End="2" Block="0" Page="232" />
  </Paragraph>
  <Paragraph>
    <Words Start="3" End="3" Block="0" Page="232" />
  </Paragraph>
  <Paragraph>
    <Words Start="0" End="20" Block="2" Page="232" />
  </Paragraph>
  <Paragraph>
    <Words Start="21" End="21" Block="2" Page="232" />
  </Paragraph>
  <Paragraph>
    <Words Block="0" Page="233" />
  </Paragraph>
  <Paragraph>
    <Words Block="1" Page="233" />
  </Paragraph>
</Flow>