﻿<?xml version="1.0" encoding="utf-8"?>
<Flow Name="f7">
  <Paragraph>
    <Words Start="0" End="3" Block="0" Page="19" />
  </Paragraph>
  <Paragraph>
    <Words Start="4" End="4" Block="0" Page="19" />
  </Paragraph>
  <Paragraph>
    <Words Block="1" Page="19" />
  </Paragraph>
  <Paragraph>
    <Words Block="0" Page="20" />
    <Words Block="1" Page="20" />
  </Paragraph>
  <Paragraph>
    <Words Block="2" Page="20" />
  </Paragraph>
  <Paragraph>
    <Words Start="0" End="4" Block="4" Page="20" />
  </Paragraph>
  <Paragraph>
    <Words Start="5" End="5" Block="4" Page="20" />
  </Paragraph>
  <Paragraph>
    <Words Start="0" End="30" Block="5" Page="20" />
  </Paragraph>
  <Paragraph>
    <Words Start="31" End="31" Block="5" Page="20" />
  </Paragraph>
</Flow>