﻿<?xml version="1.0" encoding="utf-8"?>
<Flow Name="f10">
  <Paragraph>
    <Words Start="0" End="3" Block="0" Page="150" />
  </Paragraph>
  <Paragraph>
    <Words Start="4" End="4" Block="0" Page="150" />
  </Paragraph>
  <Paragraph>
    <Words Start="0" End="3" Block="2" Page="150" />
  </Paragraph>
  <Paragraph>
    <Words Start="4" End="4" Block="2" Page="150" />
  </Paragraph>
  <Paragraph>
    <Words Start="0" End="2" Block="0" Page="151" />
  </Paragraph>
  <Paragraph>
    <Words Start="3" End="3" Block="0" Page="151" />
  </Paragraph>
  <Paragraph>
    <Words Start="0" End="8" Block="1" Page="151" />
  </Paragraph>
  <Paragraph>
    <Words Start="9" End="9" Block="1" Page="151" />
  </Paragraph>
  <Paragraph>
    <Words Block="0" Page="153" />
  </Paragraph>
  <Paragraph>
    <Words Block="0" Page="154" />
  </Paragraph>
  <Paragraph>
    <Words Block="1" Page="154" />
  </Paragraph>
  <Paragraph>
    <Words Start="0" End="2" Block="3" Page="154" />
  </Paragraph>
  <Paragraph>
    <Words Start="3" End="3" Block="3" Page="154" />
  </Paragraph>
  <Paragraph>
    <Words Start="0" End="3" Block="0" Page="155" />
  </Paragraph>
  <Paragraph>
    <Words Start="4" End="4" Block="0" Page="155" />
  </Paragraph>
  <Paragraph>
    <Words Start="0" End="26" Block="1" Page="155" />
  </Paragraph>
  <Paragraph>
    <Words Start="27" End="28" Block="1" Page="155" />
  </Paragraph>
  <Paragraph>
    <Words Start="29" End="29" Block="1" Page="155" />
  </Paragraph>
  <Paragraph>
    <Words Start="0" End="4" Block="2" Page="155" />
  </Paragraph>
  <Paragraph>
    <Words Start="5" End="5" Block="2" Page="155" />
  </Paragraph>
  <Paragraph>
    <Words Block="0" Page="156" />
  </Paragraph>
  <Paragraph>
    <Words Block="2" Page="156" />
  </Paragraph>
  <Paragraph>
    <Words Start="0" End="3" Block="0" Page="157" />
  </Paragraph>
  <Paragraph>
    <Words Start="4" End="4" Block="0" Page="157" />
  </Paragraph>
  <Paragraph>
    <Words Start="0" End="38" Block="1" Page="157" />
  </Paragraph>
  <Paragraph>
    <Words Start="39" End="39" Block="1" Page="157" />
  </Paragraph>
  <Paragraph>
    <Words Start="0" End="2" Block="0" Page="159" />
  </Paragraph>
  <Paragraph>
    <Words Start="3" End="3" Block="0" Page="159" />
  </Paragraph>
  <Paragraph>
    <Words Block="1" Page="159" />
  </Paragraph>
  <Paragraph>
    <Words Start="0" End="4" Block="2" Page="159" />
  </Paragraph>
  <Paragraph>
    <Words Start="5" End="5" Block="2" Page="159" />
  </Paragraph>
  <Paragraph>
    <Words Start="0" End="3" Block="0" Page="160" />
  </Paragraph>
  <Paragraph>
    <Words Start="4" End="4" Block="0" Page="160" />
  </Paragraph>
  <Paragraph>
    <Words Block="2" Page="160" />
  </Paragraph>
  <Paragraph>
    <Words Start="0" End="4" Block="3" Page="160" />
  </Paragraph>
  <Paragraph>
    <Words Start="5" End="5" Block="3" Page="160" />
  </Paragraph>
  <Paragraph>
    <Words Start="0" End="2" Block="0" Page="161" />
  </Paragraph>
  <Paragraph>
    <Words Start="3" End="3" Block="0" Page="161" />
  </Paragraph>
  <Paragraph>
    <Words Start="0" End="14" Block="1" Page="161" />
  </Paragraph>
  <Paragraph>
    <Words Start="15" End="15" Block="1" Page="161" />
  </Paragraph>
  <Paragraph>
    <Words Block="0" Page="162" />
  </Paragraph>
  <Paragraph>
    <Words Start="0" End="4" Block="2" Page="162" />
  </Paragraph>
  <Paragraph>
    <Words Start="5" End="5" Block="2" Page="162" />
  </Paragraph>
  <Paragraph>
    <Words Start="0" End="43" Block="0" Page="163" />
  </Paragraph>
  <Paragraph>
    <Words Start="44" End="137" Block="0" Page="163" />
  </Paragraph>
  <Paragraph>
    <Words Start="138" End="140" Block="0" Page="163" />
  </Paragraph>
  <Paragraph>
    <Words Start="141" End="240" Block="0" Page="163" />
  </Paragraph>
  <Paragraph>
    <Words Start="241" End="427" Block="0" Page="163" />
  </Paragraph>
  <Paragraph>
    <Words Start="428" End="429" Block="0" Page="163" />
  </Paragraph>
  <Paragraph>
    <Words Start="430" End="430" Block="0" Page="163" />
  </Paragraph>
  <Paragraph>
    <Words Start="0" End="4" Block="1" Page="164" />
  </Paragraph>
  <Paragraph>
    <Words Start="5" End="5" Block="1" Page="164" />
  </Paragraph>
  <Paragraph>
    <Words Block="0" Page="165" />
  </Paragraph>
  <Paragraph>
    <Words Block="1" Page="165" />
    <Words Start="0" End="7" Block="1" Page="166" />
  </Paragraph>
  <Paragraph>
    <Words Start="8" End="8" Block="1" Page="166" />
  </Paragraph>
  <Paragraph>
    <Words Start="0" End="4" Block="0" Page="167" />
  </Paragraph>
  <Paragraph>
    <Words Start="5" End="5" Block="0" Page="167" />
  </Paragraph>
  <Paragraph>
    <Words Start="0" End="22" Block="1" Page="167" />
  </Paragraph>
  <Paragraph>
    <Words Start="23" End="23" Block="1" Page="167" />
    <Words Start="0" End="7" Block="1" Page="168" />
  </Paragraph>
  <Paragraph>
    <Words Start="8" End="8" Block="1" Page="168" />
  </Paragraph>
  <Paragraph>
    <Words Block="0" Page="169" />
  </Paragraph>
  <Paragraph>
    <Words Block="1" Page="169" />
  </Paragraph>
  <Paragraph>
    <Words Start="0" End="2" Block="0" Page="170" />
  </Paragraph>
  <Paragraph>
    <Words Start="3" End="3" Block="0" Page="170" />
  </Paragraph>
  <Paragraph>
    <Words Start="0" End="80" Block="2" Page="170" />
  </Paragraph>
  <Paragraph>
    <Words Start="81" End="83" Block="2" Page="170" />
  </Paragraph>
  <Paragraph>
    <Words Start="84" End="84" Block="2" Page="170" />
  </Paragraph>
  <Paragraph>
    <Words Start="0" End="4" Block="0" Page="171" />
  </Paragraph>
  <Paragraph>
    <Words Start="5" End="5" Block="0" Page="171" />
  </Paragraph>
  <Paragraph>
    <Words Block="1" Page="171" />
  </Paragraph>
  <Paragraph>
    <Words Start="0" End="0" Block="0" Page="173" />
  </Paragraph>
  <Paragraph>
    <Words Start="1" End="1" Block="0" Page="173" />
  </Paragraph>
  <Paragraph>
    <Words Start="0" End="48" Block="1" Page="173" />
  </Paragraph>
  <Paragraph>
    <Words Start="49" End="49" Block="1" Page="173" />
  </Paragraph>
  <Paragraph>
    <Words Start="0" End="4" Block="2" Page="173" />
  </Paragraph>
  <Paragraph>
    <Words Start="5" End="5" Block="2" Page="173" />
  </Paragraph>
  <Paragraph>
    <Words Block="0" Page="174" />
  </Paragraph>
  <Paragraph>
    <Words Block="2" Page="174" />
  </Paragraph>
  <Paragraph>
    <Words Start="0" End="4" Block="3" Page="174" />
  </Paragraph>
  <Paragraph>
    <Words Start="5" End="5" Block="3" Page="174" />
  </Paragraph>
  <Paragraph>
    <Words Block="0" Page="175" />
  </Paragraph>
  <Paragraph>
    <Words Block="1" Page="175" />
  </Paragraph>
  <Paragraph>
    <Words Block="0" Page="177" />
  </Paragraph>
  <Paragraph>
    <Words Block="1" Page="177" />
  </Paragraph>
  <Paragraph>
    <Words Block="0" Page="179" />
  </Paragraph>
  <Paragraph>
    <Words Block="1" Page="179" />
  </Paragraph>
  <Paragraph>
    <Words Block="0" Page="180" />
  </Paragraph>
  <Paragraph>
    <Words Block="2" Page="180" />
  </Paragraph>
  <Paragraph>
    <Words Start="0" End="4" Block="3" Page="180" />
  </Paragraph>
  <Paragraph>
    <Words Start="5" End="5" Block="3" Page="180" />
  </Paragraph>
  <Paragraph>
    <Words Block="0" Page="181" />
  </Paragraph>
  <Paragraph>
    <Words Start="0" End="31" Block="1" Page="181" />
  </Paragraph>
  <Paragraph>
    <Words Start="32" End="32" Block="1" Page="181" />
  </Paragraph>
  <Paragraph>
    <Words Block="1" Page="182" />
  </Paragraph>
  <Paragraph>
    <Words Block="0" Page="183" />
  </Paragraph>
  <Paragraph>
    <Words Block="1" Page="183" />
  </Paragraph>
  <Paragraph>
    <Words Start="0" End="4" Block="1" Page="184" />
  </Paragraph>
  <Paragraph>
    <Words Start="5" End="5" Block="1" Page="184" />
  </Paragraph>
  <Paragraph>
    <Words Block="0" Page="185" />
  </Paragraph>
  <Paragraph>
    <Words Block="1" Page="185" />
    <Words Start="0" End="32" Block="1" Page="186" />
  </Paragraph>
  <Paragraph>
    <Words Start="33" End="35" Block="1" Page="186" />
  </Paragraph>
  <Paragraph>
    <Words Start="36" End="36" Block="1" Page="186" />
  </Paragraph>
  <Paragraph>
    <Words Block="2" Page="186" />
  </Paragraph>
  <Paragraph>
    <Words Start="0" End="4" Block="0" Page="187" />
  </Paragraph>
  <Paragraph>
    <Words Start="5" End="5" Block="0" Page="187" />
  </Paragraph>
  <Paragraph>
    <Words Start="0" End="34" Block="1" Page="187" />
  </Paragraph>
  <Paragraph>
    <Words Start="35" End="36" Block="1" Page="187" />
  </Paragraph>
  <Paragraph>
    <Words Start="37" End="37" Block="1" Page="187" />
  </Paragraph>
  <Paragraph>
    <Words Start="0" End="1" Block="0" Page="189" />
  </Paragraph>
  <Paragraph>
    <Words Start="2" End="2" Block="0" Page="189" />
  </Paragraph>
  <Paragraph>
    <Words Start="0" End="9" Block="1" Page="189" />
  </Paragraph>
  <Paragraph>
    <Words Start="10" End="10" Block="1" Page="189" />
  </Paragraph>
  <Paragraph>
    <Words Block="0" Page="190" />
  </Paragraph>
  <Paragraph>
    <Words Start="0" End="71" Block="2" Page="190" />
  </Paragraph>
  <Paragraph>
    <Words Start="72" End="73" Block="2" Page="190" />
  </Paragraph>
  <Paragraph>
    <Words Start="74" End="74" Block="2" Page="190" />
  </Paragraph>
  <Paragraph>
    <Words Start="0" End="1" Block="0" Page="191" />
  </Paragraph>
  <Paragraph>
    <Words Start="2" End="2" Block="0" Page="191" />
  </Paragraph>
  <Paragraph>
    <Words Block="1" Page="191" />
  </Paragraph>
  <Paragraph>
    <Words Block="0" Page="192" />
  </Paragraph>
  <Paragraph>
    <Words Start="0" End="28" Block="2" Page="192" />
  </Paragraph>
  <Paragraph>
    <Words Start="29" End="29" Block="2" Page="192" />
  </Paragraph>
  <Paragraph>
    <Words Start="0" End="1" Block="0" Page="193" />
  </Paragraph>
  <Paragraph>
    <Words Start="2" End="2" Block="0" Page="193" />
  </Paragraph>
  <Paragraph>
    <Words Start="0" End="19" Block="1" Page="193" />
  </Paragraph>
  <Paragraph>
    <Words Start="20" End="20" Block="1" Page="193" />
  </Paragraph>
  <Paragraph>
    <Words Start="0" End="4" Block="1" Page="194" />
  </Paragraph>
  <Paragraph>
    <Words Start="5" End="5" Block="1" Page="194" />
  </Paragraph>
  <Paragraph>
    <Words Block="0" Page="195" />
  </Paragraph>
  <Paragraph>
    <Words Start="0" End="15" Block="1" Page="195" />
  </Paragraph>
  <Paragraph>
    <Words Start="16" End="16" Block="1" Page="195" />
  </Paragraph>
  <Paragraph>
    <Words Start="0" End="2" Block="0" Page="196" />
  </Paragraph>
  <Paragraph>
    <Words Start="3" End="3" Block="0" Page="196" />
  </Paragraph>
  <Paragraph>
    <Words Block="2" Page="196" />
  </Paragraph>
  <Paragraph>
    <Words Block="0" Page="197" />
  </Paragraph>
  <Paragraph>
    <Words Block="1" Page="197" />
  </Paragraph>
  <Paragraph>
    <Words Start="0" End="4" Block="0" Page="198" />
  </Paragraph>
  <Paragraph>
    <Words Start="5" End="5" Block="0" Page="198" />
  </Paragraph>
  <Paragraph>
    <Words Start="0" End="24" Block="2" Page="198" />
  </Paragraph>
  <Paragraph>
    <Words Start="25" End="26" Block="2" Page="198" />
  </Paragraph>
  <Paragraph>
    <Words Start="27" End="27" Block="2" Page="198" />
  </Paragraph>
  <Paragraph>
    <Words Start="0" End="1" Block="3" Page="198" />
  </Paragraph>
  <Paragraph>
    <Words Start="2" End="2" Block="3" Page="198" />
  </Paragraph>
  <Paragraph>
    <Words Start="0" End="4" Block="4" Page="198" />
  </Paragraph>
  <Paragraph>
    <Words Start="5" End="5" Block="4" Page="198" />
  </Paragraph>
  <Paragraph>
    <Words Start="0" End="0" Block="0" Page="199" />
  </Paragraph>
  <Paragraph>
    <Words Start="1" End="1" Block="0" Page="199" />
  </Paragraph>
  <Paragraph>
    <Words Start="0" End="99" Block="0" Page="200" />
  </Paragraph>
  <Paragraph>
    <Words Start="100" End="102" Block="0" Page="200" />
  </Paragraph>
  <Paragraph>
    <Words Start="103" End="103" Block="0" Page="200" />
  </Paragraph>
  <Paragraph>
    <Words Block="0" Page="201" />
  </Paragraph>
  <Paragraph>
    <Words Start="0" End="7" Block="1" Page="201" />
  </Paragraph>
  <Paragraph>
    <Words Start="8" End="8" Block="1" Page="201" />
  </Paragraph>
  <Paragraph>
    <Words Start="0" End="4" Block="1" Page="202" />
  </Paragraph>
  <Paragraph>
    <Words Start="5" End="5" Block="1" Page="202" />
  </Paragraph>
  <Paragraph>
    <Words Block="0" Page="203" />
  </Paragraph>
  <Paragraph>
    <Words Block="1" Page="203" />
  </Paragraph>
  <Paragraph>
    <Words Block="0" Page="204" />
  </Paragraph>
  <Paragraph>
    <Words Start="0" End="17" Block="2" Page="204" />
  </Paragraph>
  <Paragraph>
    <Words Start="18" End="18" Block="2" Page="204" />
  </Paragraph>
  <Paragraph>
    <Words Start="0" End="2" Block="0" Page="205" />
  </Paragraph>
  <Paragraph>
    <Words Start="3" End="3" Block="0" Page="205" />
  </Paragraph>
  <Paragraph>
    <Words Start="0" End="9" Block="1" Page="205" />
  </Paragraph>
  <Paragraph>
    <Words Start="10" End="10" Block="1" Page="205" />
  </Paragraph>
  <Paragraph>
    <Words Start="0" End="2" Block="0" Page="206" />
  </Paragraph>
  <Paragraph>
    <Words Start="3" End="3" Block="0" Page="206" />
  </Paragraph>
  <Paragraph>
    <Words Block="2" Page="206" />
  </Paragraph>
</Flow>