﻿<?xml version="1.0" encoding="utf-8"?>
<Flow Name="f8">
  <Paragraph>
    <Words Start="0" End="0" Block="0" Page="22" />
  </Paragraph>
  <Paragraph>
    <Words Start="1" End="1" Block="0" Page="22" />
  </Paragraph>
  <Paragraph>
    <Words Start="0" End="2" Block="0" Page="23" />
  </Paragraph>
  <Paragraph>
    <Words Start="3" End="3" Block="0" Page="23" />
  </Paragraph>
  <Paragraph>
    <Words Block="1" Page="23" />
  </Paragraph>
  <Paragraph>
    <Words Start="0" End="6" Block="2" Page="23" />
  </Paragraph>
  <Paragraph>
    <Words Start="7" End="12" Block="2" Page="23" />
  </Paragraph>
  <Paragraph>
    <Words Start="13" End="13" Block="2" Page="23" />
  </Paragraph>
  <Paragraph>
    <Words Start="0" End="2" Block="0" Page="24" />
  </Paragraph>
  <Paragraph>
    <Words Start="3" End="3" Block="0" Page="24" />
  </Paragraph>
  <Paragraph>
    <Words Start="0" End="37" Block="2" Page="24" />
  </Paragraph>
  <Paragraph>
    <Words Start="38" End="38" Block="2" Page="24" />
  </Paragraph>
  <Paragraph>
    <Words Block="0" Page="25" />
  </Paragraph>
  <Paragraph>
    <Words Block="1" Page="25" />
  </Paragraph>
  <Paragraph>
    <Words Start="0" End="2" Block="0" Page="26" />
  </Paragraph>
  <Paragraph>
    <Words Start="3" End="3" Block="0" Page="26" />
  </Paragraph>
  <Paragraph>
    <Words Start="0" End="18" Block="2" Page="26" />
  </Paragraph>
  <Paragraph>
    <Words Start="19" End="19" Block="2" Page="26" />
  </Paragraph>
  <Paragraph>
    <Words Block="0" Page="27" />
  </Paragraph>
  <Paragraph>
    <Words Start="0" End="21" Block="1" Page="27" />
  </Paragraph>
  <Paragraph>
    <Words Start="22" End="29" Block="1" Page="27" />
  </Paragraph>
  <Paragraph>
    <Words Start="30" End="39" Block="1" Page="27" />
  </Paragraph>
  <Paragraph>
    <Words Start="40" End="40" Block="1" Page="27" />
  </Paragraph>
  <Paragraph>
    <Words Block="0" Page="28" />
  </Paragraph>
  <Paragraph>
    <Words Start="0" End="11" Block="2" Page="28" />
  </Paragraph>
  <Paragraph>
    <Words Start="12" End="12" Block="2" Page="28" />
  </Paragraph>
  <Paragraph>
    <Words Start="0" End="17" Block="3" Page="28" />
  </Paragraph>
  <Paragraph>
    <Words Start="18" End="18" Block="3" Page="28" />
  </Paragraph>
  <Paragraph>
    <Words Start="0" End="2" Block="0" Page="29" />
  </Paragraph>
  <Paragraph>
    <Words Start="3" End="3" Block="0" Page="29" />
  </Paragraph>
  <Paragraph>
    <Words Start="0" End="35" Block="1" Page="29" />
  </Paragraph>
  <Paragraph>
    <Words Start="36" End="36" Block="1" Page="29" />
  </Paragraph>
  <Paragraph>
    <Words Start="0" End="17" Block="1" Page="30" />
  </Paragraph>
  <Paragraph>
    <Words Start="18" End="18" Block="1" Page="30" />
  </Paragraph>
  <Paragraph>
    <Words Start="0" End="4" Block="0" Page="31" />
  </Paragraph>
  <Paragraph>
    <Words Start="5" End="5" Block="0" Page="31" />
  </Paragraph>
  <Paragraph>
    <Words Start="0" End="12" Block="1" Page="31" />
  </Paragraph>
  <Paragraph>
    <Words Start="13" End="13" Block="1" Page="31" />
  </Paragraph>
  <Paragraph>
    <Words Start="0" End="4" Block="0" Page="33" />
  </Paragraph>
  <Paragraph>
    <Words Start="5" End="5" Block="0" Page="33" />
  </Paragraph>
  <Paragraph>
    <Words Start="0" End="46" Block="1" Page="33" />
  </Paragraph>
  <Paragraph>
    <Words Start="47" End="47" Block="1" Page="33" />
    <Words Start="0" End="16" Block="1" Page="34" />
  </Paragraph>
  <Paragraph>
    <Words Start="17" End="21" Block="1" Page="34" />
  </Paragraph>
  <Paragraph>
    <Words Start="22" End="22" Block="1" Page="34" />
  </Paragraph>
  <Paragraph>
    <Words Start="0" End="5" Block="0" Page="35" />
  </Paragraph>
  <Paragraph>
    <Words Start="6" End="6" Block="0" Page="35" />
  </Paragraph>
  <Paragraph>
    <Words Block="1" Page="35" />
  </Paragraph>
  <Paragraph>
    <Words Start="0" End="4" Block="2" Page="35" />
  </Paragraph>
  <Paragraph>
    <Words Start="5" End="5" Block="2" Page="35" />
  </Paragraph>
  <Paragraph>
    <Words Block="0" Page="36" />
  </Paragraph>
  <Paragraph>
    <Words Block="2" Page="36" />
  </Paragraph>
  <Paragraph>
    <Words Start="0" End="22" Block="3" Page="36" />
  </Paragraph>
  <Paragraph>
    <Words Start="23" End="23" Block="3" Page="36" />
  </Paragraph>
  <Paragraph>
    <Words Start="0" End="3" Block="0" Page="37" />
  </Paragraph>
  <Paragraph>
    <Words Start="4" End="4" Block="0" Page="37" />
  </Paragraph>
  <Paragraph>
    <Words Start="0" End="26" Block="1" Page="37" />
  </Paragraph>
  <Paragraph>
    <Words Start="27" End="27" Block="1" Page="37" />
  </Paragraph>
  <Paragraph>
    <Words Start="0" End="22" Block="2" Page="37" />
  </Paragraph>
  <Paragraph>
    <Words Start="23" End="23" Block="2" Page="37" />
  </Paragraph>
  <Paragraph>
    <Words Start="0" End="104" Block="0" Page="38" />
  </Paragraph>
  <Paragraph>
    <Words Start="105" End="128" Block="0" Page="38" />
  </Paragraph>
  <Paragraph>
    <Words Start="129" End="135" Block="0" Page="38" />
  </Paragraph>
  <Paragraph>
    <Words Start="136" End="146" Block="0" Page="38" />
  </Paragraph>
  <Paragraph>
    <Words Start="147" End="147" Block="0" Page="38" />
  </Paragraph>
  <Paragraph>
    <Words Start="148" End="148" Block="0" Page="38" />
  </Paragraph>
  <Paragraph>
    <Words Block="0" Page="39" />
  </Paragraph>
  <Paragraph>
    <Words Start="0" End="13" Block="1" Page="39" />
  </Paragraph>
  <Paragraph>
    <Words Start="14" End="14" Block="1" Page="39" />
  </Paragraph>
  <Paragraph>
    <Words Start="0" End="22" Block="2" Page="39" />
  </Paragraph>
  <Paragraph>
    <Words Start="23" End="23" Block="2" Page="39" />
  </Paragraph>
  <Paragraph>
    <Words Start="0" End="3" Block="0" Page="40" />
  </Paragraph>
  <Paragraph>
    <Words Start="4" End="4" Block="0" Page="40" />
  </Paragraph>
  <Paragraph>
    <Words Start="0" End="13" Block="2" Page="40" />
  </Paragraph>
  <Paragraph>
    <Words Start="14" End="14" Block="2" Page="40" />
  </Paragraph>
  <Paragraph>
    <Words Start="0" End="3" Block="0" Page="41" />
  </Paragraph>
  <Paragraph>
    <Words Start="4" End="4" Block="0" Page="41" />
  </Paragraph>
  <Paragraph>
    <Words Start="0" End="74" Block="1" Page="41" />
  </Paragraph>
  <Paragraph>
    <Words Start="75" End="188" Block="1" Page="41" />
  </Paragraph>
  <Paragraph>
    <Words Start="189" End="200" Block="1" Page="41" />
  </Paragraph>
  <Paragraph>
    <Words Start="201" End="201" Block="1" Page="41" />
  </Paragraph>
  <Paragraph>
    <Words Start="0" End="71" Block="0" Page="42" />
  </Paragraph>
  <Paragraph>
    <Words Start="72" End="183" Block="0" Page="42" />
  </Paragraph>
  <Paragraph>
    <Words Start="184" End="184" Block="0" Page="42" />
  </Paragraph>
  <Paragraph>
    <Words Start="185" End="185" Block="0" Page="42" />
  </Paragraph>
  <Paragraph>
    <Words Start="0" End="3" Block="0" Page="43" />
  </Paragraph>
  <Paragraph>
    <Words Start="4" End="4" Block="0" Page="43" />
  </Paragraph>
  <Paragraph>
    <Words Start="0" End="3" Block="0" Page="44" />
  </Paragraph>
  <Paragraph>
    <Words Start="4" End="4" Block="0" Page="44" />
  </Paragraph>
  <Paragraph>
    <Words Block="2" Page="44" />
  </Paragraph>
  <Paragraph>
    <Words Start="0" End="3" Block="0" Page="45" />
  </Paragraph>
  <Paragraph>
    <Words Start="4" End="4" Block="0" Page="45" />
  </Paragraph>
  <Paragraph>
    <Words Block="1" Page="45" />
  </Paragraph>
  <Paragraph>
    <Words Start="0" End="3" Block="0" Page="46" />
  </Paragraph>
  <Paragraph>
    <Words Start="4" End="4" Block="0" Page="46" />
  </Paragraph>
  <Paragraph>
    <Words Start="0" End="23" Block="2" Page="46" />
  </Paragraph>
  <Paragraph>
    <Words Start="24" End="24" Block="2" Page="46" />
  </Paragraph>
  <Paragraph>
    <Words Start="0" End="2" Block="0" Page="47" />
  </Paragraph>
  <Paragraph>
    <Words Start="3" End="3" Block="0" Page="47" />
  </Paragraph>
  <Paragraph>
    <Words Start="0" End="45" Block="1" Page="47" />
  </Paragraph>
  <Paragraph>
    <Words Start="46" End="51" Block="1" Page="47" />
  </Paragraph>
  <Paragraph>
    <Words Start="52" End="56" Block="1" Page="47" />
  </Paragraph>
  <Paragraph>
    <Words Start="57" End="57" Block="1" Page="47" />
  </Paragraph>
  <Paragraph>
    <Words Block="0" Page="49" />
  </Paragraph>
  <Paragraph>
    <Words Block="1" Page="49" />
  </Paragraph>
  <Paragraph>
    <Words Start="0" End="5" Block="1" Page="50" />
  </Paragraph>
  <Paragraph>
    <Words Start="6" End="10" Block="1" Page="50" />
  </Paragraph>
  <Paragraph>
    <Words Start="11" End="11" Block="1" Page="50" />
  </Paragraph>
  <Paragraph>
    <Words Block="0" Page="51" />
  </Paragraph>
  <Paragraph>
    <Words Start="0" End="64" Block="1" Page="51" />
  </Paragraph>
  <Paragraph>
    <Words Start="65" End="65" Block="1" Page="51" />
    <Words Block="1" Page="52" />
  </Paragraph>
  <Paragraph>
    <Words Start="0" End="5" Block="2" Page="52" />
  </Paragraph>
  <Paragraph>
    <Words Start="6" End="10" Block="2" Page="52" />
  </Paragraph>
  <Paragraph>
    <Words Start="11" End="11" Block="2" Page="52" />
  </Paragraph>
  <Paragraph>
    <Words Block="0" Page="53" />
  </Paragraph>
  <Paragraph>
    <Words Block="1" Page="53" />
  </Paragraph>
  <Paragraph>
    <Words Start="0" End="3" Block="0" Page="54" />
  </Paragraph>
  <Paragraph>
    <Words Start="4" End="4" Block="0" Page="54" />
  </Paragraph>
  <Paragraph>
    <Words Start="0" End="38" Block="2" Page="54" />
  </Paragraph>
  <Paragraph>
    <Words Start="39" End="39" Block="2" Page="54" />
  </Paragraph>
  <Paragraph>
    <Words Start="0" End="2" Block="0" Page="55" />
  </Paragraph>
  <Paragraph>
    <Words Start="3" End="3" Block="0" Page="55" />
  </Paragraph>
  <Paragraph>
    <Words Start="0" End="123" Block="0" Page="56" />
  </Paragraph>
  <Paragraph>
    <Words Start="124" End="127" Block="0" Page="56" />
  </Paragraph>
  <Paragraph>
    <Words Start="128" End="128" Block="0" Page="56" />
  </Paragraph>
  <Paragraph>
    <Words Start="0" End="2" Block="0" Page="57" />
  </Paragraph>
  <Paragraph>
    <Words Start="3" End="3" Block="0" Page="57" />
  </Paragraph>
  <Paragraph>
    <Words Start="0" End="34" Block="1" Page="57" />
  </Paragraph>
  <Paragraph>
    <Words Start="35" End="35" Block="1" Page="57" />
  </Paragraph>
  <Paragraph>
    <Words Start="0" End="0" Block="0" Page="58" />
  </Paragraph>
  <Paragraph>
    <Words Start="1" End="1" Block="0" Page="58" />
  </Paragraph>
  <Paragraph>
    <Words Block="2" Page="58" />
  </Paragraph>
  <Paragraph>
    <Words Block="0" Page="59" />
  </Paragraph>
  <Paragraph>
    <Words Block="1" Page="59" />
  </Paragraph>
  <Paragraph>
    <Words Block="2" Page="59" />
  </Paragraph>
  <Paragraph>
    <Words Start="0" End="15" Block="3" Page="59" />
  </Paragraph>
  <Paragraph>
    <Words Start="16" End="16" Block="3" Page="59" />
  </Paragraph>
  <Paragraph>
    <Words Start="0" End="1" Block="0" Page="60" />
  </Paragraph>
  <Paragraph>
    <Words Start="2" End="2" Block="0" Page="60" />
  </Paragraph>
  <Paragraph>
    <Words Start="0" End="19" Block="2" Page="60" />
  </Paragraph>
  <Paragraph>
    <Words Start="20" End="20" Block="2" Page="60" />
  </Paragraph>
  <Paragraph>
    <Words Start="0" End="5" Block="3" Page="60" />
  </Paragraph>
  <Paragraph>
    <Words Start="6" End="9" Block="3" Page="60" />
  </Paragraph>
  <Paragraph>
    <Words Start="10" End="10" Block="3" Page="60" />
  </Paragraph>
  <Paragraph>
    <Words Start="0" End="2" Block="0" Page="61" />
  </Paragraph>
  <Paragraph>
    <Words Start="3" End="3" Block="0" Page="61" />
  </Paragraph>
  <Paragraph>
    <Words Start="0" End="8" Block="1" Page="61" />
  </Paragraph>
  <Paragraph>
    <Words Start="9" End="9" Block="1" Page="61" />
  </Paragraph>
  <Paragraph>
    <Words Start="0" End="2" Block="0" Page="63" />
  </Paragraph>
  <Paragraph>
    <Words Start="3" End="3" Block="0" Page="63" />
  </Paragraph>
  <Paragraph>
    <Words Start="0" End="10" Block="1" Page="63" />
  </Paragraph>
  <Paragraph>
    <Words Start="11" End="11" Block="1" Page="63" />
  </Paragraph>
  <Paragraph>
    <Words Start="0" End="4" Block="1" Page="64" />
  </Paragraph>
  <Paragraph>
    <Words Start="5" End="5" Block="1" Page="64" />
  </Paragraph>
  <Paragraph>
    <Words Block="0" Page="65" />
  </Paragraph>
  <Paragraph>
    <Words Start="0" End="3" Block="1" Page="65" />
  </Paragraph>
  <Paragraph>
    <Words Start="4" End="4" Block="1" Page="65" />
  </Paragraph>
  <Paragraph>
    <Words Start="0" End="2" Block="0" Page="67" />
  </Paragraph>
  <Paragraph>
    <Words Start="3" End="3" Block="0" Page="67" />
  </Paragraph>
  <Paragraph>
    <Words Start="0" End="4" Block="1" Page="67" />
  </Paragraph>
  <Paragraph>
    <Words Start="5" End="5" Block="1" Page="67" />
  </Paragraph>
  <Paragraph>
    <Words Block="0" Page="68" />
  </Paragraph>
  <Paragraph>
    <Words Start="0" End="5" Block="2" Page="68" />
  </Paragraph>
  <Paragraph>
    <Words Start="6" End="6" Block="2" Page="68" />
  </Paragraph>
  <Paragraph>
    <Words Start="0" End="2" Block="0" Page="69" />
  </Paragraph>
  <Paragraph>
    <Words Start="3" End="3" Block="0" Page="69" />
  </Paragraph>
  <Paragraph>
    <Words Start="0" End="5" Block="1" Page="69" />
  </Paragraph>
  <Paragraph>
    <Words Start="6" End="6" Block="1" Page="69" />
  </Paragraph>
  <Paragraph>
    <Words Start="0" End="2" Block="0" Page="71" />
  </Paragraph>
  <Paragraph>
    <Words Start="3" End="3" Block="0" Page="71" />
  </Paragraph>
  <Paragraph>
    <Words Start="0" End="18" Block="1" Page="71" />
  </Paragraph>
  <Paragraph>
    <Words Start="19" End="19" Block="1" Page="71" />
  </Paragraph>
  <Paragraph>
    <Words Block="0" Page="73" />
  </Paragraph>
  <Paragraph>
    <Words Start="0" End="13" Block="1" Page="73" />
  </Paragraph>
  <Paragraph>
    <Words Start="14" End="14" Block="1" Page="73" />
  </Paragraph>
  <Paragraph>
    <Words Start="0" End="4" Block="0" Page="75" />
  </Paragraph>
  <Paragraph>
    <Words Start="5" End="5" Block="0" Page="75" />
  </Paragraph>
  <Paragraph>
    <Words Start="0" End="14" Block="1" Page="75" />
  </Paragraph>
  <Paragraph>
    <Words Start="15" End="15" Block="1" Page="75" />
  </Paragraph>
  <Paragraph>
    <Words Start="0" End="4" Block="1" Page="76" />
  </Paragraph>
  <Paragraph>
    <Words Start="5" End="5" Block="1" Page="76" />
  </Paragraph>
  <Paragraph>
    <Words Block="0" Page="77" />
  </Paragraph>
  <Paragraph>
    <Words Start="0" End="42" Block="1" Page="77" />
  </Paragraph>
  <Paragraph>
    <Words Start="43" End="43" Block="1" Page="77" />
  </Paragraph>
</Flow>