﻿<?xml version="1.0" encoding="utf-8"?>
<Flow Name="f9">
  <Paragraph>
    <Words Start="0" End="1" Block="0" Page="78" />
  </Paragraph>
  <Paragraph>
    <Words Start="2" End="2" Block="0" Page="78" />
  </Paragraph>
  <Paragraph>
    <Words Start="0" End="1" Block="2" Page="78" />
  </Paragraph>
  <Paragraph>
    <Words Start="2" End="2" Block="2" Page="78" />
  </Paragraph>
  <Paragraph>
    <Words Block="0" Page="79" />
  </Paragraph>
  <Paragraph>
    <Words Start="0" End="26" Block="1" Page="79" />
  </Paragraph>
  <Paragraph>
    <Words Start="27" End="27" Block="1" Page="79" />
  </Paragraph>
  <Paragraph>
    <Words Start="0" End="4" Block="2" Page="79" />
  </Paragraph>
  <Paragraph>
    <Words Start="5" End="5" Block="2" Page="79" />
  </Paragraph>
  <Paragraph>
    <Words Start="0" End="2" Block="0" Page="80" />
  </Paragraph>
  <Paragraph>
    <Words Start="3" End="3" Block="0" Page="80" />
  </Paragraph>
  <Paragraph>
    <Words Block="2" Page="80" />
  </Paragraph>
  <Paragraph>
    <Words Start="0" End="4" Block="3" Page="80" />
  </Paragraph>
  <Paragraph>
    <Words Start="5" End="5" Block="3" Page="80" />
  </Paragraph>
  <Paragraph>
    <Words Start="0" End="2" Block="0" Page="81" />
  </Paragraph>
  <Paragraph>
    <Words Start="3" End="3" Block="0" Page="81" />
  </Paragraph>
  <Paragraph>
    <Words Block="1" Page="81" />
  </Paragraph>
  <Paragraph>
    <Words Start="0" End="4" Block="2" Page="81" />
  </Paragraph>
  <Paragraph>
    <Words Start="5" End="5" Block="2" Page="81" />
  </Paragraph>
  <Paragraph>
    <Words Start="0" End="3" Block="0" Page="82" />
  </Paragraph>
  <Paragraph>
    <Words Start="4" End="4" Block="0" Page="82" />
  </Paragraph>
  <Paragraph>
    <Words Start="0" End="30" Block="2" Page="82" />
  </Paragraph>
  <Paragraph>
    <Words Start="31" End="31" Block="2" Page="82" />
  </Paragraph>
  <Paragraph>
    <Words Block="0" Page="83" />
  </Paragraph>
  <Paragraph>
    <Words Block="1" Page="83" />
    <Words Start="0" End="9" Block="2" Page="83" />
  </Paragraph>
  <Paragraph>
    <Words Start="10" End="10" Block="2" Page="83" />
  </Paragraph>
  <Paragraph>
    <Words Start="0" End="4" Block="0" Page="85" />
  </Paragraph>
  <Paragraph>
    <Words Start="5" End="5" Block="0" Page="85" />
  </Paragraph>
  <Paragraph>
    <Words Start="0" End="30" Block="1" Page="85" />
  </Paragraph>
  <Paragraph>
    <Words Start="31" End="31" Block="1" Page="85" />
  </Paragraph>
  <Paragraph>
    <Words Start="0" End="2" Block="0" Page="87" />
  </Paragraph>
  <Paragraph>
    <Words Start="3" End="3" Block="0" Page="87" />
  </Paragraph>
  <Paragraph>
    <Words Block="1" Page="87" />
  </Paragraph>
  <Paragraph>
    <Words Start="0" End="4" Block="2" Page="87" />
  </Paragraph>
  <Paragraph>
    <Words Start="5" End="5" Block="2" Page="87" />
  </Paragraph>
  <Paragraph>
    <Words Block="0" Page="89" />
  </Paragraph>
  <Paragraph>
    <Words Block="1" Page="89" />
  </Paragraph>
  <Paragraph>
    <Words Start="0" End="4" Block="2" Page="89" />
  </Paragraph>
  <Paragraph>
    <Words Start="5" End="5" Block="2" Page="89" />
  </Paragraph>
  <Paragraph>
    <Words Start="0" End="27" Block="0" Page="90" />
  </Paragraph>
  <Paragraph>
    <Words Start="28" End="28" Block="0" Page="90" />
  </Paragraph>
  <Paragraph>
    <Words Start="29" End="29" Block="0" Page="90" />
  </Paragraph>
  <Paragraph>
    <Words Block="0" Page="91" />
  </Paragraph>
  <Paragraph>
    <Words Start="0" End="25" Block="1" Page="91" />
  </Paragraph>
  <Paragraph>
    <Words Start="26" End="26" Block="1" Page="91" />
  </Paragraph>
  <Paragraph>
    <Words Block="0" Page="93" />
  </Paragraph>
  <Paragraph>
    <Words Block="1" Page="93" />
  </Paragraph>
  <Paragraph>
    <Words Start="0" End="4" Block="2" Page="93" />
  </Paragraph>
  <Paragraph>
    <Words Start="5" End="5" Block="2" Page="93" />
  </Paragraph>
  <Paragraph>
    <Words Start="0" End="2" Block="0" Page="94" />
  </Paragraph>
  <Paragraph>
    <Words Start="3" End="3" Block="0" Page="94" />
  </Paragraph>
  <Paragraph>
    <Words Block="2" Page="94" />
  </Paragraph>
  <Paragraph>
    <Words Block="3" Page="94" />
  </Paragraph>
  <Paragraph>
    <Words Block="0" Page="95" />
  </Paragraph>
  <Paragraph>
    <Words Start="0" End="4" Block="1" Page="95" />
  </Paragraph>
  <Paragraph>
    <Words Start="5" End="5" Block="1" Page="95" />
  </Paragraph>
  <Paragraph>
    <Words Start="0" End="91" Block="0" Page="96" />
  </Paragraph>
  <Paragraph>
    <Words Start="92" End="230" Block="0" Page="96" />
  </Paragraph>
  <Paragraph>
    <Words Start="231" End="233" Block="0" Page="96" />
  </Paragraph>
  <Paragraph>
    <Words Start="234" End="234" Block="0" Page="96" />
  </Paragraph>
  <Paragraph>
    <Words Start="0" End="3" Block="0" Page="97" />
  </Paragraph>
  <Paragraph>
    <Words Start="4" End="4" Block="0" Page="97" />
  </Paragraph>
  <Paragraph>
    <Words Start="0" End="4" Block="1" Page="97" />
  </Paragraph>
  <Paragraph>
    <Words Start="5" End="5" Block="1" Page="97" />
  </Paragraph>
  <Paragraph>
    <Words Start="0" End="86" Block="0" Page="98" />
  </Paragraph>
  <Paragraph>
    <Words Start="87" End="319" Block="0" Page="98" />
  </Paragraph>
  <Paragraph>
    <Words Start="320" End="323" Block="0" Page="98" />
  </Paragraph>
  <Paragraph>
    <Words Start="324" End="324" Block="0" Page="98" />
  </Paragraph>
  <Paragraph>
    <Words Start="0" End="1" Block="0" Page="99" />
  </Paragraph>
  <Paragraph>
    <Words Start="2" End="2" Block="0" Page="99" />
  </Paragraph>
  <Paragraph>
    <Words Start="0" End="4" Block="1" Page="99" />
  </Paragraph>
  <Paragraph>
    <Words Start="5" End="5" Block="1" Page="99" />
  </Paragraph>
  <Paragraph>
    <Words Start="0" End="105" Block="0" Page="100" />
  </Paragraph>
  <Paragraph>
    <Words Start="106" End="256" Block="0" Page="100" />
  </Paragraph>
  <Paragraph>
    <Words Start="257" End="387" Block="0" Page="100" />
  </Paragraph>
  <Paragraph>
    <Words Start="388" End="391" Block="0" Page="100" />
  </Paragraph>
  <Paragraph>
    <Words Start="392" End="392" Block="0" Page="100" />
  </Paragraph>
  <Paragraph>
    <Words Start="0" End="79" Block="0" Page="101" />
  </Paragraph>
  <Paragraph>
    <Words Start="80" End="111" Block="0" Page="101" />
  </Paragraph>
  <Paragraph>
    <Words Start="112" End="114" Block="0" Page="101" />
  </Paragraph>
  <Paragraph>
    <Words Start="115" End="115" Block="0" Page="101" />
  </Paragraph>
  <Paragraph>
    <Words Start="0" End="0" Block="0" Page="102" />
  </Paragraph>
  <Paragraph>
    <Words Start="1" End="1" Block="0" Page="102" />
  </Paragraph>
  <Paragraph>
    <Words Start="0" End="4" Block="2" Page="102" />
  </Paragraph>
  <Paragraph>
    <Words Start="5" End="5" Block="2" Page="102" />
  </Paragraph>
  <Paragraph>
    <Words Start="0" End="0" Block="0" Page="103" />
  </Paragraph>
  <Paragraph>
    <Words Start="1" End="1" Block="0" Page="103" />
  </Paragraph>
  <Paragraph>
    <Words Block="1" Page="103" />
  </Paragraph>
  <Paragraph>
    <Words Start="0" End="2" Block="0" Page="105" />
  </Paragraph>
  <Paragraph>
    <Words Start="3" End="3" Block="0" Page="105" />
  </Paragraph>
  <Paragraph>
    <Words Start="0" End="18" Block="1" Page="105" />
  </Paragraph>
  <Paragraph>
    <Words Start="19" End="19" Block="1" Page="105" />
  </Paragraph>
  <Paragraph>
    <Words Block="0" Page="106" />
  </Paragraph>
  <Paragraph>
    <Words Start="0" End="30" Block="2" Page="106" />
  </Paragraph>
  <Paragraph>
    <Words Start="31" End="31" Block="2" Page="106" />
  </Paragraph>
  <Paragraph>
    <Words Start="0" End="5" Block="0" Page="107" />
  </Paragraph>
  <Paragraph>
    <Words Start="6" End="6" Block="0" Page="107" />
  </Paragraph>
  <Paragraph>
    <Words Start="0" End="7" Block="1" Page="107" />
  </Paragraph>
  <Paragraph>
    <Words Start="8" End="8" Block="1" Page="107" />
  </Paragraph>
  <Paragraph>
    <Words Start="0" End="4" Block="1" Page="108" />
  </Paragraph>
  <Paragraph>
    <Words Start="5" End="5" Block="1" Page="108" />
  </Paragraph>
  <Paragraph>
    <Words Start="0" End="10" Block="0" Page="109" />
  </Paragraph>
  <Paragraph>
    <Words Start="11" End="11" Block="0" Page="109" />
  </Paragraph>
  <Paragraph>
    <Words Block="1" Page="109" />
  </Paragraph>
  <Paragraph>
    <Words Start="0" End="2" Block="0" Page="111" />
  </Paragraph>
  <Paragraph>
    <Words Start="3" End="3" Block="0" Page="111" />
  </Paragraph>
  <Paragraph>
    <Words Start="0" End="4" Block="1" Page="111" />
  </Paragraph>
  <Paragraph>
    <Words Start="5" End="5" Block="1" Page="111" />
  </Paragraph>
  <Paragraph>
    <Words Start="0" End="3" Block="0" Page="113" />
  </Paragraph>
  <Paragraph>
    <Words Start="4" End="4" Block="0" Page="113" />
  </Paragraph>
  <Paragraph>
    <Words Start="0" End="5" Block="1" Page="113" />
  </Paragraph>
  <Paragraph>
    <Words Start="6" End="6" Block="1" Page="113" />
  </Paragraph>
  <Paragraph>
    <Words Start="0" End="4" Block="2" Page="113" />
  </Paragraph>
  <Paragraph>
    <Words Start="5" End="5" Block="2" Page="113" />
  </Paragraph>
  <Paragraph>
    <Words Start="0" End="3" Block="0" Page="114" />
  </Paragraph>
  <Paragraph>
    <Words Start="4" End="4" Block="0" Page="114" />
  </Paragraph>
  <Paragraph>
    <Words Start="0" End="10" Block="2" Page="114" />
  </Paragraph>
  <Paragraph>
    <Words Start="11" End="11" Block="2" Page="114" />
  </Paragraph>
  <Paragraph>
    <Words Start="0" End="3" Block="0" Page="115" />
  </Paragraph>
  <Paragraph>
    <Words Start="4" End="4" Block="0" Page="115" />
  </Paragraph>
  <Paragraph>
    <Words Block="1" Page="115" />
  </Paragraph>
  <Paragraph>
    <Words Block="1" Page="116" />
  </Paragraph>
  <Paragraph>
    <Words Start="0" End="1" Block="0" Page="117" />
  </Paragraph>
  <Paragraph>
    <Words Start="2" End="2" Block="0" Page="117" />
  </Paragraph>
  <Paragraph>
    <Words Start="0" End="55" Block="1" Page="117" />
  </Paragraph>
  <Paragraph>
    <Words Start="56" End="56" Block="1" Page="117" />
  </Paragraph>
  <Paragraph>
    <Words Block="0" Page="119" />
  </Paragraph>
  <Paragraph>
    <Words Start="0" End="44" Block="1" Page="119" />
  </Paragraph>
  <Paragraph>
    <Words Start="45" End="47" Block="1" Page="119" />
  </Paragraph>
  <Paragraph>
    <Words Start="48" End="48" Block="1" Page="119" />
  </Paragraph>
  <Paragraph>
    <Words Block="0" Page="121" />
  </Paragraph>
  <Paragraph>
    <Words Start="0" End="12" Block="1" Page="121" />
  </Paragraph>
  <Paragraph>
    <Words Start="13" End="13" Block="1" Page="121" />
  </Paragraph>
  <Paragraph>
    <Words Start="0" End="1" Block="0" Page="123" />
  </Paragraph>
  <Paragraph>
    <Words Start="2" End="2" Block="0" Page="123" />
  </Paragraph>
  <Paragraph>
    <Words Block="1" Page="123" />
  </Paragraph>
  <Paragraph>
    <Words Start="0" End="4" Block="0" Page="125" />
  </Paragraph>
  <Paragraph>
    <Words Start="5" End="5" Block="0" Page="125" />
  </Paragraph>
  <Paragraph>
    <Words Start="0" End="31" Block="1" Page="125" />
  </Paragraph>
  <Paragraph>
    <Words Start="32" End="32" Block="1" Page="125" />
  </Paragraph>
  <Paragraph>
    <Words Block="0" Page="127" />
  </Paragraph>
  <Paragraph>
    <Words Block="1" Page="127" />
  </Paragraph>
  <Paragraph>
    <Words Block="0" Page="129" />
  </Paragraph>
  <Paragraph>
    <Words Block="1" Page="129" />
  </Paragraph>
  <Paragraph>
    <Words Start="0" End="2" Block="0" Page="131" />
  </Paragraph>
  <Paragraph>
    <Words Start="3" End="3" Block="0" Page="131" />
  </Paragraph>
  <Paragraph>
    <Words Block="1" Page="131" />
  </Paragraph>
  <Paragraph>
    <Words Start="0" End="1" Block="0" Page="133" />
  </Paragraph>
  <Paragraph>
    <Words Start="2" End="2" Block="0" Page="133" />
  </Paragraph>
  <Paragraph>
    <Words Block="1" Page="133" />
  </Paragraph>
  <Paragraph>
    <Words Start="0" End="4" Block="1" Page="134" />
  </Paragraph>
  <Paragraph>
    <Words Start="5" End="5" Block="1" Page="134" />
  </Paragraph>
  <Paragraph>
    <Words Start="0" End="2" Block="0" Page="135" />
  </Paragraph>
  <Paragraph>
    <Words Start="3" End="3" Block="0" Page="135" />
  </Paragraph>
  <Paragraph>
    <Words Start="0" End="62" Block="1" Page="135" />
  </Paragraph>
  <Paragraph>
    <Words Start="63" End="63" Block="1" Page="135" />
  </Paragraph>
  <Paragraph>
    <Words Start="0" End="0" Block="0" Page="136" />
  </Paragraph>
  <Paragraph>
    <Words Start="1" End="1" Block="0" Page="136" />
  </Paragraph>
  <Paragraph>
    <Words Block="2" Page="136" />
  </Paragraph>
  <Paragraph>
    <Words Start="0" End="4" Block="3" Page="136" />
  </Paragraph>
  <Paragraph>
    <Words Start="5" End="5" Block="3" Page="136" />
  </Paragraph>
  <Paragraph>
    <Words Block="0" Page="137" />
  </Paragraph>
  <Paragraph>
    <Words Start="0" End="22" Block="1" Page="137" />
  </Paragraph>
  <Paragraph>
    <Words Start="23" End="23" Block="1" Page="137" />
  </Paragraph>
  <Paragraph>
    <Words Start="0" End="5" Block="1" Page="138" />
  </Paragraph>
  <Paragraph>
    <Words Start="6" End="6" Block="1" Page="138" />
  </Paragraph>
  <Paragraph>
    <Words Start="0" End="2" Block="0" Page="139" />
  </Paragraph>
  <Paragraph>
    <Words Start="3" End="3" Block="0" Page="139" />
  </Paragraph>
  <Paragraph>
    <Words Block="1" Page="139" />
  </Paragraph>
  <Paragraph>
    <Words Start="0" End="4" Block="2" Page="139" />
  </Paragraph>
  <Paragraph>
    <Words Start="5" End="5" Block="2" Page="139" />
  </Paragraph>
  <Paragraph>
    <Words Block="0" Page="140" />
  </Paragraph>
  <Paragraph>
    <Words Block="2" Page="140" />
  </Paragraph>
  <Paragraph>
    <Words Start="0" End="2" Block="0" Page="141" />
  </Paragraph>
  <Paragraph>
    <Words Start="3" End="3" Block="0" Page="141" />
  </Paragraph>
  <Paragraph>
    <Words Start="0" End="20" Block="1" Page="141" />
  </Paragraph>
  <Paragraph>
    <Words Start="21" End="21" Block="1" Page="141" />
  </Paragraph>
  <Paragraph>
    <Words Start="0" End="4" Block="1" Page="142" />
  </Paragraph>
  <Paragraph>
    <Words Start="5" End="5" Block="1" Page="142" />
  </Paragraph>
  <Paragraph>
    <Words Block="0" Page="143" />
  </Paragraph>
  <Paragraph>
    <Words Block="1" Page="143" />
  </Paragraph>
  <Paragraph>
    <Words Start="0" End="2" Block="0" Page="144" />
  </Paragraph>
  <Paragraph>
    <Words Start="3" End="3" Block="0" Page="144" />
  </Paragraph>
  <Paragraph>
    <Words Block="2" Page="144" />
  </Paragraph>
  <Paragraph>
    <Words Block="0" Page="145" />
  </Paragraph>
  <Paragraph>
    <Words Start="0" End="4" Block="1" Page="145" />
  </Paragraph>
  <Paragraph>
    <Words Start="5" End="5" Block="1" Page="145" />
    <Words Block="2" Page="145" />
    <Words Block="3" Page="145" />
  </Paragraph>
  <Paragraph>
    <Words Block="4" Page="145" />
    <Words Block="5" Page="145" />
    <Words Block="6" Page="145" />
    <Words Block="7" Page="145" />
  </Paragraph>
  <Paragraph>
    <Words Block="8" Page="145" />
  </Paragraph>
  <Paragraph>
    <Words Block="9" Page="145" />
    <Words Block="10" Page="145" />
  </Paragraph>
  <Paragraph>
    <Words Block="11" Page="145" />
  </Paragraph>
  <Paragraph>
    <Words Block="12" Page="145" />
  </Paragraph>
  <Paragraph>
    <Words Block="13" Page="145" />
    <Words Block="14" Page="145" />
  </Paragraph>
  <Paragraph>
    <Words Start="0" End="0" Block="0" Page="147" />
  </Paragraph>
  <Paragraph>
    <Words Start="1" End="1" Block="0" Page="147" />
  </Paragraph>
  <Paragraph>
    <Words Block="1" Page="147" />
  </Paragraph>
  <Paragraph>
    <Words Block="0" Page="148" />
  </Paragraph>
  <Paragraph>
    <Words Start="0" End="36" Block="2" Page="148" />
  </Paragraph>
  <Paragraph>
    <Words Start="37" End="37" Block="2" Page="148" />
  </Paragraph>
  <Paragraph>
    <Words Start="0" End="0" Block="0" Page="149" />
  </Paragraph>
  <Paragraph>
    <Words Start="1" End="1" Block="0" Page="149" />
  </Paragraph>
  <Paragraph>
    <Words Block="1" Page="149" />
    <Words Start="0" End="8" Block="2" Page="149" />
  </Paragraph>
  <Paragraph>
    <Words Start="9" End="9" Block="2" Page="149" />
  </Paragraph>
</Flow>