﻿<?xml version="1.0" encoding="utf-8"?>
<BookContents>
  <PageLocations>
    <PageRange Start="0" End="186" Source="Pages_0_186.xml" />
    <PageRange Start="187" End="240" Source="Pages_187_240.xml" />
  </PageLocations>
  <Sections>
    <Section PageIndex="0" Name="Cover Page">
      <FlowReference Source="Flow_0.xml" PageIndices="0,2" />
    </Section>
    <Section PageIndex="4" Name="Title Page">
      <FlowReference Source="Flow_1.xml" PageIndices="4" />
    </Section>
    <Section PageIndex="5" Name="Copyright Page">
      <FlowReference Source="Flow_2.xml" PageIndices="5-6" />
    </Section>
    <Section PageIndex="8" Name="Contents">
      <FlowReference Source="Flow_3.xml" PageIndices="8" />
    </Section>
    <Section PageIndex="10" Name="A Brief History of the T-shirt">
      <FlowReference Source="Flow_4.xml" PageIndices="10-11" />
    </Section>
    <Section PageIndex="12" Name="Shirts for Sale">
      <FlowReference Source="Flow_5.xml" PageIndices="12-15" />
    </Section>
    <Section PageIndex="16" Name="Like the Band? Love the Shirt.">
      <FlowReference Source="Flow_6.xml" PageIndices="16-18" />
    </Section>
    <Section PageIndex="19" Name="T-shirts">
      <FlowReference Source="Flow_7.xml" PageIndices="19-20" />
    </Section>
    <Section PageIndex="22" Name="Chapter One: Innovators">
      <FlowReference Source="Flow_8.xml" PageIndices="22-31,33-47,49-61,63-65,67-69,71,73,75-77" />
    </Section>
    <Section PageIndex="78" Name="Chapter Two: New Genres">
      <FlowReference Source="Flow_9.xml" PageIndices="78-83,85,87,89-91,93-103,105-109,111,113-117,119,121,123,125,127,129,131,133-145,147-149" />
    </Section>
    <Section PageIndex="150" Name="Chapter Three: We Heart the ’90s">
      <FlowReference Source="Flow_10.xml" PageIndices="150-151,153-157,159-171,173-175,177,179-187,189-206" />
    </Section>
    <Section PageIndex="208" Name="Chapter Four: Beyond 2000">
      <FlowReference Source="Flow_11.xml" PageIndices="208-227,229-233" />
    </Section>
    <Section PageIndex="236" Name="Acknowledgments">
      <FlowReference Source="Flow_12.xml" PageIndices="236" />
    </Section>
    <Section PageIndex="237" Name="Index of Featured Artists">
      <FlowReference Source="Flow_13.xml" PageIndices="237-238" />
    </Section>
    <Section PageIndex="240" Name="About the Author">
      <FlowReference Source="Flow_14.xml" PageIndices="240" />
    </Section>
  </Sections>
</BookContents>