﻿<?xml version="1.0" encoding="utf-8"?>
<Flow Name="f7">
  <Paragraph>
    <Words Block="0" Page="9" />
  </Paragraph>
  <Paragraph>
    <Words Block="1" Page="9" />
  </Paragraph>
  <Paragraph>
    <Words Start="0" End="15" Block="2" Page="9" />
  </Paragraph>
  <Paragraph>
    <Words Start="16" End="51" Block="2" Page="9" />
  </Paragraph>
  <Paragraph>
    <Words Start="52" End="101" Block="2" Page="9" />
  </Paragraph>
  <Paragraph>
    <Words Start="102" End="107" Block="2" Page="9" />
  </Paragraph>
  <Paragraph>
    <Words Start="108" End="137" Block="2" Page="9" />
  </Paragraph>
  <Paragraph>
    <Words Start="138" End="163" Block="2" Page="9" />
  </Paragraph>
  <Paragraph>
    <Words Start="0" End="18" Block="0" Page="10" />
  </Paragraph>
  <Paragraph>
    <Words Start="19" End="36" Block="0" Page="10" />
  </Paragraph>
  <Paragraph>
    <Words Start="37" End="60" Block="0" Page="10" />
  </Paragraph>
  <Paragraph>
    <Words Start="61" End="84" Block="0" Page="10" />
  </Paragraph>
  <Paragraph>
    <Words Start="85" End="125" Block="0" Page="10" />
  </Paragraph>
  <Paragraph>
    <Words Start="126" End="146" Block="0" Page="10" />
  </Paragraph>
  <Paragraph>
    <Words Start="147" End="169" Block="0" Page="10" />
  </Paragraph>
  <Paragraph>
    <Words Start="170" End="196" Block="0" Page="10" />
  </Paragraph>
  <Paragraph>
    <Words Start="197" End="208" Block="0" Page="10" />
  </Paragraph>
  <Paragraph>
    <Words Start="209" End="228" Block="0" Page="10" />
    <Words Start="0" End="26" Block="0" Page="11" />
  </Paragraph>
  <Paragraph>
    <Words Start="27" End="87" Block="0" Page="11" />
  </Paragraph>
  <Paragraph>
    <Words Start="88" End="133" Block="0" Page="11" />
  </Paragraph>
  <Paragraph>
    <Words Start="134" End="145" Block="0" Page="11" />
  </Paragraph>
  <Paragraph>
    <Words Start="146" End="157" Block="0" Page="11" />
  </Paragraph>
  <Paragraph>
    <Words Start="158" End="188" Block="0" Page="11" />
  </Paragraph>
  <Paragraph>
    <Words Start="189" End="212" Block="0" Page="11" />
  </Paragraph>
  <Paragraph>
    <Words Start="213" End="229" Block="0" Page="11" />
  </Paragraph>
  <Paragraph>
    <Words Start="230" End="264" Block="0" Page="11" />
  </Paragraph>
  <Paragraph>
    <Words Start="0" End="43" Block="0" Page="12" />
  </Paragraph>
  <Paragraph>
    <Words Start="44" End="60" Block="0" Page="12" />
  </Paragraph>
  <Paragraph>
    <Words Start="61" End="80" Block="0" Page="12" />
  </Paragraph>
  <Paragraph>
    <Words Start="81" End="87" Block="0" Page="12" />
  </Paragraph>
  <Paragraph>
    <Words Start="88" End="111" Block="0" Page="12" />
  </Paragraph>
  <Paragraph>
    <Words Start="112" End="126" Block="0" Page="12" />
  </Paragraph>
  <Paragraph>
    <Words Start="127" End="138" Block="0" Page="12" />
  </Paragraph>
  <Paragraph>
    <Words Start="139" End="171" Block="0" Page="12" />
  </Paragraph>
  <Paragraph>
    <Words Start="172" End="203" Block="0" Page="12" />
  </Paragraph>
  <Paragraph>
    <Words Start="204" End="215" Block="0" Page="12" />
  </Paragraph>
  <Paragraph>
    <Words Start="216" End="224" Block="0" Page="12" />
  </Paragraph>
  <Paragraph>
    <Words Start="225" End="234" Block="0" Page="12" />
    <Words Start="0" End="42" Block="0" Page="13" />
  </Paragraph>
  <Paragraph>
    <Words Start="43" End="98" Block="0" Page="13" />
  </Paragraph>
  <Paragraph>
    <Words Start="99" End="112" Block="0" Page="13" />
  </Paragraph>
  <Paragraph>
    <Words Start="113" End="149" Block="0" Page="13" />
  </Paragraph>
  <Paragraph>
    <Words Start="150" End="174" Block="0" Page="13" />
  </Paragraph>
  <Paragraph>
    <Words Start="175" End="198" Block="0" Page="13" />
  </Paragraph>
  <Paragraph>
    <Words Start="199" End="242" Block="0" Page="13" />
  </Paragraph>
  <Paragraph>
    <Words Start="243" End="264" Block="0" Page="13" />
    <Words Start="0" End="28" Block="0" Page="14" />
  </Paragraph>
  <Paragraph>
    <Words Start="29" End="49" Block="0" Page="14" />
  </Paragraph>
  <Paragraph>
    <Words Start="50" End="55" Block="0" Page="14" />
  </Paragraph>
  <Paragraph>
    <Words Start="56" End="61" Block="0" Page="14" />
  </Paragraph>
  <Paragraph>
    <Words Start="62" End="81" Block="0" Page="14" />
  </Paragraph>
  <Paragraph>
    <Words Start="82" End="110" Block="0" Page="14" />
  </Paragraph>
  <Paragraph>
    <Words Start="111" End="118" Block="0" Page="14" />
  </Paragraph>
  <Paragraph>
    <Words Start="119" End="140" Block="0" Page="14" />
  </Paragraph>
  <Paragraph>
    <Words Start="141" End="192" Block="0" Page="14" />
  </Paragraph>
  <Paragraph>
    <Words Start="193" End="214" Block="0" Page="14" />
  </Paragraph>
  <Paragraph>
    <Words Start="215" End="246" Block="0" Page="14" />
  </Paragraph>
  <Paragraph>
    <Words Start="0" End="25" Block="0" Page="15" />
  </Paragraph>
  <Paragraph>
    <Words Start="26" End="86" Block="0" Page="15" />
  </Paragraph>
  <Paragraph>
    <Words Start="87" End="105" Block="0" Page="15" />
  </Paragraph>
  <Paragraph>
    <Words Start="106" End="147" Block="0" Page="15" />
  </Paragraph>
  <Paragraph>
    <Words Start="148" End="168" Block="0" Page="15" />
  </Paragraph>
  <Paragraph>
    <Words Start="169" End="171" Block="0" Page="15" />
  </Paragraph>
  <Paragraph>
    <Words Start="172" End="199" Block="0" Page="15" />
  </Paragraph>
  <Paragraph>
    <Words Start="200" End="213" Block="0" Page="15" />
  </Paragraph>
  <Paragraph>
    <Words Start="214" End="219" Block="0" Page="15" />
  </Paragraph>
  <Paragraph>
    <Words Start="220" End="226" Block="0" Page="15" />
  </Paragraph>
  <Paragraph>
    <Words Start="227" End="234" Block="0" Page="15" />
  </Paragraph>
  <Paragraph>
    <Words Start="0" End="61" Block="0" Page="16" />
  </Paragraph>
  <Paragraph>
    <Words Start="62" End="92" Block="0" Page="16" />
  </Paragraph>
  <Paragraph>
    <Words Start="93" End="108" Block="0" Page="16" />
  </Paragraph>
  <Paragraph>
    <Words Start="109" End="130" Block="0" Page="16" />
  </Paragraph>
  <Paragraph>
    <Words Start="131" End="145" Block="0" Page="16" />
  </Paragraph>
  <Paragraph>
    <Words Start="146" End="185" Block="0" Page="16" />
  </Paragraph>
  <Paragraph>
    <Words Start="186" End="195" Block="0" Page="16" />
  </Paragraph>
  <Paragraph>
    <Words Start="196" End="204" Block="0" Page="16" />
  </Paragraph>
  <Paragraph>
    <Words Start="205" End="209" Block="0" Page="16" />
  </Paragraph>
  <Paragraph>
    <Words Start="210" End="238" Block="0" Page="16" />
  </Paragraph>
  <Paragraph>
    <Words Start="239" End="239" Block="0" Page="16" />
    <Words Start="0" End="19" Block="0" Page="17" />
  </Paragraph>
  <Paragraph>
    <Words Start="20" End="63" Block="0" Page="17" />
  </Paragraph>
  <Paragraph>
    <Words Start="64" End="67" Block="0" Page="17" />
  </Paragraph>
  <Paragraph>
    <Words Start="68" End="72" Block="0" Page="17" />
  </Paragraph>
  <Paragraph>
    <Words Start="73" End="107" Block="0" Page="17" />
  </Paragraph>
  <Paragraph>
    <Words Start="108" End="169" Block="0" Page="17" />
  </Paragraph>
  <Paragraph>
    <Words Start="170" End="173" Block="0" Page="17" />
  </Paragraph>
  <Paragraph>
    <Words Start="174" End="189" Block="0" Page="17" />
  </Paragraph>
  <Paragraph>
    <Words Start="190" End="192" Block="0" Page="17" />
  </Paragraph>
  <Paragraph>
    <Words Start="193" End="200" Block="0" Page="17" />
  </Paragraph>
  <Paragraph>
    <Words Start="201" End="208" Block="0" Page="17" />
  </Paragraph>
  <Paragraph>
    <Words Start="209" End="220" Block="0" Page="17" />
  </Paragraph>
  <Paragraph>
    <Words Start="221" End="221" Block="0" Page="17" />
    <Words Start="0" End="24" Block="0" Page="18" />
  </Paragraph>
  <Paragraph>
    <Words Start="25" End="49" Block="0" Page="18" />
  </Paragraph>
  <Paragraph>
    <Words Start="50" End="58" Block="0" Page="18" />
  </Paragraph>
  <Paragraph>
    <Words Start="59" End="97" Block="0" Page="18" />
  </Paragraph>
</Flow>