﻿<?xml version="1.0" encoding="utf-8"?>
<Flow Name="f9">
  <Paragraph>
    <Words Block="0" Page="27" />
  </Paragraph>
  <Paragraph>
    <Words Block="1" Page="27" />
  </Paragraph>
  <Paragraph>
    <Words Start="0" End="88" Block="2" Page="27" />
  </Paragraph>
  <Paragraph>
    <Words Start="89" End="168" Block="2" Page="27" />
  </Paragraph>
  <Paragraph>
    <Words Start="169" End="203" Block="2" Page="27" />
    <Words Start="0" End="30" Block="0" Page="28" />
  </Paragraph>
  <Paragraph>
    <Words Start="31" End="74" Block="0" Page="28" />
  </Paragraph>
  <Paragraph>
    <Words Start="75" End="108" Block="0" Page="28" />
  </Paragraph>
  <Paragraph>
    <Words Start="109" End="128" Block="0" Page="28" />
  </Paragraph>
  <Paragraph>
    <Words Start="129" End="183" Block="0" Page="28" />
  </Paragraph>
  <Paragraph>
    <Words Start="184" End="193" Block="0" Page="28" />
  </Paragraph>
  <Paragraph>
    <Words Start="194" End="224" Block="0" Page="28" />
  </Paragraph>
  <Paragraph>
    <Words Start="225" End="253" Block="0" Page="28" />
  </Paragraph>
  <Paragraph>
    <Words Start="254" End="265" Block="0" Page="28" />
    <Words Start="0" End="35" Block="0" Page="29" />
  </Paragraph>
  <Paragraph>
    <Words Start="36" End="109" Block="0" Page="29" />
  </Paragraph>
  <Paragraph>
    <Words Start="110" End="125" Block="0" Page="29" />
  </Paragraph>
  <Paragraph>
    <Words Start="126" End="176" Block="0" Page="29" />
  </Paragraph>
  <Paragraph>
    <Words Start="177" End="191" Block="0" Page="29" />
  </Paragraph>
  <Paragraph>
    <Words Start="192" End="220" Block="0" Page="29" />
  </Paragraph>
  <Paragraph>
    <Words Start="221" End="236" Block="0" Page="29" />
  </Paragraph>
  <Paragraph>
    <Words Start="237" End="244" Block="0" Page="29" />
  </Paragraph>
  <Paragraph>
    <Words Start="245" End="245" Block="0" Page="29" />
    <Words Start="0" End="22" Block="0" Page="30" />
  </Paragraph>
  <Paragraph>
    <Words Start="23" End="89" Block="0" Page="30" />
  </Paragraph>
  <Paragraph>
    <Words Start="90" End="126" Block="0" Page="30" />
  </Paragraph>
  <Paragraph>
    <Words Start="127" End="156" Block="0" Page="30" />
  </Paragraph>
  <Paragraph>
    <Words Start="157" End="201" Block="0" Page="30" />
  </Paragraph>
  <Paragraph>
    <Words Start="202" End="209" Block="0" Page="30" />
  </Paragraph>
  <Paragraph>
    <Words Start="210" End="217" Block="0" Page="30" />
  </Paragraph>
  <Paragraph>
    <Words Start="218" End="232" Block="0" Page="30" />
  </Paragraph>
  <Paragraph>
    <Words Start="233" End="245" Block="0" Page="30" />
  </Paragraph>
  <Paragraph>
    <Words Start="0" End="16" Block="0" Page="31" />
  </Paragraph>
  <Paragraph>
    <Words Start="17" End="20" Block="0" Page="31" />
  </Paragraph>
  <Paragraph>
    <Words Start="21" End="27" Block="0" Page="31" />
  </Paragraph>
  <Paragraph>
    <Words Start="28" End="36" Block="0" Page="31" />
  </Paragraph>
  <Paragraph>
    <Words Start="37" End="65" Block="0" Page="31" />
  </Paragraph>
  <Paragraph>
    <Words Start="66" End="71" Block="0" Page="31" />
  </Paragraph>
  <Paragraph>
    <Words Start="72" End="113" Block="0" Page="31" />
  </Paragraph>
  <Paragraph>
    <Words Start="114" End="147" Block="0" Page="31" />
  </Paragraph>
  <Paragraph>
    <Words Start="148" End="193" Block="0" Page="31" />
  </Paragraph>
  <Paragraph>
    <Words Start="194" End="220" Block="0" Page="31" />
  </Paragraph>
  <Paragraph>
    <Words Start="221" End="246" Block="0" Page="31" />
  </Paragraph>
  <Paragraph>
    <Words Start="0" End="19" Block="0" Page="32" />
  </Paragraph>
  <Paragraph>
    <Words Start="20" End="27" Block="0" Page="32" />
  </Paragraph>
  <Paragraph>
    <Words Start="28" End="43" Block="0" Page="32" />
  </Paragraph>
  <Paragraph>
    <Words Start="44" End="58" Block="0" Page="32" />
  </Paragraph>
  <Paragraph>
    <Words Start="59" End="71" Block="0" Page="32" />
  </Paragraph>
  <Paragraph>
    <Words Start="72" End="73" Block="0" Page="32" />
  </Paragraph>
  <Paragraph>
    <Words Start="74" End="97" Block="0" Page="32" />
  </Paragraph>
  <Paragraph>
    <Words Start="98" End="122" Block="0" Page="32" />
  </Paragraph>
  <Paragraph>
    <Words Start="123" End="176" Block="0" Page="32" />
  </Paragraph>
  <Paragraph>
    <Words Start="177" End="187" Block="0" Page="32" />
  </Paragraph>
  <Paragraph>
    <Words Start="188" End="193" Block="0" Page="32" />
  </Paragraph>
  <Paragraph>
    <Words Start="194" End="207" Block="0" Page="32" />
  </Paragraph>
  <Paragraph>
    <Words Start="208" End="208" Block="0" Page="32" />
  </Paragraph>
  <Paragraph>
    <Words Start="0" End="16" Block="0" Page="33" />
  </Paragraph>
  <Paragraph>
    <Words Start="17" End="22" Block="0" Page="33" />
  </Paragraph>
  <Paragraph>
    <Words Start="23" End="32" Block="0" Page="33" />
  </Paragraph>
  <Paragraph>
    <Words Start="33" End="64" Block="0" Page="33" />
  </Paragraph>
  <Paragraph>
    <Words Start="65" End="86" Block="0" Page="33" />
  </Paragraph>
  <Paragraph>
    <Words Start="87" End="95" Block="0" Page="33" />
  </Paragraph>
  <Paragraph>
    <Words Start="96" End="107" Block="0" Page="33" />
  </Paragraph>
  <Paragraph>
    <Words Start="108" End="135" Block="0" Page="33" />
  </Paragraph>
  <Paragraph>
    <Words Start="136" End="149" Block="0" Page="33" />
  </Paragraph>
  <Paragraph>
    <Words Start="150" End="189" Block="0" Page="33" />
  </Paragraph>
  <Paragraph>
    <Words Start="190" End="240" Block="0" Page="33" />
  </Paragraph>
  <Paragraph>
    <Words Start="0" End="43" Block="0" Page="34" />
  </Paragraph>
  <Paragraph>
    <Words Start="44" End="87" Block="0" Page="34" />
  </Paragraph>
  <Paragraph>
    <Words Start="88" End="109" Block="0" Page="34" />
  </Paragraph>
  <Paragraph>
    <Words Start="110" End="121" Block="0" Page="34" />
  </Paragraph>
  <Paragraph>
    <Words Start="122" End="148" Block="0" Page="34" />
  </Paragraph>
  <Paragraph>
    <Words Start="149" End="196" Block="0" Page="34" />
  </Paragraph>
  <Paragraph>
    <Words Start="197" End="224" Block="0" Page="34" />
  </Paragraph>
  <Paragraph>
    <Words Start="225" End="229" Block="0" Page="34" />
  </Paragraph>
  <Paragraph>
    <Words Start="230" End="237" Block="0" Page="34" />
  </Paragraph>
  <Paragraph>
    <Words Start="238" End="244" Block="0" Page="34" />
  </Paragraph>
  <Paragraph>
    <Words Start="245" End="245" Block="0" Page="34" />
  </Paragraph>
  <Paragraph>
    <Words Start="0" End="19" Block="0" Page="35" />
  </Paragraph>
  <Paragraph>
    <Words Start="20" End="43" Block="0" Page="35" />
  </Paragraph>
  <Paragraph>
    <Words Start="44" End="57" Block="0" Page="35" />
  </Paragraph>
  <Paragraph>
    <Words Start="58" End="85" Block="0" Page="35" />
  </Paragraph>
  <Paragraph>
    <Words Start="86" End="113" Block="0" Page="35" />
  </Paragraph>
  <Paragraph>
    <Words Start="114" End="123" Block="0" Page="35" />
  </Paragraph>
  <Paragraph>
    <Words Start="124" End="133" Block="0" Page="35" />
  </Paragraph>
  <Paragraph>
    <Words Start="134" End="156" Block="0" Page="35" />
  </Paragraph>
  <Paragraph>
    <Words Start="157" End="174" Block="0" Page="35" />
  </Paragraph>
  <Paragraph>
    <Words Start="175" End="200" Block="0" Page="35" />
  </Paragraph>
  <Paragraph>
    <Words Start="201" End="237" Block="0" Page="35" />
  </Paragraph>
  <Paragraph>
    <Words Start="0" End="14" Block="0" Page="36" />
  </Paragraph>
  <Paragraph>
    <Words Start="15" End="27" Block="0" Page="36" />
  </Paragraph>
  <Paragraph>
    <Words Start="28" End="48" Block="0" Page="36" />
  </Paragraph>
  <Paragraph>
    <Words Start="49" End="64" Block="0" Page="36" />
  </Paragraph>
  <Paragraph>
    <Words Start="65" End="88" Block="0" Page="36" />
  </Paragraph>
  <Paragraph>
    <Words Start="89" End="128" Block="0" Page="36" />
  </Paragraph>
  <Paragraph>
    <Words Start="129" End="167" Block="0" Page="36" />
  </Paragraph>
  <Paragraph>
    <Words Start="168" End="173" Block="0" Page="36" />
  </Paragraph>
  <Paragraph>
    <Words Start="174" End="184" Block="0" Page="36" />
  </Paragraph>
  <Paragraph>
    <Words Start="185" End="207" Block="0" Page="36" />
  </Paragraph>
  <Paragraph>
    <Words Start="208" End="249" Block="0" Page="36" />
    <Words Start="0" End="25" Block="0" Page="37" />
  </Paragraph>
  <Paragraph>
    <Words Start="26" End="45" Block="0" Page="37" />
  </Paragraph>
  <Paragraph>
    <Words Start="46" End="56" Block="0" Page="37" />
  </Paragraph>
  <Paragraph>
    <Words Start="57" End="83" Block="0" Page="37" />
  </Paragraph>
  <Paragraph>
    <Words Start="84" End="135" Block="0" Page="37" />
  </Paragraph>
  <Paragraph>
    <Words Start="136" End="171" Block="0" Page="37" />
  </Paragraph>
  <Paragraph>
    <Words Start="172" End="196" Block="0" Page="37" />
  </Paragraph>
  <Paragraph>
    <Words Start="197" End="205" Block="0" Page="37" />
  </Paragraph>
  <Paragraph>
    <Words Start="206" End="242" Block="0" Page="37" />
  </Paragraph>
  <Paragraph>
    <Words Start="0" End="7" Block="0" Page="38" />
  </Paragraph>
  <Paragraph>
    <Words Start="8" End="28" Block="0" Page="38" />
  </Paragraph>
  <Paragraph>
    <Words Start="29" End="78" Block="0" Page="38" />
  </Paragraph>
</Flow>