﻿<?xml version="1.0" encoding="utf-8"?>
<Flow Name="f21">
  <Paragraph>
    <Words Block="0" Page="130" />
  </Paragraph>
  <Paragraph>
    <Words Block="1" Page="130" />
  </Paragraph>
  <Paragraph>
    <Words Start="0" End="25" Block="2" Page="130" />
  </Paragraph>
  <Paragraph>
    <Words Start="26" End="48" Block="2" Page="130" />
  </Paragraph>
  <Paragraph>
    <Words Start="49" End="79" Block="2" Page="130" />
  </Paragraph>
  <Paragraph>
    <Words Start="80" End="99" Block="2" Page="130" />
  </Paragraph>
  <Paragraph>
    <Words Start="100" End="104" Block="2" Page="130" />
  </Paragraph>
  <Paragraph>
    <Words Start="105" End="133" Block="2" Page="130" />
  </Paragraph>
  <Paragraph>
    <Words Start="134" End="159" Block="2" Page="130" />
  </Paragraph>
  <Paragraph>
    <Words Start="0" End="60" Block="0" Page="131" />
  </Paragraph>
  <Paragraph>
    <Words Start="61" End="92" Block="0" Page="131" />
  </Paragraph>
  <Paragraph>
    <Words Start="93" End="124" Block="0" Page="131" />
  </Paragraph>
  <Paragraph>
    <Words Start="125" End="139" Block="0" Page="131" />
  </Paragraph>
  <Paragraph>
    <Words Start="140" End="156" Block="0" Page="131" />
  </Paragraph>
  <Paragraph>
    <Words Start="157" End="180" Block="0" Page="131" />
  </Paragraph>
  <Paragraph>
    <Words Start="181" End="217" Block="0" Page="131" />
  </Paragraph>
  <Paragraph>
    <Words Start="218" End="249" Block="0" Page="131" />
  </Paragraph>
  <Paragraph>
    <Words Start="250" End="264" Block="0" Page="131" />
  </Paragraph>
  <Paragraph>
    <Words Start="0" End="44" Block="0" Page="132" />
  </Paragraph>
  <Paragraph>
    <Words Start="45" End="72" Block="0" Page="132" />
  </Paragraph>
  <Paragraph>
    <Words Start="73" End="93" Block="0" Page="132" />
  </Paragraph>
  <Paragraph>
    <Words Start="94" End="108" Block="0" Page="132" />
  </Paragraph>
  <Paragraph>
    <Words Start="109" End="139" Block="0" Page="132" />
  </Paragraph>
  <Paragraph>
    <Words Start="140" End="156" Block="0" Page="132" />
  </Paragraph>
  <Paragraph>
    <Words Start="157" End="179" Block="0" Page="132" />
  </Paragraph>
  <Paragraph>
    <Words Start="180" End="197" Block="0" Page="132" />
  </Paragraph>
  <Paragraph>
    <Words Start="198" End="222" Block="0" Page="132" />
  </Paragraph>
  <Paragraph>
    <Words Start="223" End="223" Block="0" Page="132" />
  </Paragraph>
  <Paragraph>
    <Words Start="0" End="16" Block="0" Page="133" />
  </Paragraph>
  <Paragraph>
    <Words Start="17" End="68" Block="0" Page="133" />
  </Paragraph>
  <Paragraph>
    <Words Start="69" End="103" Block="0" Page="133" />
  </Paragraph>
  <Paragraph>
    <Words Start="104" End="140" Block="0" Page="133" />
  </Paragraph>
  <Paragraph>
    <Words Start="141" End="166" Block="0" Page="133" />
  </Paragraph>
  <Paragraph>
    <Words Start="167" End="213" Block="0" Page="133" />
  </Paragraph>
  <Paragraph>
    <Words Start="214" End="253" Block="0" Page="133" />
  </Paragraph>
  <Paragraph>
    <Words Start="0" End="23" Block="0" Page="134" />
  </Paragraph>
  <Paragraph>
    <Words Start="24" End="39" Block="0" Page="134" />
  </Paragraph>
  <Paragraph>
    <Words Start="40" End="50" Block="0" Page="134" />
  </Paragraph>
  <Paragraph>
    <Words Start="51" End="69" Block="0" Page="134" />
  </Paragraph>
  <Paragraph>
    <Words Start="70" End="100" Block="0" Page="134" />
  </Paragraph>
  <Paragraph>
    <Words Start="101" End="111" Block="0" Page="134" />
  </Paragraph>
  <Paragraph>
    <Words Start="112" End="133" Block="0" Page="134" />
  </Paragraph>
  <Paragraph>
    <Words Start="134" End="135" Block="0" Page="134" />
  </Paragraph>
  <Paragraph>
    <Words Start="136" End="147" Block="0" Page="134" />
  </Paragraph>
  <Paragraph>
    <Words Start="148" End="159" Block="0" Page="134" />
  </Paragraph>
  <Paragraph>
    <Words Start="160" End="186" Block="0" Page="134" />
  </Paragraph>
  <Paragraph>
    <Words Start="187" End="206" Block="0" Page="134" />
  </Paragraph>
  <Paragraph>
    <Words Start="207" End="210" Block="0" Page="134" />
  </Paragraph>
  <Paragraph>
    <Words Start="211" End="230" Block="0" Page="134" />
  </Paragraph>
  <Paragraph>
    <Words Start="231" End="231" Block="0" Page="134" />
    <Words Block="0" Page="135" />
  </Paragraph>
  <Paragraph>
    <Words Start="0" End="52" Block="1" Page="135" />
  </Paragraph>
  <Paragraph>
    <Words Start="53" End="55" Block="1" Page="135" />
  </Paragraph>
  <Paragraph>
    <Words Start="56" End="96" Block="1" Page="135" />
  </Paragraph>
  <Paragraph>
    <Words Start="97" End="124" Block="1" Page="135" />
  </Paragraph>
  <Paragraph>
    <Words Start="125" End="172" Block="1" Page="135" />
  </Paragraph>
  <Paragraph>
    <Words Start="173" End="183" Block="1" Page="135" />
  </Paragraph>
  <Paragraph>
    <Words Start="184" End="208" Block="1" Page="135" />
    <Words Start="0" End="23" Block="0" Page="136" />
  </Paragraph>
  <Paragraph>
    <Words Start="24" End="51" Block="0" Page="136" />
  </Paragraph>
  <Paragraph>
    <Words Start="52" End="60" Block="0" Page="136" />
  </Paragraph>
  <Paragraph>
    <Words Start="61" End="85" Block="0" Page="136" />
  </Paragraph>
  <Paragraph>
    <Words Start="86" End="105" Block="0" Page="136" />
  </Paragraph>
  <Paragraph>
    <Words Start="106" End="112" Block="0" Page="136" />
  </Paragraph>
  <Paragraph>
    <Words Start="113" End="144" Block="0" Page="136" />
  </Paragraph>
  <Paragraph>
    <Words Start="145" End="160" Block="0" Page="136" />
  </Paragraph>
  <Paragraph>
    <Words Start="161" End="197" Block="0" Page="136" />
  </Paragraph>
  <Paragraph>
    <Words Start="198" End="202" Block="0" Page="136" />
  </Paragraph>
  <Paragraph>
    <Words Start="203" End="221" Block="0" Page="136" />
  </Paragraph>
  <Paragraph>
    <Words Start="222" End="232" Block="0" Page="136" />
    <Words Start="0" End="37" Block="0" Page="137" />
  </Paragraph>
  <Paragraph>
    <Words Start="38" End="43" Block="0" Page="137" />
  </Paragraph>
  <Paragraph>
    <Words Start="44" End="63" Block="0" Page="137" />
  </Paragraph>
  <Paragraph>
    <Words Start="64" End="85" Block="0" Page="137" />
  </Paragraph>
  <Paragraph>
    <Words Start="86" End="89" Block="0" Page="137" />
  </Paragraph>
  <Paragraph>
    <Words Start="90" End="96" Block="0" Page="137" />
  </Paragraph>
  <Paragraph>
    <Words Start="97" End="141" Block="0" Page="137" />
  </Paragraph>
  <Paragraph>
    <Words Start="142" End="194" Block="0" Page="137" />
  </Paragraph>
  <Paragraph>
    <Words Start="195" End="207" Block="0" Page="137" />
  </Paragraph>
  <Paragraph>
    <Words Start="208" End="221" Block="0" Page="137" />
  </Paragraph>
  <Paragraph>
    <Words Start="0" End="11" Block="0" Page="138" />
  </Paragraph>
  <Paragraph>
    <Words Start="12" End="27" Block="0" Page="138" />
  </Paragraph>
  <Paragraph>
    <Words Start="28" End="47" Block="0" Page="138" />
  </Paragraph>
  <Paragraph>
    <Words Start="48" End="61" Block="0" Page="138" />
  </Paragraph>
  <Paragraph>
    <Words Start="62" End="118" Block="0" Page="138" />
  </Paragraph>
  <Paragraph>
    <Words Start="119" End="124" Block="0" Page="138" />
  </Paragraph>
  <Paragraph>
    <Words Start="125" End="130" Block="0" Page="138" />
  </Paragraph>
  <Paragraph>
    <Words Start="131" End="158" Block="0" Page="138" />
  </Paragraph>
  <Paragraph>
    <Words Start="159" End="178" Block="0" Page="138" />
  </Paragraph>
  <Paragraph>
    <Words Start="179" End="190" Block="0" Page="138" />
  </Paragraph>
  <Paragraph>
    <Words Start="191" End="239" Block="0" Page="138" />
  </Paragraph>
  <Paragraph>
    <Words Start="240" End="250" Block="0" Page="138" />
  </Paragraph>
  <Paragraph>
    <Words Start="251" End="251" Block="0" Page="138" />
  </Paragraph>
</Flow>