﻿<?xml version="1.0" encoding="utf-8"?>
<Flow Name="f4">
  <Paragraph>
    <Words Start="0" End="4" Block="0" Page="4" />
  </Paragraph>
  <Paragraph>
    <Words Start="5" End="5" Block="0" Page="4" />
  </Paragraph>
  <Paragraph>
    <Words Start="0" End="16" Block="1" Page="4" />
  </Paragraph>
  <Paragraph>
    <Words Start="17" End="17" Block="1" Page="4" />
  </Paragraph>
  <Paragraph>
    <Words Start="0" End="23" Block="2" Page="4" />
  </Paragraph>
  <Paragraph>
    <Words Start="24" End="30" Block="2" Page="4" />
  </Paragraph>
  <Paragraph>
    <Words Start="31" End="36" Block="2" Page="4" />
  </Paragraph>
  <Paragraph>
    <Words Start="37" End="37" Block="2" Page="4" />
  </Paragraph>
  <Paragraph>
    <Words Start="0" End="8" Block="3" Page="4" />
  </Paragraph>
  <Paragraph>
    <Words Start="9" End="12" Block="3" Page="4" />
  </Paragraph>
  <Paragraph>
    <Words Start="13" End="13" Block="3" Page="4" />
    <Words Block="4" Page="4" />
  </Paragraph>
  <Paragraph>
    <Words Start="0" End="8" Block="5" Page="4" />
  </Paragraph>
  <Paragraph>
    <Words Start="9" End="9" Block="5" Page="4" />
  </Paragraph>
  <Paragraph>
    <Words Start="0" End="4" Block="6" Page="4" />
  </Paragraph>
  <Paragraph>
    <Words Start="5" End="6" Block="6" Page="4" />
  </Paragraph>
  <Paragraph>
    <Words Start="7" End="17" Block="6" Page="4" />
  </Paragraph>
  <Paragraph>
    <Words Start="18" End="47" Block="6" Page="4" />
  </Paragraph>
  <Paragraph>
    <Words Start="48" End="50" Block="6" Page="4" />
  </Paragraph>
  <Paragraph>
    <Words Start="51" End="59" Block="6" Page="4" />
  </Paragraph>
  <Paragraph>
    <Words Start="60" End="61" Block="6" Page="4" />
  </Paragraph>
  <Paragraph>
    <Words Start="62" End="62" Block="6" Page="4" />
  </Paragraph>
  <Paragraph>
    <Words Start="63" End="63" Block="6" Page="4" />
  </Paragraph>
  <Paragraph>
    <Words Start="0" End="0" Block="7" Page="4" />
  </Paragraph>
  <Paragraph>
    <Words Start="1" End="1" Block="7" Page="4" />
  </Paragraph>
  <Paragraph>
    <Words Start="0" End="6" Block="8" Page="4" />
  </Paragraph>
  <Paragraph>
    <Words Start="7" End="8" Block="8" Page="4" />
  </Paragraph>
  <Paragraph>
    <Words Start="9" End="9" Block="8" Page="4" />
  </Paragraph>
</Flow>