﻿<?xml version="1.0" encoding="utf-8"?>
<Flow Name="f25">
  <Paragraph>
    <Words Block="0" Page="158" />
  </Paragraph>
  <Paragraph>
    <Words Block="1" Page="158" />
  </Paragraph>
  <Paragraph>
    <Words Start="0" End="19" Block="2" Page="158" />
  </Paragraph>
  <Paragraph>
    <Words Start="20" End="64" Block="2" Page="158" />
  </Paragraph>
  <Paragraph>
    <Words Start="65" End="89" Block="2" Page="158" />
  </Paragraph>
  <Paragraph>
    <Words Start="90" End="116" Block="2" Page="158" />
  </Paragraph>
  <Paragraph>
    <Words Start="117" End="122" Block="2" Page="158" />
  </Paragraph>
  <Paragraph>
    <Words Start="123" End="136" Block="2" Page="158" />
  </Paragraph>
  <Paragraph>
    <Words Start="137" End="145" Block="2" Page="158" />
  </Paragraph>
  <Paragraph>
    <Words Start="0" End="13" Block="0" Page="159" />
  </Paragraph>
  <Paragraph>
    <Words Start="14" End="15" Block="0" Page="159" />
  </Paragraph>
  <Paragraph>
    <Words Start="16" End="34" Block="0" Page="159" />
  </Paragraph>
  <Paragraph>
    <Words Start="35" End="68" Block="0" Page="159" />
  </Paragraph>
  <Paragraph>
    <Words Start="69" End="77" Block="0" Page="159" />
  </Paragraph>
  <Paragraph>
    <Words Start="78" End="84" Block="0" Page="159" />
  </Paragraph>
  <Paragraph>
    <Words Start="85" End="88" Block="0" Page="159" />
  </Paragraph>
  <Paragraph>
    <Words Start="89" End="100" Block="0" Page="159" />
  </Paragraph>
  <Paragraph>
    <Words Start="101" End="116" Block="0" Page="159" />
  </Paragraph>
  <Paragraph>
    <Words Start="117" End="127" Block="0" Page="159" />
  </Paragraph>
  <Paragraph>
    <Words Start="128" End="142" Block="0" Page="159" />
  </Paragraph>
  <Paragraph>
    <Words Start="143" End="153" Block="0" Page="159" />
  </Paragraph>
  <Paragraph>
    <Words Start="154" End="185" Block="0" Page="159" />
  </Paragraph>
  <Paragraph>
    <Words Start="186" End="206" Block="0" Page="159" />
  </Paragraph>
  <Paragraph>
    <Words Start="0" End="7" Block="0" Page="160" />
  </Paragraph>
  <Paragraph>
    <Words Start="8" End="32" Block="0" Page="160" />
  </Paragraph>
  <Paragraph>
    <Words Start="33" End="43" Block="0" Page="160" />
  </Paragraph>
  <Paragraph>
    <Words Start="44" End="51" Block="0" Page="160" />
  </Paragraph>
  <Paragraph>
    <Words Start="52" End="65" Block="0" Page="160" />
  </Paragraph>
  <Paragraph>
    <Words Start="66" End="73" Block="0" Page="160" />
  </Paragraph>
  <Paragraph>
    <Words Start="74" End="91" Block="0" Page="160" />
  </Paragraph>
  <Paragraph>
    <Words Start="92" End="138" Block="0" Page="160" />
  </Paragraph>
  <Paragraph>
    <Words Start="139" End="163" Block="0" Page="160" />
  </Paragraph>
  <Paragraph>
    <Words Start="164" End="185" Block="0" Page="160" />
  </Paragraph>
  <Paragraph>
    <Words Start="186" End="198" Block="0" Page="160" />
  </Paragraph>
  <Paragraph>
    <Words Start="199" End="220" Block="0" Page="160" />
  </Paragraph>
  <Paragraph>
    <Words Start="221" End="228" Block="0" Page="160" />
  </Paragraph>
  <Paragraph>
    <Words Start="229" End="236" Block="0" Page="160" />
  </Paragraph>
  <Paragraph>
    <Words Start="237" End="247" Block="0" Page="160" />
    <Words Start="0" End="10" Block="0" Page="161" />
  </Paragraph>
  <Paragraph>
    <Words Start="11" End="17" Block="0" Page="161" />
  </Paragraph>
  <Paragraph>
    <Words Start="18" End="62" Block="0" Page="161" />
  </Paragraph>
  <Paragraph>
    <Words Start="63" End="81" Block="0" Page="161" />
  </Paragraph>
  <Paragraph>
    <Words Start="82" End="87" Block="0" Page="161" />
  </Paragraph>
  <Paragraph>
    <Words Start="88" End="113" Block="0" Page="161" />
  </Paragraph>
  <Paragraph>
    <Words Start="114" End="122" Block="0" Page="161" />
  </Paragraph>
  <Paragraph>
    <Words Start="123" End="137" Block="0" Page="161" />
  </Paragraph>
  <Paragraph>
    <Words Start="138" End="154" Block="0" Page="161" />
  </Paragraph>
  <Paragraph>
    <Words Start="155" End="175" Block="0" Page="161" />
  </Paragraph>
  <Paragraph>
    <Words Start="176" End="186" Block="0" Page="161" />
  </Paragraph>
  <Paragraph>
    <Words Start="187" End="197" Block="0" Page="161" />
  </Paragraph>
  <Paragraph>
    <Words Start="198" End="216" Block="0" Page="161" />
  </Paragraph>
  <Paragraph>
    <Words Start="217" End="229" Block="0" Page="161" />
  </Paragraph>
</Flow>