﻿<?xml version="1.0" encoding="utf-8"?>
<Flow Name="f20">
  <Paragraph>
    <Words Block="0" Page="115" />
  </Paragraph>
  <Paragraph>
    <Words Block="1" Page="115" />
  </Paragraph>
  <Paragraph>
    <Words Start="0" End="55" Block="2" Page="115" />
  </Paragraph>
  <Paragraph>
    <Words Start="56" End="119" Block="2" Page="115" />
  </Paragraph>
  <Paragraph>
    <Words Start="120" End="170" Block="2" Page="115" />
  </Paragraph>
  <Paragraph>
    <Words Start="171" End="199" Block="2" Page="115" />
  </Paragraph>
  <Paragraph>
    <Words Start="0" End="24" Block="0" Page="116" />
  </Paragraph>
  <Paragraph>
    <Words Start="25" End="31" Block="0" Page="116" />
  </Paragraph>
  <Paragraph>
    <Words Start="32" End="46" Block="0" Page="116" />
  </Paragraph>
  <Paragraph>
    <Words Start="47" End="74" Block="0" Page="116" />
  </Paragraph>
  <Paragraph>
    <Words Start="75" End="132" Block="0" Page="116" />
  </Paragraph>
  <Paragraph>
    <Words Start="133" End="145" Block="0" Page="116" />
  </Paragraph>
  <Paragraph>
    <Words Start="146" End="180" Block="0" Page="116" />
  </Paragraph>
  <Paragraph>
    <Words Start="181" End="209" Block="0" Page="116" />
  </Paragraph>
  <Paragraph>
    <Words Start="210" End="232" Block="0" Page="116" />
    <Words Start="0" End="15" Block="0" Page="117" />
  </Paragraph>
  <Paragraph>
    <Words Start="16" End="48" Block="0" Page="117" />
  </Paragraph>
  <Paragraph>
    <Words Start="49" End="108" Block="0" Page="117" />
  </Paragraph>
  <Paragraph>
    <Words Start="109" End="150" Block="0" Page="117" />
  </Paragraph>
  <Paragraph>
    <Words Start="151" End="182" Block="0" Page="117" />
  </Paragraph>
  <Paragraph>
    <Words Start="183" End="220" Block="0" Page="117" />
  </Paragraph>
  <Paragraph>
    <Words Start="221" End="257" Block="0" Page="117" />
  </Paragraph>
  <Paragraph>
    <Words Start="0" End="38" Block="0" Page="118" />
  </Paragraph>
  <Paragraph>
    <Words Start="39" End="70" Block="0" Page="118" />
  </Paragraph>
  <Paragraph>
    <Words Start="71" End="77" Block="0" Page="118" />
  </Paragraph>
  <Paragraph>
    <Words Start="78" End="91" Block="0" Page="118" />
  </Paragraph>
  <Paragraph>
    <Words Start="92" End="125" Block="0" Page="118" />
  </Paragraph>
  <Paragraph>
    <Words Start="126" End="171" Block="0" Page="118" />
  </Paragraph>
  <Paragraph>
    <Words Start="172" End="192" Block="0" Page="118" />
  </Paragraph>
  <Paragraph>
    <Words Start="193" End="212" Block="0" Page="118" />
  </Paragraph>
  <Paragraph>
    <Words Start="213" End="228" Block="0" Page="118" />
  </Paragraph>
  <Paragraph>
    <Words Start="229" End="239" Block="0" Page="118" />
  </Paragraph>
  <Paragraph>
    <Words Start="240" End="240" Block="0" Page="118" />
    <Words Start="0" End="22" Block="0" Page="119" />
  </Paragraph>
  <Paragraph>
    <Words Start="23" End="38" Block="0" Page="119" />
  </Paragraph>
  <Paragraph>
    <Words Start="39" End="101" Block="0" Page="119" />
  </Paragraph>
  <Paragraph>
    <Words Start="102" End="130" Block="0" Page="119" />
  </Paragraph>
  <Paragraph>
    <Words Start="131" End="162" Block="0" Page="119" />
  </Paragraph>
  <Paragraph>
    <Words Start="163" End="191" Block="0" Page="119" />
  </Paragraph>
  <Paragraph>
    <Words Start="192" End="221" Block="0" Page="119" />
  </Paragraph>
  <Paragraph>
    <Words Start="222" End="242" Block="0" Page="119" />
  </Paragraph>
  <Paragraph>
    <Words Start="243" End="248" Block="0" Page="119" />
  </Paragraph>
  <Paragraph>
    <Words Start="0" End="10" Block="0" Page="120" />
  </Paragraph>
  <Paragraph>
    <Words Start="11" End="32" Block="0" Page="120" />
  </Paragraph>
  <Paragraph>
    <Words Start="33" End="52" Block="0" Page="120" />
  </Paragraph>
  <Paragraph>
    <Words Start="53" End="64" Block="0" Page="120" />
  </Paragraph>
  <Paragraph>
    <Words Start="65" End="96" Block="0" Page="120" />
  </Paragraph>
  <Paragraph>
    <Words Start="97" End="128" Block="0" Page="120" />
  </Paragraph>
  <Paragraph>
    <Words Start="129" End="139" Block="0" Page="120" />
  </Paragraph>
  <Paragraph>
    <Words Start="140" End="155" Block="0" Page="120" />
  </Paragraph>
  <Paragraph>
    <Words Start="156" End="169" Block="0" Page="120" />
  </Paragraph>
  <Paragraph>
    <Words Start="170" End="184" Block="0" Page="120" />
  </Paragraph>
  <Paragraph>
    <Words Start="185" End="216" Block="0" Page="120" />
  </Paragraph>
  <Paragraph>
    <Words Start="0" End="31" Block="0" Page="121" />
  </Paragraph>
  <Paragraph>
    <Words Start="32" End="49" Block="0" Page="121" />
  </Paragraph>
  <Paragraph>
    <Words Start="50" End="56" Block="0" Page="121" />
  </Paragraph>
  <Paragraph>
    <Words Start="57" End="67" Block="0" Page="121" />
  </Paragraph>
  <Paragraph>
    <Words Start="68" End="79" Block="0" Page="121" />
  </Paragraph>
  <Paragraph>
    <Words Start="80" End="91" Block="0" Page="121" />
  </Paragraph>
  <Paragraph>
    <Words Start="92" End="153" Block="0" Page="121" />
  </Paragraph>
  <Paragraph>
    <Words Start="154" End="163" Block="0" Page="121" />
  </Paragraph>
  <Paragraph>
    <Words Start="164" End="168" Block="0" Page="121" />
  </Paragraph>
  <Paragraph>
    <Words Start="169" End="195" Block="0" Page="121" />
  </Paragraph>
  <Paragraph>
    <Words Start="196" End="200" Block="0" Page="121" />
  </Paragraph>
  <Paragraph>
    <Words Start="201" End="225" Block="0" Page="121" />
  </Paragraph>
  <Paragraph>
    <Words Start="0" End="4" Block="0" Page="122" />
  </Paragraph>
  <Paragraph>
    <Words Start="5" End="38" Block="0" Page="122" />
  </Paragraph>
  <Paragraph>
    <Words Start="39" End="64" Block="0" Page="122" />
  </Paragraph>
  <Paragraph>
    <Words Start="65" End="78" Block="0" Page="122" />
  </Paragraph>
  <Paragraph>
    <Words Start="79" End="100" Block="0" Page="122" />
  </Paragraph>
  <Paragraph>
    <Words Start="101" End="124" Block="0" Page="122" />
  </Paragraph>
  <Paragraph>
    <Words Start="125" End="147" Block="0" Page="122" />
  </Paragraph>
  <Paragraph>
    <Words Start="148" End="158" Block="0" Page="122" />
  </Paragraph>
  <Paragraph>
    <Words Start="159" End="168" Block="0" Page="122" />
  </Paragraph>
  <Paragraph>
    <Words Start="169" End="223" Block="0" Page="122" />
    <Words Start="0" End="19" Block="0" Page="123" />
  </Paragraph>
  <Paragraph>
    <Words Start="20" End="40" Block="0" Page="123" />
  </Paragraph>
  <Paragraph>
    <Words Start="41" End="59" Block="0" Page="123" />
  </Paragraph>
  <Paragraph>
    <Words Start="60" End="119" Block="0" Page="123" />
  </Paragraph>
  <Paragraph>
    <Words Start="120" End="130" Block="0" Page="123" />
  </Paragraph>
  <Paragraph>
    <Words Start="131" End="136" Block="0" Page="123" />
  </Paragraph>
  <Paragraph>
    <Words Start="137" End="141" Block="0" Page="123" />
  </Paragraph>
  <Paragraph>
    <Words Start="142" End="162" Block="0" Page="123" />
  </Paragraph>
  <Paragraph>
    <Words Start="163" End="170" Block="0" Page="123" />
  </Paragraph>
  <Paragraph>
    <Words Start="171" End="183" Block="0" Page="123" />
  </Paragraph>
  <Paragraph>
    <Words Start="184" End="205" Block="0" Page="123" />
  </Paragraph>
  <Paragraph>
    <Words Start="206" End="216" Block="0" Page="123" />
  </Paragraph>
  <Paragraph>
    <Words Start="217" End="217" Block="0" Page="123" />
    <Words Start="0" End="14" Block="0" Page="124" />
  </Paragraph>
  <Paragraph>
    <Words Start="15" End="35" Block="0" Page="124" />
  </Paragraph>
  <Paragraph>
    <Words Start="36" End="40" Block="0" Page="124" />
  </Paragraph>
  <Paragraph>
    <Words Start="41" End="45" Block="0" Page="124" />
  </Paragraph>
  <Paragraph>
    <Words Start="46" End="60" Block="0" Page="124" />
  </Paragraph>
  <Paragraph>
    <Words Start="61" End="91" Block="0" Page="124" />
  </Paragraph>
  <Paragraph>
    <Words Start="92" End="112" Block="0" Page="124" />
  </Paragraph>
  <Paragraph>
    <Words Start="113" End="142" Block="0" Page="124" />
  </Paragraph>
  <Paragraph>
    <Words Start="143" End="161" Block="0" Page="124" />
  </Paragraph>
  <Paragraph>
    <Words Start="162" End="182" Block="0" Page="124" />
  </Paragraph>
  <Paragraph>
    <Words Start="183" End="225" Block="0" Page="124" />
  </Paragraph>
  <Paragraph>
    <Words Start="226" End="237" Block="0" Page="124" />
    <Words Start="0" End="11" Block="0" Page="125" />
  </Paragraph>
  <Paragraph>
    <Words Start="12" End="32" Block="0" Page="125" />
  </Paragraph>
  <Paragraph>
    <Words Start="33" End="39" Block="0" Page="125" />
  </Paragraph>
  <Paragraph>
    <Words Start="40" End="46" Block="0" Page="125" />
  </Paragraph>
  <Paragraph>
    <Words Start="47" End="65" Block="0" Page="125" />
  </Paragraph>
  <Paragraph>
    <Words Start="66" End="88" Block="0" Page="125" />
  </Paragraph>
  <Paragraph>
    <Words Start="89" End="113" Block="0" Page="125" />
  </Paragraph>
  <Paragraph>
    <Words Start="114" End="126" Block="0" Page="125" />
  </Paragraph>
  <Paragraph>
    <Words Start="127" End="144" Block="0" Page="125" />
  </Paragraph>
  <Paragraph>
    <Words Start="145" End="162" Block="0" Page="125" />
  </Paragraph>
  <Paragraph>
    <Words Start="163" End="167" Block="0" Page="125" />
  </Paragraph>
  <Paragraph>
    <Words Start="168" End="171" Block="0" Page="125" />
  </Paragraph>
  <Paragraph>
    <Words Start="172" End="200" Block="0" Page="125" />
  </Paragraph>
  <Paragraph>
    <Words Start="201" End="210" Block="0" Page="125" />
  </Paragraph>
  <Paragraph>
    <Words Start="0" End="33" Block="0" Page="126" />
  </Paragraph>
  <Paragraph>
    <Words Start="34" End="51" Block="0" Page="126" />
  </Paragraph>
  <Paragraph>
    <Words Start="52" End="57" Block="0" Page="126" />
  </Paragraph>
  <Paragraph>
    <Words Start="58" End="73" Block="0" Page="126" />
  </Paragraph>
  <Paragraph>
    <Words Start="74" End="80" Block="0" Page="126" />
  </Paragraph>
  <Paragraph>
    <Words Start="81" End="129" Block="0" Page="126" />
  </Paragraph>
  <Paragraph>
    <Words Start="130" End="135" Block="0" Page="126" />
  </Paragraph>
  <Paragraph>
    <Words Start="136" End="160" Block="0" Page="126" />
  </Paragraph>
  <Paragraph>
    <Words Start="161" End="174" Block="0" Page="126" />
  </Paragraph>
  <Paragraph>
    <Words Start="175" End="187" Block="0" Page="126" />
  </Paragraph>
  <Paragraph>
    <Words Start="188" End="191" Block="0" Page="126" />
  </Paragraph>
  <Paragraph>
    <Words Start="192" End="205" Block="0" Page="126" />
  </Paragraph>
  <Paragraph>
    <Words Start="206" End="228" Block="0" Page="126" />
  </Paragraph>
  <Paragraph>
    <Words Start="0" End="6" Block="0" Page="127" />
  </Paragraph>
  <Paragraph>
    <Words Start="7" End="43" Block="0" Page="127" />
  </Paragraph>
  <Paragraph>
    <Words Start="44" End="63" Block="0" Page="127" />
  </Paragraph>
  <Paragraph>
    <Words Start="64" End="96" Block="0" Page="127" />
  </Paragraph>
  <Paragraph>
    <Words Start="97" End="106" Block="0" Page="127" />
  </Paragraph>
  <Paragraph>
    <Words Start="107" End="120" Block="0" Page="127" />
  </Paragraph>
  <Paragraph>
    <Words Start="121" End="131" Block="0" Page="127" />
  </Paragraph>
  <Paragraph>
    <Words Start="132" End="160" Block="0" Page="127" />
  </Paragraph>
  <Paragraph>
    <Words Start="161" End="186" Block="0" Page="127" />
  </Paragraph>
  <Paragraph>
    <Words Start="187" End="199" Block="0" Page="127" />
  </Paragraph>
  <Paragraph>
    <Words Start="200" End="205" Block="0" Page="127" />
  </Paragraph>
  <Paragraph>
    <Words Start="206" End="214" Block="0" Page="127" />
  </Paragraph>
  <Paragraph>
    <Words Start="215" End="240" Block="0" Page="127" />
    <Words Start="0" End="31" Block="0" Page="128" />
  </Paragraph>
  <Paragraph>
    <Words Start="32" End="71" Block="0" Page="128" />
  </Paragraph>
  <Paragraph>
    <Words Start="72" End="96" Block="0" Page="128" />
  </Paragraph>
  <Paragraph>
    <Words Start="97" End="118" Block="0" Page="128" />
  </Paragraph>
  <Paragraph>
    <Words Start="119" End="131" Block="0" Page="128" />
  </Paragraph>
  <Paragraph>
    <Words Start="132" End="154" Block="0" Page="128" />
  </Paragraph>
  <Paragraph>
    <Words Start="155" End="172" Block="0" Page="128" />
  </Paragraph>
  <Paragraph>
    <Words Start="173" End="189" Block="0" Page="128" />
  </Paragraph>
  <Paragraph>
    <Words Start="190" End="224" Block="0" Page="128" />
  </Paragraph>
  <Paragraph>
    <Words Start="225" End="243" Block="0" Page="128" />
  </Paragraph>
  <Paragraph>
    <Words Start="0" End="7" Block="0" Page="129" />
  </Paragraph>
  <Paragraph>
    <Words Start="8" End="27" Block="0" Page="129" />
  </Paragraph>
  <Paragraph>
    <Words Start="28" End="46" Block="0" Page="129" />
  </Paragraph>
  <Paragraph>
    <Words Start="47" End="56" Block="0" Page="129" />
  </Paragraph>
  <Paragraph>
    <Words Start="57" End="68" Block="0" Page="129" />
  </Paragraph>
  <Paragraph>
    <Words Start="69" End="78" Block="0" Page="129" />
  </Paragraph>
  <Paragraph>
    <Words Start="79" End="89" Block="0" Page="129" />
  </Paragraph>
</Flow>