﻿<?xml version="1.0" encoding="utf-8"?>
<Flow Name="f29">
  <Paragraph>
    <Words Block="0" Page="189" />
  </Paragraph>
  <Paragraph>
    <Words Block="1" Page="189" />
  </Paragraph>
  <Paragraph>
    <Words Start="0" End="36" Block="2" Page="189" />
  </Paragraph>
  <Paragraph>
    <Words Start="37" End="67" Block="2" Page="189" />
  </Paragraph>
  <Paragraph>
    <Words Start="68" End="99" Block="2" Page="189" />
  </Paragraph>
  <Paragraph>
    <Words Start="100" End="144" Block="2" Page="189" />
  </Paragraph>
  <Paragraph>
    <Words Start="145" End="166" Block="2" Page="189" />
  </Paragraph>
  <Paragraph>
    <Words Start="167" End="178" Block="2" Page="189" />
    <Words Start="0" End="22" Block="0" Page="190" />
  </Paragraph>
  <Paragraph>
    <Words Start="23" End="84" Block="0" Page="190" />
  </Paragraph>
  <Paragraph>
    <Words Start="85" End="95" Block="0" Page="190" />
  </Paragraph>
  <Paragraph>
    <Words Start="96" End="118" Block="0" Page="190" />
  </Paragraph>
  <Paragraph>
    <Words Start="119" End="159" Block="0" Page="190" />
  </Paragraph>
  <Paragraph>
    <Words Start="160" End="178" Block="0" Page="190" />
  </Paragraph>
  <Paragraph>
    <Words Start="179" End="211" Block="0" Page="190" />
  </Paragraph>
  <Paragraph>
    <Words Start="212" End="220" Block="0" Page="190" />
  </Paragraph>
  <Paragraph>
    <Words Start="221" End="232" Block="0" Page="190" />
  </Paragraph>
  <Paragraph>
    <Words Start="233" End="236" Block="0" Page="190" />
  </Paragraph>
  <Paragraph>
    <Words Start="237" End="237" Block="0" Page="190" />
  </Paragraph>
  <Paragraph>
    <Words Start="0" End="13" Block="0" Page="191" />
  </Paragraph>
  <Paragraph>
    <Words Start="14" End="26" Block="0" Page="191" />
  </Paragraph>
  <Paragraph>
    <Words Start="27" End="36" Block="0" Page="191" />
  </Paragraph>
  <Paragraph>
    <Words Start="37" End="41" Block="0" Page="191" />
  </Paragraph>
  <Paragraph>
    <Words Start="42" End="56" Block="0" Page="191" />
  </Paragraph>
  <Paragraph>
    <Words Start="57" End="65" Block="0" Page="191" />
  </Paragraph>
  <Paragraph>
    <Words Start="66" End="87" Block="0" Page="191" />
  </Paragraph>
  <Paragraph>
    <Words Start="88" End="105" Block="0" Page="191" />
  </Paragraph>
  <Paragraph>
    <Words Start="106" End="136" Block="0" Page="191" />
  </Paragraph>
  <Paragraph>
    <Words Start="137" End="147" Block="0" Page="191" />
  </Paragraph>
  <Paragraph>
    <Words Start="148" End="166" Block="0" Page="191" />
  </Paragraph>
  <Paragraph>
    <Words Start="167" End="197" Block="0" Page="191" />
  </Paragraph>
  <Paragraph>
    <Words Start="198" End="200" Block="0" Page="191" />
  </Paragraph>
  <Paragraph>
    <Words Start="201" End="201" Block="0" Page="191" />
  </Paragraph>
  <Paragraph>
    <Words Start="0" End="51" Block="0" Page="192" />
  </Paragraph>
  <Paragraph>
    <Words Start="52" End="95" Block="0" Page="192" />
  </Paragraph>
  <Paragraph>
    <Words Start="96" End="102" Block="0" Page="192" />
  </Paragraph>
  <Paragraph>
    <Words Start="103" End="122" Block="0" Page="192" />
  </Paragraph>
  <Paragraph>
    <Words Start="123" End="126" Block="0" Page="192" />
  </Paragraph>
  <Paragraph>
    <Words Start="127" End="149" Block="0" Page="192" />
  </Paragraph>
  <Paragraph>
    <Words Start="150" End="210" Block="0" Page="192" />
  </Paragraph>
  <Paragraph>
    <Words Start="211" End="246" Block="0" Page="192" />
    <Words Start="0" End="10" Block="0" Page="193" />
  </Paragraph>
  <Paragraph>
    <Words Start="11" End="24" Block="0" Page="193" />
  </Paragraph>
  <Paragraph>
    <Words Start="25" End="30" Block="0" Page="193" />
  </Paragraph>
  <Paragraph>
    <Words Start="31" End="40" Block="0" Page="193" />
  </Paragraph>
  <Paragraph>
    <Words Start="41" End="48" Block="0" Page="193" />
  </Paragraph>
  <Paragraph>
    <Words Start="49" End="57" Block="0" Page="193" />
  </Paragraph>
  <Paragraph>
    <Words Start="58" End="71" Block="0" Page="193" />
  </Paragraph>
  <Paragraph>
    <Words Start="72" End="87" Block="0" Page="193" />
  </Paragraph>
  <Paragraph>
    <Words Start="88" End="120" Block="0" Page="193" />
  </Paragraph>
  <Paragraph>
    <Words Start="121" End="154" Block="0" Page="193" />
  </Paragraph>
  <Paragraph>
    <Words Start="155" End="169" Block="0" Page="193" />
  </Paragraph>
  <Paragraph>
    <Words Start="170" End="195" Block="0" Page="193" />
  </Paragraph>
  <Paragraph>
    <Words Start="196" End="218" Block="0" Page="193" />
  </Paragraph>
  <Paragraph>
    <Words Start="0" End="14" Block="0" Page="194" />
  </Paragraph>
  <Paragraph>
    <Words Start="15" End="24" Block="0" Page="194" />
  </Paragraph>
  <Paragraph>
    <Words Start="25" End="30" Block="0" Page="194" />
  </Paragraph>
  <Paragraph>
    <Words Start="31" End="55" Block="0" Page="194" />
  </Paragraph>
  <Paragraph>
    <Words Start="56" End="74" Block="0" Page="194" />
  </Paragraph>
  <Paragraph>
    <Words Start="75" End="92" Block="0" Page="194" />
  </Paragraph>
  <Paragraph>
    <Words Start="93" End="117" Block="0" Page="194" />
  </Paragraph>
  <Paragraph>
    <Words Start="118" End="125" Block="0" Page="194" />
  </Paragraph>
  <Paragraph>
    <Words Start="126" End="134" Block="0" Page="194" />
  </Paragraph>
  <Paragraph>
    <Words Start="135" End="145" Block="0" Page="194" />
  </Paragraph>
  <Paragraph>
    <Words Start="146" End="167" Block="0" Page="194" />
  </Paragraph>
  <Paragraph>
    <Words Start="168" End="181" Block="0" Page="194" />
  </Paragraph>
  <Paragraph>
    <Words Start="182" End="211" Block="0" Page="194" />
  </Paragraph>
</Flow>