﻿<?xml version="1.0" encoding="utf-8"?>
<Flow Name="f11">
  <Paragraph>
    <Words Block="0" Page="50" />
  </Paragraph>
  <Paragraph>
    <Words Block="1" Page="50" />
  </Paragraph>
  <Paragraph>
    <Words Start="0" End="28" Block="2" Page="50" />
  </Paragraph>
  <Paragraph>
    <Words Start="29" End="36" Block="2" Page="50" />
  </Paragraph>
  <Paragraph>
    <Words Start="37" End="60" Block="2" Page="50" />
  </Paragraph>
  <Paragraph>
    <Words Start="61" End="69" Block="2" Page="50" />
  </Paragraph>
  <Paragraph>
    <Words Start="70" End="77" Block="2" Page="50" />
  </Paragraph>
  <Paragraph>
    <Words Start="78" End="127" Block="2" Page="50" />
  </Paragraph>
  <Paragraph>
    <Words Start="128" End="169" Block="2" Page="50" />
  </Paragraph>
  <Paragraph>
    <Words Start="0" End="2" Block="0" Page="51" />
  </Paragraph>
  <Paragraph>
    <Words Start="3" End="25" Block="0" Page="51" />
  </Paragraph>
  <Paragraph>
    <Words Start="26" End="38" Block="0" Page="51" />
  </Paragraph>
  <Paragraph>
    <Words Start="39" End="57" Block="0" Page="51" />
  </Paragraph>
  <Paragraph>
    <Words Start="58" End="63" Block="0" Page="51" />
  </Paragraph>
  <Paragraph>
    <Words Start="64" End="95" Block="0" Page="51" />
  </Paragraph>
  <Paragraph>
    <Words Start="96" End="127" Block="0" Page="51" />
  </Paragraph>
  <Paragraph>
    <Words Start="128" End="136" Block="0" Page="51" />
  </Paragraph>
  <Paragraph>
    <Words Start="137" End="163" Block="0" Page="51" />
  </Paragraph>
  <Paragraph>
    <Words Start="164" End="201" Block="0" Page="51" />
  </Paragraph>
  <Paragraph>
    <Words Start="202" End="207" Block="0" Page="51" />
  </Paragraph>
  <Paragraph>
    <Words Start="208" End="217" Block="0" Page="51" />
  </Paragraph>
  <Paragraph>
    <Words Start="218" End="227" Block="0" Page="51" />
  </Paragraph>
  <Paragraph>
    <Words Start="0" End="37" Block="0" Page="52" />
  </Paragraph>
  <Paragraph>
    <Words Start="38" End="48" Block="0" Page="52" />
  </Paragraph>
  <Paragraph>
    <Words Start="49" End="91" Block="0" Page="52" />
  </Paragraph>
  <Paragraph>
    <Words Start="92" End="98" Block="0" Page="52" />
  </Paragraph>
  <Paragraph>
    <Words Start="99" End="120" Block="0" Page="52" />
  </Paragraph>
  <Paragraph>
    <Words Start="121" End="141" Block="0" Page="52" />
  </Paragraph>
  <Paragraph>
    <Words Start="142" End="170" Block="0" Page="52" />
  </Paragraph>
  <Paragraph>
    <Words Start="171" End="195" Block="0" Page="52" />
  </Paragraph>
  <Paragraph>
    <Words Start="196" End="200" Block="0" Page="52" />
  </Paragraph>
  <Paragraph>
    <Words Start="201" End="219" Block="0" Page="52" />
  </Paragraph>
  <Paragraph>
    <Words Start="220" End="230" Block="0" Page="52" />
    <Words Start="0" End="26" Block="0" Page="53" />
  </Paragraph>
  <Paragraph>
    <Words Start="27" End="61" Block="0" Page="53" />
  </Paragraph>
  <Paragraph>
    <Words Start="62" End="84" Block="0" Page="53" />
  </Paragraph>
  <Paragraph>
    <Words Start="85" End="113" Block="0" Page="53" />
  </Paragraph>
  <Paragraph>
    <Words Start="114" End="166" Block="0" Page="53" />
  </Paragraph>
  <Paragraph>
    <Words Start="167" End="200" Block="0" Page="53" />
  </Paragraph>
  <Paragraph>
    <Words Start="201" End="207" Block="0" Page="53" />
  </Paragraph>
  <Paragraph>
    <Words Start="208" End="237" Block="0" Page="53" />
  </Paragraph>
  <Paragraph>
    <Words Start="238" End="251" Block="0" Page="53" />
  </Paragraph>
  <Paragraph>
    <Words Start="0" End="15" Block="0" Page="54" />
  </Paragraph>
  <Paragraph>
    <Words Start="16" End="46" Block="0" Page="54" />
  </Paragraph>
  <Paragraph>
    <Words Start="47" End="62" Block="0" Page="54" />
  </Paragraph>
  <Paragraph>
    <Words Start="63" End="86" Block="0" Page="54" />
  </Paragraph>
  <Paragraph>
    <Words Start="87" End="113" Block="0" Page="54" />
  </Paragraph>
  <Paragraph>
    <Words Start="114" End="144" Block="0" Page="54" />
  </Paragraph>
  <Paragraph>
    <Words Start="145" End="183" Block="0" Page="54" />
  </Paragraph>
  <Paragraph>
    <Words Start="184" End="246" Block="0" Page="54" />
  </Paragraph>
  <Paragraph>
    <Words Start="0" End="30" Block="0" Page="55" />
  </Paragraph>
  <Paragraph>
    <Words Start="31" End="73" Block="0" Page="55" />
  </Paragraph>
  <Paragraph>
    <Words Start="74" End="130" Block="0" Page="55" />
  </Paragraph>
  <Paragraph>
    <Words Start="131" End="153" Block="0" Page="55" />
  </Paragraph>
  <Paragraph>
    <Words Start="154" End="194" Block="0" Page="55" />
  </Paragraph>
</Flow>