﻿<?xml version="1.0" encoding="utf-8"?>
<Flow Name="f8">
  <Paragraph>
    <Words Block="0" Page="19" />
  </Paragraph>
  <Paragraph>
    <Words Block="1" Page="19" />
  </Paragraph>
  <Paragraph>
    <Words Start="0" End="51" Block="2" Page="19" />
  </Paragraph>
  <Paragraph>
    <Words Start="52" End="68" Block="2" Page="19" />
  </Paragraph>
  <Paragraph>
    <Words Start="69" End="81" Block="2" Page="19" />
  </Paragraph>
  <Paragraph>
    <Words Start="82" End="96" Block="2" Page="19" />
  </Paragraph>
  <Paragraph>
    <Words Start="97" End="124" Block="2" Page="19" />
  </Paragraph>
  <Paragraph>
    <Words Start="125" End="165" Block="2" Page="19" />
  </Paragraph>
  <Paragraph>
    <Words Start="0" End="7" Block="0" Page="20" />
  </Paragraph>
  <Paragraph>
    <Words Start="8" End="13" Block="0" Page="20" />
  </Paragraph>
  <Paragraph>
    <Words Start="14" End="36" Block="0" Page="20" />
  </Paragraph>
  <Paragraph>
    <Words Start="37" End="48" Block="0" Page="20" />
  </Paragraph>
  <Paragraph>
    <Words Start="49" End="81" Block="0" Page="20" />
  </Paragraph>
  <Paragraph>
    <Words Start="82" End="151" Block="0" Page="20" />
  </Paragraph>
  <Paragraph>
    <Words Start="152" End="184" Block="0" Page="20" />
  </Paragraph>
  <Paragraph>
    <Words Start="185" End="202" Block="0" Page="20" />
  </Paragraph>
  <Paragraph>
    <Words Start="203" End="235" Block="0" Page="20" />
  </Paragraph>
  <Paragraph>
    <Words Start="236" End="270" Block="0" Page="20" />
  </Paragraph>
  <Paragraph>
    <Words Start="0" End="43" Block="0" Page="21" />
  </Paragraph>
  <Paragraph>
    <Words Start="44" End="93" Block="0" Page="21" />
  </Paragraph>
  <Paragraph>
    <Words Start="94" End="118" Block="0" Page="21" />
  </Paragraph>
  <Paragraph>
    <Words Start="119" End="155" Block="0" Page="21" />
  </Paragraph>
  <Paragraph>
    <Words Start="156" End="194" Block="0" Page="21" />
  </Paragraph>
  <Paragraph>
    <Words Start="195" End="232" Block="0" Page="21" />
  </Paragraph>
  <Paragraph>
    <Words Start="233" End="250" Block="0" Page="21" />
  </Paragraph>
  <Paragraph>
    <Words Start="0" End="27" Block="0" Page="22" />
  </Paragraph>
  <Paragraph>
    <Words Start="28" End="44" Block="0" Page="22" />
  </Paragraph>
  <Paragraph>
    <Words Start="45" End="57" Block="0" Page="22" />
  </Paragraph>
  <Paragraph>
    <Words Start="58" End="66" Block="0" Page="22" />
  </Paragraph>
  <Paragraph>
    <Words Start="67" End="77" Block="0" Page="22" />
  </Paragraph>
  <Paragraph>
    <Words Start="78" End="96" Block="0" Page="22" />
  </Paragraph>
  <Paragraph>
    <Words Start="97" End="104" Block="0" Page="22" />
  </Paragraph>
  <Paragraph>
    <Words Start="105" End="106" Block="0" Page="22" />
  </Paragraph>
  <Paragraph>
    <Words Start="107" End="124" Block="0" Page="22" />
  </Paragraph>
  <Paragraph>
    <Words Start="125" End="153" Block="0" Page="22" />
  </Paragraph>
  <Paragraph>
    <Words Start="154" End="160" Block="0" Page="22" />
  </Paragraph>
  <Paragraph>
    <Words Start="161" End="165" Block="0" Page="22" />
  </Paragraph>
  <Paragraph>
    <Words Start="166" End="207" Block="0" Page="22" />
  </Paragraph>
  <Paragraph>
    <Words Start="208" End="219" Block="0" Page="22" />
    <Words Start="0" End="21" Block="0" Page="23" />
  </Paragraph>
  <Paragraph>
    <Words Start="22" End="74" Block="0" Page="23" />
  </Paragraph>
  <Paragraph>
    <Words Start="75" End="92" Block="0" Page="23" />
  </Paragraph>
  <Paragraph>
    <Words Start="93" End="101" Block="0" Page="23" />
  </Paragraph>
  <Paragraph>
    <Words Start="102" End="135" Block="0" Page="23" />
  </Paragraph>
  <Paragraph>
    <Words Start="136" End="149" Block="0" Page="23" />
  </Paragraph>
  <Paragraph>
    <Words Start="150" End="152" Block="0" Page="23" />
  </Paragraph>
  <Paragraph>
    <Words Start="153" End="160" Block="0" Page="23" />
  </Paragraph>
  <Paragraph>
    <Words Start="161" End="185" Block="0" Page="23" />
  </Paragraph>
  <Paragraph>
    <Words Start="186" End="210" Block="0" Page="23" />
  </Paragraph>
  <Paragraph>
    <Words Start="211" End="216" Block="0" Page="23" />
  </Paragraph>
  <Paragraph>
    <Words Start="217" End="220" Block="0" Page="23" />
  </Paragraph>
  <Paragraph>
    <Words Start="0" End="3" Block="0" Page="24" />
  </Paragraph>
  <Paragraph>
    <Words Start="4" End="26" Block="0" Page="24" />
  </Paragraph>
  <Paragraph>
    <Words Start="27" End="90" Block="0" Page="24" />
  </Paragraph>
  <Paragraph>
    <Words Start="91" End="123" Block="0" Page="24" />
  </Paragraph>
  <Paragraph>
    <Words Start="124" End="141" Block="0" Page="24" />
  </Paragraph>
  <Paragraph>
    <Words Start="142" End="159" Block="0" Page="24" />
  </Paragraph>
  <Paragraph>
    <Words Start="160" End="184" Block="0" Page="24" />
  </Paragraph>
  <Paragraph>
    <Words Start="185" End="206" Block="0" Page="24" />
  </Paragraph>
  <Paragraph>
    <Words Start="207" End="217" Block="0" Page="24" />
  </Paragraph>
  <Paragraph>
    <Words Start="218" End="227" Block="0" Page="24" />
  </Paragraph>
  <Paragraph>
    <Words Start="228" End="244" Block="0" Page="24" />
  </Paragraph>
  <Paragraph>
    <Words Start="0" End="53" Block="0" Page="25" />
  </Paragraph>
  <Paragraph>
    <Words Start="54" End="89" Block="0" Page="25" />
  </Paragraph>
  <Paragraph>
    <Words Start="90" End="140" Block="0" Page="25" />
  </Paragraph>
  <Paragraph>
    <Words Start="141" End="162" Block="0" Page="25" />
  </Paragraph>
  <Paragraph>
    <Words Start="163" End="223" Block="0" Page="25" />
  </Paragraph>
  <Paragraph>
    <Words Start="224" End="248" Block="0" Page="25" />
  </Paragraph>
  <Paragraph>
    <Words Start="249" End="257" Block="0" Page="25" />
    <Words Start="0" End="58" Block="0" Page="26" />
  </Paragraph>
  <Paragraph>
    <Words Start="59" End="82" Block="0" Page="26" />
  </Paragraph>
  <Paragraph>
    <Words Start="83" End="104" Block="0" Page="26" />
  </Paragraph>
  <Paragraph>
    <Words Start="105" End="105" Block="0" Page="26" />
  </Paragraph>
  <Paragraph>
    <Words Start="106" End="113" Block="0" Page="26" />
  </Paragraph>
  <Paragraph>
    <Words Start="114" End="130" Block="0" Page="26" />
  </Paragraph>
  <Paragraph>
    <Words Start="131" End="131" Block="0" Page="26" />
  </Paragraph>
  <Paragraph>
    <Words Start="132" End="137" Block="0" Page="26" />
  </Paragraph>
  <Paragraph>
    <Words Start="138" End="149" Block="0" Page="26" />
  </Paragraph>
  <Paragraph>
    <Words Start="150" End="194" Block="0" Page="26" />
  </Paragraph>
</Flow>