﻿<?xml version="1.0" encoding="utf-8"?>
<Flow Name="f26">
  <Paragraph>
    <Words Block="0" Page="162" />
  </Paragraph>
  <Paragraph>
    <Words Block="1" Page="162" />
  </Paragraph>
  <Paragraph>
    <Words Start="0" End="49" Block="2" Page="162" />
  </Paragraph>
  <Paragraph>
    <Words Start="50" End="75" Block="2" Page="162" />
  </Paragraph>
  <Paragraph>
    <Words Start="76" End="86" Block="2" Page="162" />
  </Paragraph>
  <Paragraph>
    <Words Start="87" End="110" Block="2" Page="162" />
  </Paragraph>
  <Paragraph>
    <Words Start="111" End="121" Block="2" Page="162" />
  </Paragraph>
  <Paragraph>
    <Words Start="122" End="147" Block="2" Page="162" />
  </Paragraph>
  <Paragraph>
    <Words Start="0" End="11" Block="0" Page="163" />
  </Paragraph>
  <Paragraph>
    <Words Start="12" End="57" Block="0" Page="163" />
  </Paragraph>
  <Paragraph>
    <Words Start="58" End="101" Block="0" Page="163" />
  </Paragraph>
  <Paragraph>
    <Words Start="102" End="108" Block="0" Page="163" />
  </Paragraph>
  <Paragraph>
    <Words Start="109" End="168" Block="0" Page="163" />
  </Paragraph>
  <Paragraph>
    <Words Start="169" End="214" Block="0" Page="163" />
  </Paragraph>
  <Paragraph>
    <Words Start="215" End="225" Block="0" Page="163" />
  </Paragraph>
  <Paragraph>
    <Words Start="226" End="248" Block="0" Page="163" />
  </Paragraph>
  <Paragraph>
    <Words Start="249" End="268" Block="0" Page="163" />
  </Paragraph>
  <Paragraph>
    <Words Start="0" End="21" Block="0" Page="164" />
  </Paragraph>
  <Paragraph>
    <Words Start="22" End="55" Block="0" Page="164" />
  </Paragraph>
  <Paragraph>
    <Words Start="56" End="98" Block="0" Page="164" />
  </Paragraph>
  <Paragraph>
    <Words Start="99" End="157" Block="0" Page="164" />
  </Paragraph>
  <Paragraph>
    <Words Start="158" End="165" Block="0" Page="164" />
  </Paragraph>
  <Paragraph>
    <Words Start="166" End="179" Block="0" Page="164" />
  </Paragraph>
  <Paragraph>
    <Words Start="180" End="195" Block="0" Page="164" />
  </Paragraph>
  <Paragraph>
    <Words Start="196" End="210" Block="0" Page="164" />
  </Paragraph>
  <Paragraph>
    <Words Start="211" End="248" Block="0" Page="164" />
    <Words Start="0" End="16" Block="0" Page="165" />
  </Paragraph>
  <Paragraph>
    <Words Start="17" End="24" Block="0" Page="165" />
  </Paragraph>
  <Paragraph>
    <Words Start="25" End="31" Block="0" Page="165" />
  </Paragraph>
  <Paragraph>
    <Words Start="32" End="61" Block="0" Page="165" />
  </Paragraph>
  <Paragraph>
    <Words Start="62" End="101" Block="0" Page="165" />
  </Paragraph>
  <Paragraph>
    <Words Start="102" End="156" Block="0" Page="165" />
  </Paragraph>
  <Paragraph>
    <Words Start="157" End="165" Block="0" Page="165" />
  </Paragraph>
  <Paragraph>
    <Words Start="166" End="183" Block="0" Page="165" />
  </Paragraph>
  <Paragraph>
    <Words Start="184" End="188" Block="0" Page="165" />
  </Paragraph>
  <Paragraph>
    <Words Start="189" End="196" Block="0" Page="165" />
  </Paragraph>
  <Paragraph>
    <Words Start="197" End="209" Block="0" Page="165" />
  </Paragraph>
  <Paragraph>
    <Words Start="210" End="235" Block="0" Page="165" />
  </Paragraph>
  <Paragraph>
    <Words Start="0" End="19" Block="0" Page="166" />
  </Paragraph>
  <Paragraph>
    <Words Start="20" End="23" Block="0" Page="166" />
  </Paragraph>
  <Paragraph>
    <Words Start="24" End="50" Block="0" Page="166" />
  </Paragraph>
  <Paragraph>
    <Words Start="51" End="54" Block="0" Page="166" />
  </Paragraph>
  <Paragraph>
    <Words Start="55" End="100" Block="0" Page="166" />
  </Paragraph>
  <Paragraph>
    <Words Start="101" End="124" Block="0" Page="166" />
  </Paragraph>
  <Paragraph>
    <Words Start="125" End="180" Block="0" Page="166" />
  </Paragraph>
  <Paragraph>
    <Words Start="181" End="199" Block="0" Page="166" />
  </Paragraph>
  <Paragraph>
    <Words Start="200" End="216" Block="0" Page="166" />
  </Paragraph>
  <Paragraph>
    <Words Start="217" End="235" Block="0" Page="166" />
  </Paragraph>
  <Paragraph>
    <Words Start="0" End="18" Block="0" Page="167" />
  </Paragraph>
  <Paragraph>
    <Words Start="19" End="26" Block="0" Page="167" />
  </Paragraph>
  <Paragraph>
    <Words Start="27" End="60" Block="0" Page="167" />
  </Paragraph>
  <Paragraph>
    <Words Start="61" End="74" Block="0" Page="167" />
  </Paragraph>
  <Paragraph>
    <Words Start="75" End="102" Block="0" Page="167" />
  </Paragraph>
  <Paragraph>
    <Words Start="103" End="128" Block="0" Page="167" />
  </Paragraph>
  <Paragraph>
    <Words Start="129" End="175" Block="0" Page="167" />
  </Paragraph>
  <Paragraph>
    <Words Start="176" End="202" Block="0" Page="167" />
  </Paragraph>
  <Paragraph>
    <Words Start="203" End="205" Block="0" Page="167" />
  </Paragraph>
  <Paragraph>
    <Words Start="206" End="211" Block="0" Page="167" />
  </Paragraph>
</Flow>