﻿<?xml version="1.0" encoding="utf-8"?>
<Flow Name="f22">
  <Paragraph>
    <Words Block="0" Page="139" />
  </Paragraph>
  <Paragraph>
    <Words Block="1" Page="139" />
  </Paragraph>
  <Paragraph>
    <Words Start="0" End="75" Block="2" Page="139" />
  </Paragraph>
  <Paragraph>
    <Words Start="76" End="106" Block="2" Page="139" />
  </Paragraph>
  <Paragraph>
    <Words Start="107" End="116" Block="2" Page="139" />
  </Paragraph>
  <Paragraph>
    <Words Start="117" End="134" Block="2" Page="139" />
  </Paragraph>
  <Paragraph>
    <Words Start="135" End="141" Block="2" Page="139" />
  </Paragraph>
  <Paragraph>
    <Words Start="142" End="145" Block="2" Page="139" />
  </Paragraph>
  <Paragraph>
    <Words Start="146" End="163" Block="2" Page="139" />
  </Paragraph>
  <Paragraph>
    <Words Start="0" End="32" Block="0" Page="140" />
  </Paragraph>
  <Paragraph>
    <Words Start="33" End="42" Block="0" Page="140" />
  </Paragraph>
  <Paragraph>
    <Words Start="43" End="64" Block="0" Page="140" />
  </Paragraph>
  <Paragraph>
    <Words Start="65" End="104" Block="0" Page="140" />
  </Paragraph>
  <Paragraph>
    <Words Start="105" End="116" Block="0" Page="140" />
  </Paragraph>
  <Paragraph>
    <Words Start="117" End="138" Block="0" Page="140" />
  </Paragraph>
  <Paragraph>
    <Words Start="139" End="144" Block="0" Page="140" />
  </Paragraph>
  <Paragraph>
    <Words Start="145" End="186" Block="0" Page="140" />
  </Paragraph>
  <Paragraph>
    <Words Start="187" End="197" Block="0" Page="140" />
  </Paragraph>
  <Paragraph>
    <Words Start="198" End="240" Block="0" Page="140" />
  </Paragraph>
  <Paragraph>
    <Words Start="241" End="267" Block="0" Page="140" />
    <Words Start="0" End="16" Block="0" Page="141" />
  </Paragraph>
  <Paragraph>
    <Words Start="17" End="60" Block="0" Page="141" />
  </Paragraph>
  <Paragraph>
    <Words Start="61" End="62" Block="0" Page="141" />
  </Paragraph>
  <Paragraph>
    <Words Start="63" End="113" Block="0" Page="141" />
  </Paragraph>
  <Paragraph>
    <Words Start="114" End="153" Block="0" Page="141" />
  </Paragraph>
  <Paragraph>
    <Words Start="154" End="198" Block="0" Page="141" />
  </Paragraph>
  <Paragraph>
    <Words Start="199" End="211" Block="0" Page="141" />
  </Paragraph>
  <Paragraph>
    <Words Start="212" End="225" Block="0" Page="141" />
  </Paragraph>
  <Paragraph>
    <Words Start="226" End="230" Block="0" Page="141" />
  </Paragraph>
  <Paragraph>
    <Words Start="0" End="4" Block="0" Page="142" />
  </Paragraph>
  <Paragraph>
    <Words Start="5" End="19" Block="0" Page="142" />
  </Paragraph>
  <Paragraph>
    <Words Start="20" End="22" Block="0" Page="142" />
  </Paragraph>
  <Paragraph>
    <Words Start="23" End="49" Block="0" Page="142" />
  </Paragraph>
  <Paragraph>
    <Words Start="50" End="68" Block="0" Page="142" />
  </Paragraph>
  <Paragraph>
    <Words Start="69" End="95" Block="0" Page="142" />
  </Paragraph>
  <Paragraph>
    <Words Start="96" End="111" Block="0" Page="142" />
  </Paragraph>
  <Paragraph>
    <Words Start="112" End="127" Block="0" Page="142" />
  </Paragraph>
  <Paragraph>
    <Words Start="128" End="161" Block="0" Page="142" />
  </Paragraph>
  <Paragraph>
    <Words Start="162" End="170" Block="0" Page="142" />
  </Paragraph>
  <Paragraph>
    <Words Start="171" End="206" Block="0" Page="142" />
  </Paragraph>
  <Paragraph>
    <Words Start="207" End="208" Block="0" Page="142" />
  </Paragraph>
  <Paragraph>
    <Words Start="209" End="219" Block="0" Page="142" />
    <Words Start="0" End="19" Block="0" Page="143" />
  </Paragraph>
  <Paragraph>
    <Words Start="20" End="32" Block="0" Page="143" />
  </Paragraph>
  <Paragraph>
    <Words Start="33" End="48" Block="0" Page="143" />
  </Paragraph>
  <Paragraph>
    <Words Start="49" End="54" Block="0" Page="143" />
  </Paragraph>
  <Paragraph>
    <Words Start="55" End="77" Block="0" Page="143" />
  </Paragraph>
  <Paragraph>
    <Words Start="78" End="95" Block="0" Page="143" />
  </Paragraph>
  <Paragraph>
    <Words Start="96" End="148" Block="0" Page="143" />
  </Paragraph>
  <Paragraph>
    <Words Start="149" End="165" Block="0" Page="143" />
  </Paragraph>
  <Paragraph>
    <Words Start="166" End="189" Block="0" Page="143" />
  </Paragraph>
  <Paragraph>
    <Words Start="190" End="234" Block="0" Page="143" />
  </Paragraph>
  <Paragraph>
    <Words Start="235" End="241" Block="0" Page="143" />
  </Paragraph>
  <Paragraph>
    <Words Start="242" End="248" Block="0" Page="143" />
  </Paragraph>
</Flow>