﻿<?xml version="1.0" encoding="utf-8"?>
<Flow Name="f16">
  <Paragraph>
    <Words Block="0" Page="82" />
  </Paragraph>
  <Paragraph>
    <Words Block="1" Page="82" />
  </Paragraph>
  <Paragraph>
    <Words Start="0" End="28" Block="2" Page="82" />
  </Paragraph>
  <Paragraph>
    <Words Start="29" End="58" Block="2" Page="82" />
  </Paragraph>
  <Paragraph>
    <Words Start="59" End="67" Block="2" Page="82" />
  </Paragraph>
  <Paragraph>
    <Words Start="68" End="111" Block="2" Page="82" />
  </Paragraph>
  <Paragraph>
    <Words Start="112" End="125" Block="2" Page="82" />
  </Paragraph>
  <Paragraph>
    <Words Start="126" End="139" Block="2" Page="82" />
  </Paragraph>
  <Paragraph>
    <Words Start="140" End="145" Block="2" Page="82" />
  </Paragraph>
  <Paragraph>
    <Words Start="146" End="148" Block="2" Page="82" />
  </Paragraph>
  <Paragraph>
    <Words Start="149" End="155" Block="2" Page="82" />
  </Paragraph>
  <Paragraph>
    <Words Start="0" End="13" Block="0" Page="83" />
  </Paragraph>
  <Paragraph>
    <Words Start="14" End="32" Block="0" Page="83" />
  </Paragraph>
  <Paragraph>
    <Words Start="33" End="55" Block="0" Page="83" />
  </Paragraph>
  <Paragraph>
    <Words Start="56" End="83" Block="0" Page="83" />
  </Paragraph>
  <Paragraph>
    <Words Start="84" End="91" Block="0" Page="83" />
  </Paragraph>
  <Paragraph>
    <Words Start="92" End="132" Block="0" Page="83" />
  </Paragraph>
  <Paragraph>
    <Words Start="133" End="143" Block="0" Page="83" />
  </Paragraph>
  <Paragraph>
    <Words Start="144" End="154" Block="0" Page="83" />
  </Paragraph>
  <Paragraph>
    <Words Start="155" End="168" Block="0" Page="83" />
  </Paragraph>
  <Paragraph>
    <Words Start="169" End="175" Block="0" Page="83" />
  </Paragraph>
  <Paragraph>
    <Words Start="176" End="186" Block="0" Page="83" />
  </Paragraph>
  <Paragraph>
    <Words Start="187" End="222" Block="0" Page="83" />
  </Paragraph>
  <Paragraph>
    <Words Start="223" End="232" Block="0" Page="83" />
  </Paragraph>
  <Paragraph>
    <Words Start="0" End="16" Block="0" Page="84" />
  </Paragraph>
  <Paragraph>
    <Words Start="17" End="27" Block="0" Page="84" />
  </Paragraph>
  <Paragraph>
    <Words Start="28" End="48" Block="0" Page="84" />
  </Paragraph>
  <Paragraph>
    <Words Start="49" End="72" Block="0" Page="84" />
  </Paragraph>
  <Paragraph>
    <Words Start="73" End="97" Block="0" Page="84" />
  </Paragraph>
  <Paragraph>
    <Words Start="98" End="131" Block="0" Page="84" />
  </Paragraph>
  <Paragraph>
    <Words Start="132" End="151" Block="0" Page="84" />
  </Paragraph>
  <Paragraph>
    <Words Start="152" End="166" Block="0" Page="84" />
  </Paragraph>
  <Paragraph>
    <Words Start="167" End="239" Block="0" Page="84" />
  </Paragraph>
  <Paragraph>
    <Words Start="0" End="20" Block="0" Page="85" />
  </Paragraph>
  <Paragraph>
    <Words Start="21" End="44" Block="0" Page="85" />
  </Paragraph>
  <Paragraph>
    <Words Start="45" End="92" Block="0" Page="85" />
  </Paragraph>
  <Paragraph>
    <Words Start="93" End="116" Block="0" Page="85" />
  </Paragraph>
  <Paragraph>
    <Words Start="117" End="215" Block="0" Page="85" />
  </Paragraph>
  <Paragraph>
    <Words Start="216" End="237" Block="0" Page="85" />
  </Paragraph>
  <Paragraph>
    <Words Start="238" End="262" Block="0" Page="85" />
  </Paragraph>
  <Paragraph>
    <Words Start="263" End="274" Block="0" Page="85" />
  </Paragraph>
  <Paragraph>
    <Words Start="0" End="27" Block="0" Page="86" />
  </Paragraph>
  <Paragraph>
    <Words Start="28" End="65" Block="0" Page="86" />
  </Paragraph>
  <Paragraph>
    <Words Start="66" End="83" Block="0" Page="86" />
  </Paragraph>
  <Paragraph>
    <Words Start="84" End="127" Block="0" Page="86" />
  </Paragraph>
  <Paragraph>
    <Words Start="128" End="153" Block="0" Page="86" />
  </Paragraph>
  <Paragraph>
    <Words Start="154" End="183" Block="0" Page="86" />
  </Paragraph>
  <Paragraph>
    <Words Start="184" End="232" Block="0" Page="86" />
  </Paragraph>
  <Paragraph>
    <Words Start="233" End="244" Block="0" Page="86" />
  </Paragraph>
</Flow>