﻿<?xml version="1.0" encoding="utf-8"?>
<Flow Name="f17">
  <Paragraph>
    <Words Block="0" Page="87" />
  </Paragraph>
  <Paragraph>
    <Words Block="1" Page="87" />
  </Paragraph>
  <Paragraph>
    <Words Start="0" End="54" Block="2" Page="87" />
  </Paragraph>
  <Paragraph>
    <Words Start="55" End="85" Block="2" Page="87" />
  </Paragraph>
  <Paragraph>
    <Words Start="86" End="118" Block="2" Page="87" />
  </Paragraph>
  <Paragraph>
    <Words Start="119" End="178" Block="2" Page="87" />
  </Paragraph>
  <Paragraph>
    <Words Start="0" End="42" Block="0" Page="88" />
  </Paragraph>
  <Paragraph>
    <Words Start="43" End="83" Block="0" Page="88" />
  </Paragraph>
  <Paragraph>
    <Words Start="84" End="89" Block="0" Page="88" />
  </Paragraph>
  <Paragraph>
    <Words Start="90" End="129" Block="0" Page="88" />
  </Paragraph>
  <Paragraph>
    <Words Start="130" End="140" Block="0" Page="88" />
  </Paragraph>
  <Paragraph>
    <Words Start="141" End="158" Block="0" Page="88" />
  </Paragraph>
  <Paragraph>
    <Words Start="159" End="164" Block="0" Page="88" />
  </Paragraph>
  <Paragraph>
    <Words Start="165" End="196" Block="0" Page="88" />
  </Paragraph>
  <Paragraph>
    <Words Start="197" End="202" Block="0" Page="88" />
  </Paragraph>
  <Paragraph>
    <Words Start="203" End="211" Block="0" Page="88" />
  </Paragraph>
  <Paragraph>
    <Words Start="212" End="229" Block="0" Page="88" />
  </Paragraph>
  <Paragraph>
    <Words Start="230" End="239" Block="0" Page="88" />
  </Paragraph>
  <Paragraph>
    <Words Start="240" End="240" Block="0" Page="88" />
    <Words Start="0" End="25" Block="0" Page="89" />
  </Paragraph>
  <Paragraph>
    <Words Start="26" End="39" Block="0" Page="89" />
  </Paragraph>
  <Paragraph>
    <Words Start="40" End="56" Block="0" Page="89" />
  </Paragraph>
  <Paragraph>
    <Words Start="57" End="78" Block="0" Page="89" />
  </Paragraph>
  <Paragraph>
    <Words Start="79" End="89" Block="0" Page="89" />
  </Paragraph>
  <Paragraph>
    <Words Start="90" End="106" Block="0" Page="89" />
  </Paragraph>
  <Paragraph>
    <Words Start="107" End="127" Block="0" Page="89" />
  </Paragraph>
  <Paragraph>
    <Words Start="128" End="134" Block="0" Page="89" />
  </Paragraph>
  <Paragraph>
    <Words Start="135" End="150" Block="0" Page="89" />
  </Paragraph>
  <Paragraph>
    <Words Start="151" End="166" Block="0" Page="89" />
  </Paragraph>
  <Paragraph>
    <Words Start="167" End="204" Block="0" Page="89" />
  </Paragraph>
  <Paragraph>
    <Words Start="205" End="224" Block="0" Page="89" />
  </Paragraph>
  <Paragraph>
    <Words Start="0" End="26" Block="0" Page="90" />
  </Paragraph>
  <Paragraph>
    <Words Start="27" End="32" Block="0" Page="90" />
  </Paragraph>
  <Paragraph>
    <Words Start="33" End="60" Block="0" Page="90" />
  </Paragraph>
  <Paragraph>
    <Words Start="61" End="75" Block="0" Page="90" />
  </Paragraph>
  <Paragraph>
    <Words Start="76" End="95" Block="0" Page="90" />
  </Paragraph>
  <Paragraph>
    <Words Start="96" End="131" Block="0" Page="90" />
  </Paragraph>
  <Paragraph>
    <Words Start="132" End="146" Block="0" Page="90" />
  </Paragraph>
  <Paragraph>
    <Words Start="147" End="172" Block="0" Page="90" />
  </Paragraph>
  <Paragraph>
    <Words Start="173" End="179" Block="0" Page="90" />
  </Paragraph>
  <Paragraph>
    <Words Start="180" End="191" Block="0" Page="90" />
  </Paragraph>
  <Paragraph>
    <Words Start="192" End="225" Block="0" Page="90" />
  </Paragraph>
  <Paragraph>
    <Words Start="0" End="12" Block="0" Page="91" />
  </Paragraph>
  <Paragraph>
    <Words Start="13" End="31" Block="0" Page="91" />
  </Paragraph>
  <Paragraph>
    <Words Start="32" End="43" Block="0" Page="91" />
  </Paragraph>
  <Paragraph>
    <Words Start="44" End="72" Block="0" Page="91" />
  </Paragraph>
  <Paragraph>
    <Words Start="73" End="81" Block="0" Page="91" />
  </Paragraph>
  <Paragraph>
    <Words Start="82" End="92" Block="0" Page="91" />
  </Paragraph>
  <Paragraph>
    <Words Start="93" End="153" Block="0" Page="91" />
  </Paragraph>
  <Paragraph>
    <Words Start="154" End="175" Block="0" Page="91" />
  </Paragraph>
  <Paragraph>
    <Words Start="176" End="203" Block="0" Page="91" />
  </Paragraph>
  <Paragraph>
    <Words Start="204" End="212" Block="0" Page="91" />
  </Paragraph>
  <Paragraph>
    <Words Start="213" End="226" Block="0" Page="91" />
  </Paragraph>
  <Paragraph>
    <Words Start="227" End="231" Block="0" Page="91" />
  </Paragraph>
  <Paragraph>
    <Words Start="0" End="13" Block="0" Page="92" />
  </Paragraph>
  <Paragraph>
    <Words Start="14" End="20" Block="0" Page="92" />
  </Paragraph>
  <Paragraph>
    <Words Start="21" End="36" Block="0" Page="92" />
  </Paragraph>
  <Paragraph>
    <Words Start="37" End="41" Block="0" Page="92" />
  </Paragraph>
  <Paragraph>
    <Words Start="42" End="44" Block="0" Page="92" />
  </Paragraph>
  <Paragraph>
    <Words Start="45" End="52" Block="0" Page="92" />
  </Paragraph>
  <Paragraph>
    <Words Start="53" End="56" Block="0" Page="92" />
  </Paragraph>
  <Paragraph>
    <Words Start="57" End="73" Block="0" Page="92" />
  </Paragraph>
  <Paragraph>
    <Words Start="74" End="78" Block="0" Page="92" />
  </Paragraph>
  <Paragraph>
    <Words Start="79" End="85" Block="0" Page="92" />
  </Paragraph>
  <Paragraph>
    <Words Start="86" End="99" Block="0" Page="92" />
  </Paragraph>
  <Paragraph>
    <Words Start="100" End="114" Block="0" Page="92" />
  </Paragraph>
  <Paragraph>
    <Words Start="115" End="133" Block="0" Page="92" />
  </Paragraph>
  <Paragraph>
    <Words Start="134" End="141" Block="0" Page="92" />
  </Paragraph>
  <Paragraph>
    <Words Start="142" End="154" Block="0" Page="92" />
  </Paragraph>
  <Paragraph>
    <Words Start="155" End="164" Block="0" Page="92" />
  </Paragraph>
  <Paragraph>
    <Words Start="165" End="173" Block="0" Page="92" />
  </Paragraph>
  <Paragraph>
    <Words Start="174" End="197" Block="0" Page="92" />
  </Paragraph>
  <Paragraph>
    <Words Start="0" End="8" Block="0" Page="93" />
  </Paragraph>
  <Paragraph>
    <Words Start="9" End="18" Block="0" Page="93" />
  </Paragraph>
  <Paragraph>
    <Words Start="19" End="41" Block="0" Page="93" />
  </Paragraph>
  <Paragraph>
    <Words Start="42" End="62" Block="0" Page="93" />
  </Paragraph>
  <Paragraph>
    <Words Start="63" End="67" Block="0" Page="93" />
  </Paragraph>
  <Paragraph>
    <Words Start="68" End="84" Block="0" Page="93" />
  </Paragraph>
  <Paragraph>
    <Words Start="85" End="97" Block="0" Page="93" />
  </Paragraph>
  <Paragraph>
    <Words Start="98" End="103" Block="0" Page="93" />
  </Paragraph>
  <Paragraph>
    <Words Start="104" End="133" Block="0" Page="93" />
  </Paragraph>
  <Paragraph>
    <Words Start="134" End="164" Block="0" Page="93" />
  </Paragraph>
  <Paragraph>
    <Words Start="165" End="174" Block="0" Page="93" />
  </Paragraph>
</Flow>