﻿<?xml version="1.0" encoding="utf-8"?>
<Flow Name="f12">
  <Paragraph>
    <Words Block="0" Page="56" />
  </Paragraph>
  <Paragraph>
    <Words Block="1" Page="56" />
  </Paragraph>
  <Paragraph>
    <Words Start="0" End="30" Block="2" Page="56" />
  </Paragraph>
  <Paragraph>
    <Words Start="31" End="49" Block="2" Page="56" />
  </Paragraph>
  <Paragraph>
    <Words Start="50" End="64" Block="2" Page="56" />
  </Paragraph>
  <Paragraph>
    <Words Start="65" End="95" Block="2" Page="56" />
  </Paragraph>
  <Paragraph>
    <Words Start="96" End="105" Block="2" Page="56" />
  </Paragraph>
  <Paragraph>
    <Words Start="106" End="110" Block="2" Page="56" />
  </Paragraph>
  <Paragraph>
    <Words Start="111" End="156" Block="2" Page="56" />
    <Words Start="0" End="15" Block="0" Page="57" />
  </Paragraph>
  <Paragraph>
    <Words Start="16" End="73" Block="0" Page="57" />
  </Paragraph>
  <Paragraph>
    <Words Start="74" End="93" Block="0" Page="57" />
  </Paragraph>
  <Paragraph>
    <Words Start="94" End="102" Block="0" Page="57" />
  </Paragraph>
  <Paragraph>
    <Words Start="103" End="170" Block="0" Page="57" />
  </Paragraph>
  <Paragraph>
    <Words Start="171" End="228" Block="0" Page="57" />
  </Paragraph>
  <Paragraph>
    <Words Start="229" End="240" Block="0" Page="57" />
  </Paragraph>
  <Paragraph>
    <Words Start="241" End="258" Block="0" Page="57" />
  </Paragraph>
  <Paragraph>
    <Words Start="0" End="58" Block="0" Page="58" />
  </Paragraph>
  <Paragraph>
    <Words Start="59" End="85" Block="0" Page="58" />
  </Paragraph>
  <Paragraph>
    <Words Start="86" End="124" Block="0" Page="58" />
  </Paragraph>
  <Paragraph>
    <Words Start="125" End="137" Block="0" Page="58" />
  </Paragraph>
  <Paragraph>
    <Words Start="138" End="150" Block="0" Page="58" />
  </Paragraph>
  <Paragraph>
    <Words Start="151" End="179" Block="0" Page="58" />
  </Paragraph>
  <Paragraph>
    <Words Start="180" End="208" Block="0" Page="58" />
  </Paragraph>
  <Paragraph>
    <Words Start="209" End="226" Block="0" Page="58" />
  </Paragraph>
  <Paragraph>
    <Words Start="0" End="32" Block="0" Page="59" />
  </Paragraph>
  <Paragraph>
    <Words Start="33" End="63" Block="0" Page="59" />
  </Paragraph>
  <Paragraph>
    <Words Start="64" End="84" Block="0" Page="59" />
  </Paragraph>
  <Paragraph>
    <Words Start="85" End="122" Block="0" Page="59" />
  </Paragraph>
  <Paragraph>
    <Words Start="123" End="153" Block="0" Page="59" />
  </Paragraph>
  <Paragraph>
    <Words Start="154" End="175" Block="0" Page="59" />
  </Paragraph>
  <Paragraph>
    <Words Start="176" End="190" Block="0" Page="59" />
  </Paragraph>
  <Paragraph>
    <Words Start="191" End="207" Block="0" Page="59" />
  </Paragraph>
  <Paragraph>
    <Words Start="208" End="228" Block="0" Page="59" />
    <Words Start="0" End="17" Block="0" Page="60" />
  </Paragraph>
  <Paragraph>
    <Words Start="18" End="69" Block="0" Page="60" />
  </Paragraph>
  <Paragraph>
    <Words Start="70" End="90" Block="0" Page="60" />
  </Paragraph>
  <Paragraph>
    <Words Start="91" End="141" Block="0" Page="60" />
  </Paragraph>
  <Paragraph>
    <Words Start="142" End="151" Block="0" Page="60" />
  </Paragraph>
  <Paragraph>
    <Words Start="152" End="152" Block="0" Page="60" />
  </Paragraph>
  <Paragraph>
    <Words Start="153" End="195" Block="0" Page="60" />
  </Paragraph>
  <Paragraph>
    <Words Start="196" End="220" Block="0" Page="60" />
  </Paragraph>
  <Paragraph>
    <Words Start="221" End="244" Block="0" Page="60" />
  </Paragraph>
  <Paragraph>
    <Words Start="0" End="14" Block="0" Page="61" />
  </Paragraph>
  <Paragraph>
    <Words Start="15" End="30" Block="0" Page="61" />
  </Paragraph>
  <Paragraph>
    <Words Start="31" End="36" Block="0" Page="61" />
  </Paragraph>
  <Paragraph>
    <Words Start="37" End="54" Block="0" Page="61" />
  </Paragraph>
  <Paragraph>
    <Words Start="55" End="98" Block="0" Page="61" />
  </Paragraph>
  <Paragraph>
    <Words Start="99" End="113" Block="0" Page="61" />
  </Paragraph>
  <Paragraph>
    <Words Start="114" End="118" Block="0" Page="61" />
  </Paragraph>
  <Paragraph>
    <Words Start="119" End="155" Block="0" Page="61" />
  </Paragraph>
  <Paragraph>
    <Words Start="156" End="189" Block="0" Page="61" />
  </Paragraph>
  <Paragraph>
    <Words Start="190" End="209" Block="0" Page="61" />
  </Paragraph>
  <Paragraph>
    <Words Start="210" End="214" Block="0" Page="61" />
  </Paragraph>
  <Paragraph>
    <Words Start="215" End="243" Block="0" Page="61" />
  </Paragraph>
  <Paragraph>
    <Words Start="0" End="12" Block="0" Page="62" />
  </Paragraph>
  <Paragraph>
    <Words Start="13" End="43" Block="0" Page="62" />
  </Paragraph>
  <Paragraph>
    <Words Start="44" End="57" Block="0" Page="62" />
  </Paragraph>
</Flow>