﻿<?xml version="1.0" encoding="utf-8"?>
<Flow Name="f28">
  <Paragraph>
    <Words Block="0" Page="177" />
  </Paragraph>
  <Paragraph>
    <Words Block="1" Page="177" />
  </Paragraph>
  <Paragraph>
    <Words Start="0" End="40" Block="2" Page="177" />
  </Paragraph>
  <Paragraph>
    <Words Start="41" End="63" Block="2" Page="177" />
  </Paragraph>
  <Paragraph>
    <Words Start="64" End="82" Block="2" Page="177" />
  </Paragraph>
  <Paragraph>
    <Words Start="83" End="108" Block="2" Page="177" />
  </Paragraph>
  <Paragraph>
    <Words Start="109" End="131" Block="2" Page="177" />
  </Paragraph>
  <Paragraph>
    <Words Start="132" End="148" Block="2" Page="177" />
  </Paragraph>
  <Paragraph>
    <Words Start="149" End="169" Block="2" Page="177" />
  </Paragraph>
  <Paragraph>
    <Words Start="0" End="8" Block="0" Page="178" />
  </Paragraph>
  <Paragraph>
    <Words Start="9" End="39" Block="0" Page="178" />
  </Paragraph>
  <Paragraph>
    <Words Start="0" End="33" Block="1" Page="178" />
  </Paragraph>
  <Paragraph>
    <Words Start="34" End="45" Block="1" Page="178" />
  </Paragraph>
  <Paragraph>
    <Words Start="46" End="64" Block="1" Page="178" />
  </Paragraph>
  <Paragraph>
    <Words Start="65" End="77" Block="1" Page="178" />
  </Paragraph>
  <Paragraph>
    <Words Start="78" End="101" Block="1" Page="178" />
  </Paragraph>
  <Paragraph>
    <Words Start="102" End="121" Block="1" Page="178" />
  </Paragraph>
  <Paragraph>
    <Words Start="122" End="130" Block="1" Page="178" />
  </Paragraph>
  <Paragraph>
    <Words Start="131" End="158" Block="1" Page="178" />
  </Paragraph>
  <Paragraph>
    <Words Start="159" End="168" Block="1" Page="178" />
  </Paragraph>
  <Paragraph>
    <Words Start="169" End="180" Block="1" Page="178" />
    <Words Start="0" End="19" Block="0" Page="179" />
  </Paragraph>
  <Paragraph>
    <Words Start="20" End="61" Block="0" Page="179" />
  </Paragraph>
  <Paragraph>
    <Words Start="62" End="103" Block="0" Page="179" />
  </Paragraph>
  <Paragraph>
    <Words Start="104" End="123" Block="0" Page="179" />
  </Paragraph>
  <Paragraph>
    <Words Start="124" End="169" Block="0" Page="179" />
  </Paragraph>
  <Paragraph>
    <Words Start="170" End="215" Block="0" Page="179" />
  </Paragraph>
  <Paragraph>
    <Words Start="216" End="274" Block="0" Page="179" />
  </Paragraph>
  <Paragraph>
    <Words Start="0" End="35" Block="0" Page="180" />
  </Paragraph>
  <Paragraph>
    <Words Start="36" End="42" Block="0" Page="180" />
  </Paragraph>
  <Paragraph>
    <Words Start="43" End="85" Block="0" Page="180" />
  </Paragraph>
  <Paragraph>
    <Words Start="86" End="92" Block="0" Page="180" />
  </Paragraph>
  <Paragraph>
    <Words Start="93" End="124" Block="0" Page="180" />
  </Paragraph>
  <Paragraph>
    <Words Start="125" End="162" Block="0" Page="180" />
  </Paragraph>
  <Paragraph>
    <Words Start="163" End="173" Block="0" Page="180" />
  </Paragraph>
  <Paragraph>
    <Words Start="174" End="196" Block="0" Page="180" />
  </Paragraph>
  <Paragraph>
    <Words Start="197" End="211" Block="0" Page="180" />
  </Paragraph>
  <Paragraph>
    <Words Start="212" End="220" Block="0" Page="180" />
  </Paragraph>
  <Paragraph>
    <Words Start="221" End="225" Block="0" Page="180" />
  </Paragraph>
  <Paragraph>
    <Words Start="226" End="226" Block="0" Page="180" />
  </Paragraph>
  <Paragraph>
    <Words Start="0" End="19" Block="0" Page="181" />
  </Paragraph>
  <Paragraph>
    <Words Start="20" End="37" Block="0" Page="181" />
  </Paragraph>
  <Paragraph>
    <Words Start="38" End="72" Block="0" Page="181" />
  </Paragraph>
  <Paragraph>
    <Words Start="73" End="93" Block="0" Page="181" />
  </Paragraph>
  <Paragraph>
    <Words Start="94" End="139" Block="0" Page="181" />
  </Paragraph>
  <Paragraph>
    <Words Start="140" End="159" Block="0" Page="181" />
  </Paragraph>
  <Paragraph>
    <Words Start="160" End="189" Block="0" Page="181" />
  </Paragraph>
  <Paragraph>
    <Words Start="190" End="213" Block="0" Page="181" />
  </Paragraph>
  <Paragraph>
    <Words Start="214" End="221" Block="0" Page="181" />
  </Paragraph>
  <Paragraph>
    <Words Start="222" End="226" Block="0" Page="181" />
  </Paragraph>
  <Paragraph>
    <Words Start="227" End="227" Block="0" Page="181" />
  </Paragraph>
  <Paragraph>
    <Words Start="228" End="240" Block="0" Page="181" />
    <Words Start="0" End="26" Block="0" Page="182" />
  </Paragraph>
  <Paragraph>
    <Words Start="27" End="54" Block="0" Page="182" />
  </Paragraph>
  <Paragraph>
    <Words Start="55" End="77" Block="0" Page="182" />
  </Paragraph>
  <Paragraph>
    <Words Start="78" End="90" Block="0" Page="182" />
  </Paragraph>
  <Paragraph>
    <Words Start="91" End="110" Block="0" Page="182" />
  </Paragraph>
  <Paragraph>
    <Words Start="111" End="156" Block="0" Page="182" />
  </Paragraph>
  <Paragraph>
    <Words Start="157" End="194" Block="0" Page="182" />
  </Paragraph>
  <Paragraph>
    <Words Start="195" End="205" Block="0" Page="182" />
  </Paragraph>
  <Paragraph>
    <Words Start="206" End="213" Block="0" Page="182" />
  </Paragraph>
  <Paragraph>
    <Words Start="214" End="234" Block="0" Page="182" />
  </Paragraph>
  <Paragraph>
    <Words Start="235" End="258" Block="0" Page="182" />
  </Paragraph>
  <Paragraph>
    <Words Start="0" End="28" Block="0" Page="183" />
  </Paragraph>
  <Paragraph>
    <Words Start="29" End="53" Block="0" Page="183" />
  </Paragraph>
  <Paragraph>
    <Words Start="54" End="80" Block="0" Page="183" />
  </Paragraph>
  <Paragraph>
    <Words Start="81" End="83" Block="0" Page="183" />
  </Paragraph>
  <Paragraph>
    <Words Start="84" End="123" Block="0" Page="183" />
  </Paragraph>
  <Paragraph>
    <Words Start="124" End="147" Block="0" Page="183" />
  </Paragraph>
  <Paragraph>
    <Words Start="148" End="213" Block="0" Page="183" />
  </Paragraph>
  <Paragraph>
    <Words Start="214" End="236" Block="0" Page="183" />
  </Paragraph>
  <Paragraph>
    <Words Start="0" End="42" Block="0" Page="184" />
  </Paragraph>
  <Paragraph>
    <Words Start="43" End="65" Block="0" Page="184" />
  </Paragraph>
  <Paragraph>
    <Words Start="66" End="93" Block="0" Page="184" />
  </Paragraph>
  <Paragraph>
    <Words Start="94" End="110" Block="0" Page="184" />
  </Paragraph>
  <Paragraph>
    <Words Start="111" End="113" Block="0" Page="184" />
  </Paragraph>
  <Paragraph>
    <Words Start="114" End="149" Block="0" Page="184" />
  </Paragraph>
  <Paragraph>
    <Words Start="150" End="166" Block="0" Page="184" />
  </Paragraph>
  <Paragraph>
    <Words Start="167" End="174" Block="0" Page="184" />
  </Paragraph>
  <Paragraph>
    <Words Start="175" End="181" Block="0" Page="184" />
  </Paragraph>
  <Paragraph>
    <Words Start="182" End="213" Block="0" Page="184" />
  </Paragraph>
  <Paragraph>
    <Words Start="214" End="222" Block="0" Page="184" />
  </Paragraph>
  <Paragraph>
    <Words Start="0" End="22" Block="0" Page="185" />
  </Paragraph>
  <Paragraph>
    <Words Start="23" End="47" Block="0" Page="185" />
  </Paragraph>
  <Paragraph>
    <Words Start="48" End="85" Block="0" Page="185" />
  </Paragraph>
  <Paragraph>
    <Words Start="86" End="93" Block="0" Page="185" />
  </Paragraph>
  <Paragraph>
    <Words Start="94" End="115" Block="0" Page="185" />
  </Paragraph>
  <Paragraph>
    <Words Start="116" End="124" Block="0" Page="185" />
  </Paragraph>
  <Paragraph>
    <Words Start="125" End="138" Block="0" Page="185" />
  </Paragraph>
  <Paragraph>
    <Words Start="139" End="173" Block="0" Page="185" />
  </Paragraph>
  <Paragraph>
    <Words Start="174" End="188" Block="0" Page="185" />
  </Paragraph>
  <Paragraph>
    <Words Start="189" End="207" Block="0" Page="185" />
  </Paragraph>
  <Paragraph>
    <Words Start="208" End="215" Block="0" Page="185" />
  </Paragraph>
  <Paragraph>
    <Words Start="0" End="26" Block="0" Page="186" />
  </Paragraph>
  <Paragraph>
    <Words Start="27" End="59" Block="0" Page="186" />
  </Paragraph>
  <Paragraph>
    <Words Start="60" End="88" Block="0" Page="186" />
  </Paragraph>
  <Paragraph>
    <Words Start="89" End="118" Block="0" Page="186" />
  </Paragraph>
  <Paragraph>
    <Words Start="119" End="159" Block="0" Page="186" />
  </Paragraph>
  <Paragraph>
    <Words Start="160" End="183" Block="0" Page="186" />
  </Paragraph>
  <Paragraph>
    <Words Start="184" End="234" Block="0" Page="186" />
  </Paragraph>
  <Paragraph>
    <Words Start="235" End="249" Block="0" Page="186" />
  </Paragraph>
  <Paragraph>
    <Words Start="0" End="29" Block="0" Page="187" />
  </Paragraph>
  <Paragraph>
    <Words Start="30" End="49" Block="0" Page="187" />
  </Paragraph>
  <Paragraph>
    <Words Start="50" End="56" Block="0" Page="187" />
  </Paragraph>
  <Paragraph>
    <Words Start="57" End="75" Block="0" Page="187" />
  </Paragraph>
  <Paragraph>
    <Words Start="76" End="90" Block="0" Page="187" />
  </Paragraph>
  <Paragraph>
    <Words Start="91" End="119" Block="0" Page="187" />
  </Paragraph>
  <Paragraph>
    <Words Start="120" End="129" Block="0" Page="187" />
  </Paragraph>
  <Paragraph>
    <Words Start="130" End="167" Block="0" Page="187" />
  </Paragraph>
  <Paragraph>
    <Words Start="168" End="175" Block="0" Page="187" />
  </Paragraph>
  <Paragraph>
    <Words Start="176" End="179" Block="0" Page="187" />
  </Paragraph>
  <Paragraph>
    <Words Start="180" End="205" Block="0" Page="187" />
  </Paragraph>
  <Paragraph>
    <Words Start="206" End="247" Block="0" Page="187" />
  </Paragraph>
  <Paragraph>
    <Words Start="0" End="44" Block="0" Page="188" />
  </Paragraph>
  <Paragraph>
    <Words Start="45" End="58" Block="0" Page="188" />
  </Paragraph>
  <Paragraph>
    <Words Start="59" End="74" Block="0" Page="188" />
  </Paragraph>
  <Paragraph>
    <Words Start="75" End="110" Block="0" Page="188" />
  </Paragraph>
</Flow>