﻿<?xml version="1.0" encoding="utf-8"?>
<Flow Name="f14">
  <Paragraph>
    <Words Block="0" Page="69" />
  </Paragraph>
  <Paragraph>
    <Words Block="1" Page="69" />
  </Paragraph>
  <Paragraph>
    <Words Start="0" End="74" Block="2" Page="69" />
  </Paragraph>
  <Paragraph>
    <Words Start="75" End="77" Block="2" Page="69" />
  </Paragraph>
  <Paragraph>
    <Words Start="78" End="83" Block="2" Page="69" />
  </Paragraph>
  <Paragraph>
    <Words Start="84" End="103" Block="2" Page="69" />
  </Paragraph>
  <Paragraph>
    <Words Start="104" End="119" Block="2" Page="69" />
  </Paragraph>
  <Paragraph>
    <Words Start="120" End="149" Block="2" Page="69" />
  </Paragraph>
  <Paragraph>
    <Words Start="150" End="152" Block="2" Page="69" />
  </Paragraph>
  <Paragraph>
    <Words Start="153" End="179" Block="2" Page="69" />
  </Paragraph>
  <Paragraph>
    <Words Start="0" End="28" Block="0" Page="70" />
  </Paragraph>
  <Paragraph>
    <Words Start="29" End="41" Block="0" Page="70" />
  </Paragraph>
  <Paragraph>
    <Words Start="42" End="48" Block="0" Page="70" />
  </Paragraph>
  <Paragraph>
    <Words Start="49" End="61" Block="0" Page="70" />
  </Paragraph>
  <Paragraph>
    <Words Start="62" End="101" Block="0" Page="70" />
  </Paragraph>
  <Paragraph>
    <Words Start="102" End="152" Block="0" Page="70" />
  </Paragraph>
  <Paragraph>
    <Words Start="153" End="178" Block="0" Page="70" />
  </Paragraph>
  <Paragraph>
    <Words Start="179" End="189" Block="0" Page="70" />
  </Paragraph>
  <Paragraph>
    <Words Start="190" End="196" Block="0" Page="70" />
  </Paragraph>
  <Paragraph>
    <Words Start="197" End="217" Block="0" Page="70" />
  </Paragraph>
  <Paragraph>
    <Words Start="218" End="228" Block="0" Page="70" />
  </Paragraph>
  <Paragraph>
    <Words Start="0" End="27" Block="0" Page="71" />
  </Paragraph>
  <Paragraph>
    <Words Start="28" End="60" Block="0" Page="71" />
  </Paragraph>
  <Paragraph>
    <Words Start="61" End="79" Block="0" Page="71" />
  </Paragraph>
  <Paragraph>
    <Words Start="80" End="101" Block="0" Page="71" />
  </Paragraph>
  <Paragraph>
    <Words Start="102" End="146" Block="0" Page="71" />
  </Paragraph>
  <Paragraph>
    <Words Start="147" End="170" Block="0" Page="71" />
  </Paragraph>
  <Paragraph>
    <Words Start="171" End="174" Block="0" Page="71" />
  </Paragraph>
  <Paragraph>
    <Words Start="175" End="192" Block="0" Page="71" />
  </Paragraph>
  <Paragraph>
    <Words Start="193" End="212" Block="0" Page="71" />
  </Paragraph>
  <Paragraph>
    <Words Start="213" End="220" Block="0" Page="71" />
  </Paragraph>
  <Paragraph>
    <Words Start="221" End="231" Block="0" Page="71" />
  </Paragraph>
  <Paragraph>
    <Words Start="232" End="267" Block="0" Page="71" />
  </Paragraph>
  <Paragraph>
    <Words Start="0" End="39" Block="0" Page="72" />
  </Paragraph>
  <Paragraph>
    <Words Start="40" End="81" Block="0" Page="72" />
  </Paragraph>
  <Paragraph>
    <Words Start="82" End="90" Block="0" Page="72" />
  </Paragraph>
  <Paragraph>
    <Words Start="91" End="94" Block="0" Page="72" />
  </Paragraph>
  <Paragraph>
    <Words Start="95" End="126" Block="0" Page="72" />
  </Paragraph>
  <Paragraph>
    <Words Start="127" End="173" Block="0" Page="72" />
  </Paragraph>
  <Paragraph>
    <Words Start="174" End="197" Block="0" Page="72" />
  </Paragraph>
  <Paragraph>
    <Words Start="198" End="214" Block="0" Page="72" />
  </Paragraph>
  <Paragraph>
    <Words Start="215" End="232" Block="0" Page="72" />
  </Paragraph>
  <Paragraph>
    <Words Start="0" End="26" Block="0" Page="73" />
  </Paragraph>
  <Paragraph>
    <Words Start="27" End="69" Block="0" Page="73" />
  </Paragraph>
  <Paragraph>
    <Words Start="70" End="80" Block="0" Page="73" />
  </Paragraph>
  <Paragraph>
    <Words Start="81" End="106" Block="0" Page="73" />
  </Paragraph>
  <Paragraph>
    <Words Start="107" End="127" Block="0" Page="73" />
  </Paragraph>
  <Paragraph>
    <Words Start="128" End="138" Block="0" Page="73" />
  </Paragraph>
  <Paragraph>
    <Words Start="139" End="140" Block="0" Page="73" />
  </Paragraph>
  <Paragraph>
    <Words Start="141" End="150" Block="0" Page="73" />
  </Paragraph>
  <Paragraph>
    <Words Start="151" End="158" Block="0" Page="73" />
  </Paragraph>
  <Paragraph>
    <Words Start="159" End="163" Block="0" Page="73" />
  </Paragraph>
  <Paragraph>
    <Words Start="164" End="210" Block="0" Page="73" />
  </Paragraph>
  <Paragraph>
    <Words Start="211" End="215" Block="0" Page="73" />
  </Paragraph>
  <Paragraph>
    <Words Start="216" End="228" Block="0" Page="73" />
    <Words Start="0" End="21" Block="0" Page="74" />
  </Paragraph>
  <Paragraph>
    <Words Start="22" End="51" Block="0" Page="74" />
  </Paragraph>
  <Paragraph>
    <Words Start="52" End="68" Block="0" Page="74" />
  </Paragraph>
  <Paragraph>
    <Words Start="69" End="96" Block="0" Page="74" />
  </Paragraph>
  <Paragraph>
    <Words Start="97" End="102" Block="0" Page="74" />
  </Paragraph>
  <Paragraph>
    <Words Start="103" End="129" Block="0" Page="74" />
  </Paragraph>
  <Paragraph>
    <Words Start="130" End="144" Block="0" Page="74" />
  </Paragraph>
  <Paragraph>
    <Words Start="145" End="149" Block="0" Page="74" />
  </Paragraph>
  <Paragraph>
    <Words Start="150" End="166" Block="0" Page="74" />
  </Paragraph>
  <Paragraph>
    <Words Start="167" End="170" Block="0" Page="74" />
  </Paragraph>
  <Paragraph>
    <Words Start="171" End="220" Block="0" Page="74" />
  </Paragraph>
  <Paragraph>
    <Words Start="0" End="25" Block="0" Page="75" />
  </Paragraph>
  <Paragraph>
    <Words Start="26" End="31" Block="0" Page="75" />
  </Paragraph>
  <Paragraph>
    <Words Start="32" End="47" Block="0" Page="75" />
  </Paragraph>
  <Paragraph>
    <Words Start="48" End="53" Block="0" Page="75" />
  </Paragraph>
  <Paragraph>
    <Words Start="54" End="81" Block="0" Page="75" />
  </Paragraph>
  <Paragraph>
    <Words Start="82" End="96" Block="0" Page="75" />
  </Paragraph>
  <Paragraph>
    <Words Start="97" End="117" Block="0" Page="75" />
  </Paragraph>
  <Paragraph>
    <Words Start="118" End="130" Block="0" Page="75" />
  </Paragraph>
  <Paragraph>
    <Words Start="131" End="150" Block="0" Page="75" />
  </Paragraph>
  <Paragraph>
    <Words Start="151" End="155" Block="0" Page="75" />
  </Paragraph>
  <Paragraph>
    <Words Start="156" End="180" Block="0" Page="75" />
  </Paragraph>
</Flow>