﻿<?xml version="1.0" encoding="utf-8"?>
<Flow Name="f10">
  <Paragraph>
    <Words Block="0" Page="39" />
  </Paragraph>
  <Paragraph>
    <Words Block="1" Page="39" />
  </Paragraph>
  <Paragraph>
    <Words Start="0" End="39" Block="2" Page="39" />
  </Paragraph>
  <Paragraph>
    <Words Start="40" End="75" Block="2" Page="39" />
  </Paragraph>
  <Paragraph>
    <Words Start="76" End="96" Block="2" Page="39" />
  </Paragraph>
  <Paragraph>
    <Words Start="97" End="104" Block="2" Page="39" />
  </Paragraph>
  <Paragraph>
    <Words Start="105" End="114" Block="2" Page="39" />
  </Paragraph>
  <Paragraph>
    <Words Start="115" End="118" Block="2" Page="39" />
  </Paragraph>
  <Paragraph>
    <Words Start="119" End="152" Block="2" Page="39" />
  </Paragraph>
  <Paragraph>
    <Words Start="153" End="159" Block="2" Page="39" />
  </Paragraph>
  <Paragraph>
    <Words Start="0" End="18" Block="0" Page="40" />
  </Paragraph>
  <Paragraph>
    <Words Start="19" End="43" Block="0" Page="40" />
  </Paragraph>
  <Paragraph>
    <Words Start="44" End="66" Block="0" Page="40" />
  </Paragraph>
  <Paragraph>
    <Words Start="67" End="117" Block="0" Page="40" />
  </Paragraph>
  <Paragraph>
    <Words Start="118" End="180" Block="0" Page="40" />
  </Paragraph>
  <Paragraph>
    <Words Start="181" End="221" Block="0" Page="40" />
  </Paragraph>
  <Paragraph>
    <Words Start="222" End="231" Block="0" Page="40" />
  </Paragraph>
  <Paragraph>
    <Words Start="232" End="247" Block="0" Page="40" />
  </Paragraph>
  <Paragraph>
    <Words Start="0" End="15" Block="0" Page="41" />
  </Paragraph>
  <Paragraph>
    <Words Start="16" End="34" Block="0" Page="41" />
  </Paragraph>
  <Paragraph>
    <Words Start="35" End="42" Block="0" Page="41" />
  </Paragraph>
  <Paragraph>
    <Words Start="43" End="52" Block="0" Page="41" />
  </Paragraph>
  <Paragraph>
    <Words Start="53" End="63" Block="0" Page="41" />
  </Paragraph>
  <Paragraph>
    <Words Start="64" End="88" Block="0" Page="41" />
  </Paragraph>
  <Paragraph>
    <Words Start="89" End="120" Block="0" Page="41" />
  </Paragraph>
  <Paragraph>
    <Words Start="121" End="147" Block="0" Page="41" />
  </Paragraph>
  <Paragraph>
    <Words Start="148" End="160" Block="0" Page="41" />
  </Paragraph>
  <Paragraph>
    <Words Start="161" End="184" Block="0" Page="41" />
  </Paragraph>
  <Paragraph>
    <Words Start="185" End="204" Block="0" Page="41" />
    <Words Start="0" End="22" Block="0" Page="42" />
  </Paragraph>
  <Paragraph>
    <Words Start="23" End="59" Block="0" Page="42" />
  </Paragraph>
  <Paragraph>
    <Words Start="60" End="87" Block="0" Page="42" />
  </Paragraph>
  <Paragraph>
    <Words Start="88" End="105" Block="0" Page="42" />
  </Paragraph>
  <Paragraph>
    <Words Start="106" End="142" Block="0" Page="42" />
  </Paragraph>
  <Paragraph>
    <Words Start="143" End="159" Block="0" Page="42" />
  </Paragraph>
  <Paragraph>
    <Words Start="160" End="225" Block="0" Page="42" />
  </Paragraph>
  <Paragraph>
    <Words Start="226" End="261" Block="0" Page="42" />
  </Paragraph>
  <Paragraph>
    <Words Start="0" End="17" Block="0" Page="43" />
  </Paragraph>
  <Paragraph>
    <Words Start="18" End="80" Block="0" Page="43" />
  </Paragraph>
  <Paragraph>
    <Words Start="81" End="93" Block="0" Page="43" />
  </Paragraph>
  <Paragraph>
    <Words Start="94" End="110" Block="0" Page="43" />
  </Paragraph>
  <Paragraph>
    <Words Start="111" End="129" Block="0" Page="43" />
  </Paragraph>
  <Paragraph>
    <Words Start="130" End="148" Block="0" Page="43" />
  </Paragraph>
  <Paragraph>
    <Words Start="149" End="166" Block="0" Page="43" />
  </Paragraph>
  <Paragraph>
    <Words Start="167" End="172" Block="0" Page="43" />
  </Paragraph>
  <Paragraph>
    <Words Start="173" End="186" Block="0" Page="43" />
  </Paragraph>
  <Paragraph>
    <Words Start="187" End="204" Block="0" Page="43" />
  </Paragraph>
  <Paragraph>
    <Words Start="205" End="237" Block="0" Page="43" />
  </Paragraph>
  <Paragraph>
    <Words Start="238" End="238" Block="0" Page="43" />
    <Words Start="0" End="34" Block="0" Page="44" />
  </Paragraph>
  <Paragraph>
    <Words Start="35" End="41" Block="0" Page="44" />
  </Paragraph>
  <Paragraph>
    <Words Start="42" End="48" Block="0" Page="44" />
  </Paragraph>
  <Paragraph>
    <Words Start="49" End="60" Block="0" Page="44" />
  </Paragraph>
  <Paragraph>
    <Words Start="61" End="106" Block="0" Page="44" />
  </Paragraph>
  <Paragraph>
    <Words Start="107" End="139" Block="0" Page="44" />
  </Paragraph>
  <Paragraph>
    <Words Start="140" End="145" Block="0" Page="44" />
  </Paragraph>
  <Paragraph>
    <Words Start="146" End="164" Block="0" Page="44" />
  </Paragraph>
  <Paragraph>
    <Words Start="165" End="193" Block="0" Page="44" />
  </Paragraph>
  <Paragraph>
    <Words Start="194" End="214" Block="0" Page="44" />
  </Paragraph>
  <Paragraph>
    <Words Start="215" End="226" Block="0" Page="44" />
  </Paragraph>
  <Paragraph>
    <Words Start="227" End="241" Block="0" Page="44" />
  </Paragraph>
  <Paragraph>
    <Words Start="0" End="21" Block="0" Page="45" />
  </Paragraph>
  <Paragraph>
    <Words Start="22" End="94" Block="0" Page="45" />
  </Paragraph>
  <Paragraph>
    <Words Start="95" End="108" Block="0" Page="45" />
  </Paragraph>
  <Paragraph>
    <Words Start="109" End="134" Block="0" Page="45" />
  </Paragraph>
  <Paragraph>
    <Words Start="135" End="153" Block="0" Page="45" />
  </Paragraph>
  <Paragraph>
    <Words Start="154" End="160" Block="0" Page="45" />
  </Paragraph>
  <Paragraph>
    <Words Start="161" End="175" Block="0" Page="45" />
  </Paragraph>
  <Paragraph>
    <Words Start="176" End="184" Block="0" Page="45" />
  </Paragraph>
  <Paragraph>
    <Words Start="185" End="212" Block="0" Page="45" />
  </Paragraph>
  <Paragraph>
    <Words Start="213" End="221" Block="0" Page="45" />
  </Paragraph>
  <Paragraph>
    <Words Start="222" End="232" Block="0" Page="45" />
    <Words Start="0" End="12" Block="0" Page="46" />
  </Paragraph>
  <Paragraph>
    <Words Start="13" End="18" Block="0" Page="46" />
  </Paragraph>
  <Paragraph>
    <Words Start="19" End="59" Block="0" Page="46" />
  </Paragraph>
  <Paragraph>
    <Words Start="60" End="80" Block="0" Page="46" />
  </Paragraph>
  <Paragraph>
    <Words Start="81" End="89" Block="0" Page="46" />
  </Paragraph>
  <Paragraph>
    <Words Start="90" End="96" Block="0" Page="46" />
  </Paragraph>
  <Paragraph>
    <Words Start="97" End="108" Block="0" Page="46" />
  </Paragraph>
  <Paragraph>
    <Words Start="109" End="133" Block="0" Page="46" />
  </Paragraph>
  <Paragraph>
    <Words Start="134" End="141" Block="0" Page="46" />
  </Paragraph>
  <Paragraph>
    <Words Start="142" End="169" Block="0" Page="46" />
  </Paragraph>
  <Paragraph>
    <Words Start="170" End="192" Block="0" Page="46" />
  </Paragraph>
  <Paragraph>
    <Words Start="193" End="215" Block="0" Page="46" />
  </Paragraph>
  <Paragraph>
    <Words Start="0" End="16" Block="0" Page="47" />
  </Paragraph>
  <Paragraph>
    <Words Start="17" End="33" Block="0" Page="47" />
  </Paragraph>
  <Paragraph>
    <Words Start="34" End="34" Block="0" Page="47" />
  </Paragraph>
  <Paragraph>
    <Words Start="35" End="39" Block="0" Page="47" />
  </Paragraph>
  <Paragraph>
    <Words Start="40" End="46" Block="0" Page="47" />
  </Paragraph>
  <Paragraph>
    <Words Start="47" End="60" Block="0" Page="47" />
  </Paragraph>
  <Paragraph>
    <Words Start="61" End="96" Block="0" Page="47" />
  </Paragraph>
  <Paragraph>
    <Words Start="97" End="111" Block="0" Page="47" />
  </Paragraph>
  <Paragraph>
    <Words Start="112" End="136" Block="0" Page="47" />
  </Paragraph>
  <Paragraph>
    <Words Start="137" End="160" Block="0" Page="47" />
  </Paragraph>
  <Paragraph>
    <Words Start="161" End="175" Block="0" Page="47" />
  </Paragraph>
  <Paragraph>
    <Words Start="176" End="192" Block="0" Page="47" />
  </Paragraph>
  <Paragraph>
    <Words Start="0" End="9" Block="0" Page="48" />
  </Paragraph>
  <Paragraph>
    <Words Start="10" End="21" Block="0" Page="48" />
  </Paragraph>
  <Paragraph>
    <Words Start="22" End="36" Block="0" Page="48" />
  </Paragraph>
  <Paragraph>
    <Words Start="37" End="48" Block="0" Page="48" />
  </Paragraph>
  <Paragraph>
    <Words Start="49" End="87" Block="0" Page="48" />
  </Paragraph>
  <Paragraph>
    <Words Start="88" End="101" Block="0" Page="48" />
  </Paragraph>
  <Paragraph>
    <Words Start="102" End="109" Block="0" Page="48" />
  </Paragraph>
  <Paragraph>
    <Words Start="110" End="194" Block="0" Page="48" />
  </Paragraph>
  <Paragraph>
    <Words Start="195" End="224" Block="0" Page="48" />
  </Paragraph>
  <Paragraph>
    <Words Start="0" End="12" Block="0" Page="49" />
  </Paragraph>
  <Paragraph>
    <Words Start="13" End="16" Block="0" Page="49" />
  </Paragraph>
  <Paragraph>
    <Words Start="17" End="26" Block="0" Page="49" />
  </Paragraph>
  <Paragraph>
    <Words Start="27" End="31" Block="0" Page="49" />
  </Paragraph>
  <Paragraph>
    <Words Start="32" End="56" Block="0" Page="49" />
  </Paragraph>
  <Paragraph>
    <Words Start="57" End="69" Block="0" Page="49" />
  </Paragraph>
  <Paragraph>
    <Words Start="70" End="89" Block="0" Page="49" />
  </Paragraph>
  <Paragraph>
    <Words Start="90" End="145" Block="0" Page="49" />
  </Paragraph>
</Flow>