﻿<?xml version="1.0" encoding="utf-8"?>
<Flow Name="f13">
  <Paragraph>
    <Words Block="0" Page="63" />
  </Paragraph>
  <Paragraph>
    <Words Block="1" Page="63" />
  </Paragraph>
  <Paragraph>
    <Words Start="0" End="26" Block="2" Page="63" />
  </Paragraph>
  <Paragraph>
    <Words Start="27" End="56" Block="2" Page="63" />
  </Paragraph>
  <Paragraph>
    <Words Start="57" End="75" Block="2" Page="63" />
  </Paragraph>
  <Paragraph>
    <Words Start="76" End="88" Block="2" Page="63" />
  </Paragraph>
  <Paragraph>
    <Words Start="89" End="109" Block="2" Page="63" />
  </Paragraph>
  <Paragraph>
    <Words Start="110" End="123" Block="2" Page="63" />
  </Paragraph>
  <Paragraph>
    <Words Start="124" End="134" Block="2" Page="63" />
  </Paragraph>
  <Paragraph>
    <Words Start="135" End="157" Block="2" Page="63" />
  </Paragraph>
  <Paragraph>
    <Words Start="0" End="20" Block="0" Page="64" />
  </Paragraph>
  <Paragraph>
    <Words Start="21" End="25" Block="0" Page="64" />
  </Paragraph>
  <Paragraph>
    <Words Start="26" End="52" Block="0" Page="64" />
  </Paragraph>
  <Paragraph>
    <Words Start="53" End="112" Block="0" Page="64" />
  </Paragraph>
  <Paragraph>
    <Words Start="113" End="126" Block="0" Page="64" />
  </Paragraph>
  <Paragraph>
    <Words Start="127" End="134" Block="0" Page="64" />
  </Paragraph>
  <Paragraph>
    <Words Start="135" End="162" Block="0" Page="64" />
  </Paragraph>
  <Paragraph>
    <Words Start="163" End="198" Block="0" Page="64" />
  </Paragraph>
  <Paragraph>
    <Words Start="199" End="208" Block="0" Page="64" />
  </Paragraph>
  <Paragraph>
    <Words Start="209" End="218" Block="0" Page="64" />
  </Paragraph>
  <Paragraph>
    <Words Start="219" End="229" Block="0" Page="64" />
  </Paragraph>
  <Paragraph>
    <Words Start="0" End="22" Block="0" Page="65" />
  </Paragraph>
  <Paragraph>
    <Words Start="23" End="35" Block="0" Page="65" />
  </Paragraph>
  <Paragraph>
    <Words Start="36" End="66" Block="0" Page="65" />
  </Paragraph>
  <Paragraph>
    <Words Start="67" End="75" Block="0" Page="65" />
  </Paragraph>
  <Paragraph>
    <Words Start="76" End="112" Block="0" Page="65" />
  </Paragraph>
  <Paragraph>
    <Words Start="113" End="119" Block="0" Page="65" />
  </Paragraph>
  <Paragraph>
    <Words Start="120" End="124" Block="0" Page="65" />
  </Paragraph>
  <Paragraph>
    <Words Start="125" End="143" Block="0" Page="65" />
  </Paragraph>
  <Paragraph>
    <Words Start="144" End="167" Block="0" Page="65" />
  </Paragraph>
  <Paragraph>
    <Words Start="168" End="183" Block="0" Page="65" />
  </Paragraph>
  <Paragraph>
    <Words Start="184" End="208" Block="0" Page="65" />
  </Paragraph>
  <Paragraph>
    <Words Start="209" End="245" Block="0" Page="65" />
  </Paragraph>
  <Paragraph>
    <Words Start="0" End="14" Block="0" Page="66" />
  </Paragraph>
  <Paragraph>
    <Words Start="15" End="33" Block="0" Page="66" />
  </Paragraph>
  <Paragraph>
    <Words Start="34" End="48" Block="0" Page="66" />
  </Paragraph>
  <Paragraph>
    <Words Start="49" End="83" Block="0" Page="66" />
  </Paragraph>
  <Paragraph>
    <Words Start="84" End="94" Block="0" Page="66" />
  </Paragraph>
  <Paragraph>
    <Words Start="95" End="114" Block="0" Page="66" />
  </Paragraph>
  <Paragraph>
    <Words Start="115" End="167" Block="0" Page="66" />
  </Paragraph>
  <Paragraph>
    <Words Start="168" End="188" Block="0" Page="66" />
  </Paragraph>
  <Paragraph>
    <Words Start="189" End="199" Block="0" Page="66" />
  </Paragraph>
  <Paragraph>
    <Words Start="200" End="213" Block="0" Page="66" />
  </Paragraph>
  <Paragraph>
    <Words Start="214" End="224" Block="0" Page="66" />
  </Paragraph>
  <Paragraph>
    <Words Start="225" End="237" Block="0" Page="66" />
  </Paragraph>
  <Paragraph>
    <Words Start="0" End="43" Block="0" Page="67" />
  </Paragraph>
  <Paragraph>
    <Words Start="44" End="57" Block="0" Page="67" />
  </Paragraph>
  <Paragraph>
    <Words Start="58" End="122" Block="0" Page="67" />
  </Paragraph>
  <Paragraph>
    <Words Start="123" End="180" Block="0" Page="67" />
  </Paragraph>
  <Paragraph>
    <Words Start="181" End="194" Block="0" Page="67" />
  </Paragraph>
  <Paragraph>
    <Words Start="195" End="234" Block="0" Page="67" />
  </Paragraph>
  <Paragraph>
    <Words Start="235" End="244" Block="0" Page="67" />
  </Paragraph>
  <Paragraph>
    <Words Start="0" End="30" Block="0" Page="68" />
  </Paragraph>
  <Paragraph>
    <Words Start="31" End="43" Block="0" Page="68" />
  </Paragraph>
  <Paragraph>
    <Words Start="44" End="54" Block="0" Page="68" />
  </Paragraph>
  <Paragraph>
    <Words Start="55" End="59" Block="0" Page="68" />
  </Paragraph>
  <Paragraph>
    <Words Start="60" End="69" Block="0" Page="68" />
  </Paragraph>
  <Paragraph>
    <Words Start="70" End="70" Block="0" Page="68" />
  </Paragraph>
  <Paragraph>
    <Words Start="71" End="77" Block="0" Page="68" />
  </Paragraph>
  <Paragraph>
    <Words Start="78" End="81" Block="0" Page="68" />
  </Paragraph>
  <Paragraph>
    <Words Start="82" End="93" Block="0" Page="68" />
  </Paragraph>
  <Paragraph>
    <Words Start="94" End="99" Block="0" Page="68" />
  </Paragraph>
  <Paragraph>
    <Words Start="100" End="110" Block="0" Page="68" />
  </Paragraph>
  <Paragraph>
    <Words Start="111" End="162" Block="0" Page="68" />
  </Paragraph>
  <Paragraph>
    <Words Start="163" End="192" Block="0" Page="68" />
  </Paragraph>
  <Paragraph>
    <Words Start="193" End="206" Block="0" Page="68" />
  </Paragraph>
</Flow>