﻿<?xml version="1.0" encoding="utf-8"?>
<Flow Name="f19">
  <Paragraph>
    <Words Block="0" Page="106" />
  </Paragraph>
  <Paragraph>
    <Words Block="1" Page="106" />
  </Paragraph>
  <Paragraph>
    <Words Start="0" End="47" Block="2" Page="106" />
  </Paragraph>
  <Paragraph>
    <Words Start="48" End="78" Block="2" Page="106" />
  </Paragraph>
  <Paragraph>
    <Words Start="79" End="103" Block="2" Page="106" />
  </Paragraph>
  <Paragraph>
    <Words Start="104" End="115" Block="2" Page="106" />
  </Paragraph>
  <Paragraph>
    <Words Start="116" End="123" Block="2" Page="106" />
  </Paragraph>
  <Paragraph>
    <Words Start="124" End="131" Block="2" Page="106" />
  </Paragraph>
  <Paragraph>
    <Words Start="132" End="147" Block="2" Page="106" />
  </Paragraph>
  <Paragraph>
    <Words Start="0" End="18" Block="0" Page="107" />
  </Paragraph>
  <Paragraph>
    <Words Start="19" End="42" Block="0" Page="107" />
  </Paragraph>
  <Paragraph>
    <Words Start="43" End="73" Block="0" Page="107" />
  </Paragraph>
  <Paragraph>
    <Words Start="74" End="115" Block="0" Page="107" />
  </Paragraph>
  <Paragraph>
    <Words Start="116" End="123" Block="0" Page="107" />
  </Paragraph>
  <Paragraph>
    <Words Start="124" End="150" Block="0" Page="107" />
  </Paragraph>
  <Paragraph>
    <Words Start="151" End="188" Block="0" Page="107" />
  </Paragraph>
  <Paragraph>
    <Words Start="189" End="200" Block="0" Page="107" />
  </Paragraph>
  <Paragraph>
    <Words Start="201" End="233" Block="0" Page="107" />
  </Paragraph>
  <Paragraph>
    <Words Start="234" End="241" Block="0" Page="107" />
  </Paragraph>
  <Paragraph>
    <Words Start="0" End="2" Block="0" Page="108" />
  </Paragraph>
  <Paragraph>
    <Words Start="3" End="9" Block="0" Page="108" />
  </Paragraph>
  <Paragraph>
    <Words Start="10" End="28" Block="0" Page="108" />
  </Paragraph>
  <Paragraph>
    <Words Start="29" End="72" Block="0" Page="108" />
  </Paragraph>
  <Paragraph>
    <Words Start="73" End="148" Block="0" Page="108" />
  </Paragraph>
  <Paragraph>
    <Words Start="149" End="160" Block="0" Page="108" />
  </Paragraph>
  <Paragraph>
    <Words Start="161" End="249" Block="0" Page="108" />
  </Paragraph>
  <Paragraph>
    <Words Start="0" End="9" Block="0" Page="109" />
  </Paragraph>
  <Paragraph>
    <Words Start="10" End="87" Block="0" Page="109" />
  </Paragraph>
  <Paragraph>
    <Words Start="88" End="126" Block="0" Page="109" />
  </Paragraph>
  <Paragraph>
    <Words Start="127" End="149" Block="0" Page="109" />
  </Paragraph>
  <Paragraph>
    <Words Start="150" End="164" Block="0" Page="109" />
  </Paragraph>
  <Paragraph>
    <Words Start="165" End="198" Block="0" Page="109" />
  </Paragraph>
  <Paragraph>
    <Words Start="199" End="209" Block="0" Page="109" />
  </Paragraph>
  <Paragraph>
    <Words Start="210" End="239" Block="0" Page="109" />
  </Paragraph>
  <Paragraph>
    <Words Start="240" End="251" Block="0" Page="109" />
  </Paragraph>
  <Paragraph>
    <Words Start="0" End="22" Block="0" Page="110" />
  </Paragraph>
  <Paragraph>
    <Words Start="23" End="63" Block="0" Page="110" />
  </Paragraph>
  <Paragraph>
    <Words Start="64" End="95" Block="0" Page="110" />
  </Paragraph>
  <Paragraph>
    <Words Start="96" End="104" Block="0" Page="110" />
  </Paragraph>
  <Paragraph>
    <Words Start="105" End="138" Block="0" Page="110" />
  </Paragraph>
  <Paragraph>
    <Words Start="139" End="139" Block="0" Page="110" />
  </Paragraph>
  <Paragraph>
    <Words Start="140" End="149" Block="0" Page="110" />
  </Paragraph>
  <Paragraph>
    <Words Start="150" End="178" Block="0" Page="110" />
  </Paragraph>
  <Paragraph>
    <Words Start="179" End="199" Block="0" Page="110" />
  </Paragraph>
  <Paragraph>
    <Words Start="200" End="235" Block="0" Page="110" />
  </Paragraph>
  <Paragraph>
    <Words Start="236" End="259" Block="0" Page="110" />
    <Words Start="0" End="19" Block="0" Page="111" />
  </Paragraph>
  <Paragraph>
    <Words Start="20" End="32" Block="0" Page="111" />
  </Paragraph>
  <Paragraph>
    <Words Start="33" End="45" Block="0" Page="111" />
  </Paragraph>
  <Paragraph>
    <Words Start="46" End="76" Block="0" Page="111" />
  </Paragraph>
  <Paragraph>
    <Words Start="77" End="80" Block="0" Page="111" />
  </Paragraph>
  <Paragraph>
    <Words Start="81" End="91" Block="0" Page="111" />
  </Paragraph>
  <Paragraph>
    <Words Start="0" End="31" Block="1" Page="111" />
  </Paragraph>
  <Paragraph>
    <Words Start="32" End="49" Block="1" Page="111" />
  </Paragraph>
  <Paragraph>
    <Words Start="50" End="70" Block="1" Page="111" />
  </Paragraph>
  <Paragraph>
    <Words Start="71" End="99" Block="1" Page="111" />
  </Paragraph>
  <Paragraph>
    <Words Start="100" End="130" Block="1" Page="111" />
  </Paragraph>
  <Paragraph>
    <Words Start="0" End="18" Block="0" Page="112" />
  </Paragraph>
  <Paragraph>
    <Words Start="19" End="37" Block="0" Page="112" />
  </Paragraph>
  <Paragraph>
    <Words Start="38" End="54" Block="0" Page="112" />
  </Paragraph>
  <Paragraph>
    <Words Start="55" End="59" Block="0" Page="112" />
  </Paragraph>
  <Paragraph>
    <Words Start="60" End="66" Block="0" Page="112" />
  </Paragraph>
  <Paragraph>
    <Words Start="67" End="77" Block="0" Page="112" />
  </Paragraph>
  <Paragraph>
    <Words Start="78" End="102" Block="0" Page="112" />
  </Paragraph>
  <Paragraph>
    <Words Start="103" End="117" Block="0" Page="112" />
  </Paragraph>
  <Paragraph>
    <Words Start="118" End="128" Block="0" Page="112" />
  </Paragraph>
  <Paragraph>
    <Words Start="129" End="155" Block="0" Page="112" />
  </Paragraph>
  <Paragraph>
    <Words Start="156" End="182" Block="0" Page="112" />
  </Paragraph>
  <Paragraph>
    <Words Start="183" End="203" Block="0" Page="112" />
  </Paragraph>
  <Paragraph>
    <Words Start="204" End="228" Block="0" Page="112" />
  </Paragraph>
  <Paragraph>
    <Words Start="0" End="40" Block="0" Page="113" />
  </Paragraph>
  <Paragraph>
    <Words Start="41" End="47" Block="0" Page="113" />
  </Paragraph>
  <Paragraph>
    <Words Start="48" End="70" Block="0" Page="113" />
  </Paragraph>
  <Paragraph>
    <Words Start="71" End="79" Block="0" Page="113" />
  </Paragraph>
  <Paragraph>
    <Words Start="80" End="101" Block="0" Page="113" />
  </Paragraph>
  <Paragraph>
    <Words Start="102" End="149" Block="0" Page="113" />
  </Paragraph>
  <Paragraph>
    <Words Start="150" End="174" Block="0" Page="113" />
  </Paragraph>
  <Paragraph>
    <Words Start="175" End="203" Block="0" Page="113" />
  </Paragraph>
  <Paragraph>
    <Words Start="204" End="220" Block="0" Page="113" />
  </Paragraph>
  <Paragraph>
    <Words Start="221" End="253" Block="0" Page="113" />
  </Paragraph>
  <Paragraph>
    <Words Start="254" End="271" Block="0" Page="113" />
  </Paragraph>
  <Paragraph>
    <Words Start="0" End="21" Block="0" Page="114" />
  </Paragraph>
  <Paragraph>
    <Words Start="22" End="53" Block="0" Page="114" />
  </Paragraph>
</Flow>