﻿<?xml version="1.0" encoding="utf-8"?>
<Flow Name="f18">
  <Paragraph>
    <Words Block="0" Page="94" />
  </Paragraph>
  <Paragraph>
    <Words Block="1" Page="94" />
  </Paragraph>
  <Paragraph>
    <Words Start="0" End="71" Block="2" Page="94" />
  </Paragraph>
  <Paragraph>
    <Words Start="72" End="117" Block="2" Page="94" />
  </Paragraph>
  <Paragraph>
    <Words Start="118" End="177" Block="2" Page="94" />
  </Paragraph>
  <Paragraph>
    <Words Start="0" End="22" Block="0" Page="95" />
  </Paragraph>
  <Paragraph>
    <Words Start="23" End="45" Block="0" Page="95" />
  </Paragraph>
  <Paragraph>
    <Words Start="46" End="52" Block="0" Page="95" />
  </Paragraph>
  <Paragraph>
    <Words Start="53" End="87" Block="0" Page="95" />
  </Paragraph>
  <Paragraph>
    <Words Start="88" End="127" Block="0" Page="95" />
  </Paragraph>
  <Paragraph>
    <Words Start="128" End="134" Block="0" Page="95" />
  </Paragraph>
  <Paragraph>
    <Words Start="135" End="148" Block="0" Page="95" />
  </Paragraph>
  <Paragraph>
    <Words Start="149" End="212" Block="0" Page="95" />
  </Paragraph>
  <Paragraph>
    <Words Start="213" End="231" Block="0" Page="95" />
  </Paragraph>
  <Paragraph>
    <Words Start="0" End="27" Block="0" Page="96" />
  </Paragraph>
  <Paragraph>
    <Words Start="28" End="82" Block="0" Page="96" />
  </Paragraph>
  <Paragraph>
    <Words Start="83" End="103" Block="0" Page="96" />
  </Paragraph>
  <Paragraph>
    <Words Start="104" End="123" Block="0" Page="96" />
  </Paragraph>
  <Paragraph>
    <Words Start="124" End="142" Block="0" Page="96" />
  </Paragraph>
  <Paragraph>
    <Words Start="143" End="163" Block="0" Page="96" />
  </Paragraph>
  <Paragraph>
    <Words Start="164" End="202" Block="0" Page="96" />
  </Paragraph>
  <Paragraph>
    <Words Start="203" End="236" Block="0" Page="96" />
  </Paragraph>
  <Paragraph>
    <Words Start="237" End="257" Block="0" Page="96" />
    <Words Start="0" End="11" Block="0" Page="97" />
  </Paragraph>
  <Paragraph>
    <Words Start="12" End="37" Block="0" Page="97" />
  </Paragraph>
  <Paragraph>
    <Words Start="38" End="64" Block="0" Page="97" />
  </Paragraph>
  <Paragraph>
    <Words Start="65" End="75" Block="0" Page="97" />
  </Paragraph>
  <Paragraph>
    <Words Start="76" End="95" Block="0" Page="97" />
  </Paragraph>
  <Paragraph>
    <Words Start="96" End="100" Block="0" Page="97" />
  </Paragraph>
  <Paragraph>
    <Words Start="101" End="132" Block="0" Page="97" />
  </Paragraph>
  <Paragraph>
    <Words Start="133" End="147" Block="0" Page="97" />
  </Paragraph>
  <Paragraph>
    <Words Start="148" End="158" Block="0" Page="97" />
  </Paragraph>
  <Paragraph>
    <Words Start="159" End="169" Block="0" Page="97" />
  </Paragraph>
  <Paragraph>
    <Words Start="170" End="219" Block="0" Page="97" />
  </Paragraph>
  <Paragraph>
    <Words Start="220" End="228" Block="0" Page="97" />
  </Paragraph>
  <Paragraph>
    <Words Start="229" End="229" Block="0" Page="97" />
    <Words Start="0" End="20" Block="0" Page="98" />
  </Paragraph>
  <Paragraph>
    <Words Start="21" End="38" Block="0" Page="98" />
  </Paragraph>
  <Paragraph>
    <Words Start="39" End="68" Block="0" Page="98" />
  </Paragraph>
  <Paragraph>
    <Words Start="69" End="75" Block="0" Page="98" />
  </Paragraph>
  <Paragraph>
    <Words Start="76" End="87" Block="0" Page="98" />
  </Paragraph>
  <Paragraph>
    <Words Start="88" End="88" Block="0" Page="98" />
  </Paragraph>
  <Paragraph>
    <Words Start="89" End="94" Block="0" Page="98" />
  </Paragraph>
  <Paragraph>
    <Words Start="95" End="113" Block="0" Page="98" />
  </Paragraph>
  <Paragraph>
    <Words Start="114" End="135" Block="0" Page="98" />
  </Paragraph>
  <Paragraph>
    <Words Start="136" End="144" Block="0" Page="98" />
  </Paragraph>
  <Paragraph>
    <Words Start="145" End="162" Block="0" Page="98" />
  </Paragraph>
  <Paragraph>
    <Words Start="163" End="186" Block="0" Page="98" />
  </Paragraph>
  <Paragraph>
    <Words Start="187" End="198" Block="0" Page="98" />
  </Paragraph>
  <Paragraph>
    <Words Start="199" End="204" Block="0" Page="98" />
  </Paragraph>
  <Paragraph>
    <Words Start="205" End="217" Block="0" Page="98" />
    <Words Start="0" End="76" Block="0" Page="99" />
  </Paragraph>
  <Paragraph>
    <Words Start="77" End="108" Block="0" Page="99" />
  </Paragraph>
  <Paragraph>
    <Words Start="109" End="154" Block="0" Page="99" />
  </Paragraph>
  <Paragraph>
    <Words Start="155" End="204" Block="0" Page="99" />
  </Paragraph>
  <Paragraph>
    <Words Start="205" End="237" Block="0" Page="99" />
  </Paragraph>
  <Paragraph>
    <Words Start="238" End="245" Block="0" Page="99" />
  </Paragraph>
  <Paragraph>
    <Words Start="246" End="246" Block="0" Page="99" />
  </Paragraph>
  <Paragraph>
    <Words Start="0" End="19" Block="0" Page="100" />
  </Paragraph>
  <Paragraph>
    <Words Start="20" End="27" Block="0" Page="100" />
  </Paragraph>
  <Paragraph>
    <Words Start="28" End="44" Block="0" Page="100" />
  </Paragraph>
  <Paragraph>
    <Words Start="45" End="73" Block="0" Page="100" />
  </Paragraph>
  <Paragraph>
    <Words Start="74" End="87" Block="0" Page="100" />
  </Paragraph>
  <Paragraph>
    <Words Start="88" End="109" Block="0" Page="100" />
  </Paragraph>
  <Paragraph>
    <Words Start="110" End="125" Block="0" Page="100" />
  </Paragraph>
  <Paragraph>
    <Words Start="126" End="137" Block="0" Page="100" />
  </Paragraph>
  <Paragraph>
    <Words Start="138" End="175" Block="0" Page="100" />
  </Paragraph>
  <Paragraph>
    <Words Start="176" End="216" Block="0" Page="100" />
    <Words Start="0" End="17" Block="0" Page="101" />
  </Paragraph>
  <Paragraph>
    <Words Start="18" End="22" Block="0" Page="101" />
  </Paragraph>
  <Paragraph>
    <Words Start="23" End="43" Block="0" Page="101" />
  </Paragraph>
  <Paragraph>
    <Words Start="44" End="66" Block="0" Page="101" />
  </Paragraph>
  <Paragraph>
    <Words Start="67" End="77" Block="0" Page="101" />
  </Paragraph>
  <Paragraph>
    <Words Start="78" End="114" Block="0" Page="101" />
  </Paragraph>
  <Paragraph>
    <Words Start="115" End="146" Block="0" Page="101" />
  </Paragraph>
  <Paragraph>
    <Words Start="147" End="156" Block="0" Page="101" />
  </Paragraph>
  <Paragraph>
    <Words Start="157" End="207" Block="0" Page="101" />
  </Paragraph>
  <Paragraph>
    <Words Start="208" End="218" Block="0" Page="101" />
  </Paragraph>
  <Paragraph>
    <Words Start="0" End="44" Block="0" Page="102" />
  </Paragraph>
  <Paragraph>
    <Words Start="45" End="67" Block="0" Page="102" />
  </Paragraph>
  <Paragraph>
    <Words Start="68" End="94" Block="0" Page="102" />
  </Paragraph>
  <Paragraph>
    <Words Start="95" End="128" Block="0" Page="102" />
  </Paragraph>
  <Paragraph>
    <Words Start="129" End="156" Block="0" Page="102" />
  </Paragraph>
  <Paragraph>
    <Words Start="157" End="169" Block="0" Page="102" />
  </Paragraph>
  <Paragraph>
    <Words Start="170" End="179" Block="0" Page="102" />
  </Paragraph>
  <Paragraph>
    <Words Start="180" End="198" Block="0" Page="102" />
  </Paragraph>
  <Paragraph>
    <Words Start="199" End="218" Block="0" Page="102" />
    <Words Start="0" End="22" Block="0" Page="103" />
  </Paragraph>
  <Paragraph>
    <Words Start="23" End="41" Block="0" Page="103" />
  </Paragraph>
  <Paragraph>
    <Words Start="42" End="57" Block="0" Page="103" />
  </Paragraph>
  <Paragraph>
    <Words Start="58" End="74" Block="0" Page="103" />
  </Paragraph>
  <Paragraph>
    <Words Start="75" End="87" Block="0" Page="103" />
  </Paragraph>
  <Paragraph>
    <Words Start="88" End="117" Block="0" Page="103" />
  </Paragraph>
  <Paragraph>
    <Words Start="118" End="145" Block="0" Page="103" />
  </Paragraph>
  <Paragraph>
    <Words Start="146" End="158" Block="0" Page="103" />
  </Paragraph>
  <Paragraph>
    <Words Start="159" End="175" Block="0" Page="103" />
  </Paragraph>
  <Paragraph>
    <Words Start="176" End="211" Block="0" Page="103" />
  </Paragraph>
  <Paragraph>
    <Words Start="212" End="220" Block="0" Page="103" />
  </Paragraph>
  <Paragraph>
    <Words Start="221" End="231" Block="0" Page="103" />
  </Paragraph>
  <Paragraph>
    <Words Start="232" End="244" Block="0" Page="103" />
    <Words Start="0" End="31" Block="0" Page="104" />
  </Paragraph>
  <Paragraph>
    <Words Start="32" End="63" Block="0" Page="104" />
  </Paragraph>
  <Paragraph>
    <Words Start="64" End="74" Block="0" Page="104" />
  </Paragraph>
  <Paragraph>
    <Words Start="75" End="104" Block="0" Page="104" />
  </Paragraph>
  <Paragraph>
    <Words Start="105" End="136" Block="0" Page="104" />
  </Paragraph>
  <Paragraph>
    <Words Start="137" End="178" Block="0" Page="104" />
  </Paragraph>
  <Paragraph>
    <Words Start="179" End="202" Block="0" Page="104" />
  </Paragraph>
  <Paragraph>
    <Words Start="203" End="222" Block="0" Page="104" />
  </Paragraph>
  <Paragraph>
    <Words Start="223" End="226" Block="0" Page="104" />
  </Paragraph>
  <Paragraph>
    <Words Start="227" End="239" Block="0" Page="104" />
    <Words Start="0" End="16" Block="0" Page="105" />
  </Paragraph>
  <Paragraph>
    <Words Start="17" End="39" Block="0" Page="105" />
  </Paragraph>
  <Paragraph>
    <Words Start="40" End="60" Block="0" Page="105" />
  </Paragraph>
  <Paragraph>
    <Words Start="61" End="70" Block="0" Page="105" />
  </Paragraph>
  <Paragraph>
    <Words Start="71" End="103" Block="0" Page="105" />
  </Paragraph>
  <Paragraph>
    <Words Start="104" End="113" Block="0" Page="105" />
  </Paragraph>
  <Paragraph>
    <Words Start="114" End="150" Block="0" Page="105" />
  </Paragraph>
  <Paragraph>
    <Words Start="151" End="179" Block="0" Page="105" />
  </Paragraph>
  <Paragraph>
    <Words Start="180" End="214" Block="0" Page="105" />
  </Paragraph>
</Flow>