﻿<?xml version="1.0" encoding="utf-8"?>
<Flow Name="f24">
  <Paragraph>
    <Words Block="0" Page="149" />
  </Paragraph>
  <Paragraph>
    <Words Block="1" Page="149" />
  </Paragraph>
  <Paragraph>
    <Words Start="0" End="52" Block="2" Page="149" />
  </Paragraph>
  <Paragraph>
    <Words Start="53" End="82" Block="2" Page="149" />
  </Paragraph>
  <Paragraph>
    <Words Start="83" End="103" Block="2" Page="149" />
  </Paragraph>
  <Paragraph>
    <Words Start="104" End="125" Block="2" Page="149" />
  </Paragraph>
  <Paragraph>
    <Words Start="126" End="134" Block="2" Page="149" />
  </Paragraph>
  <Paragraph>
    <Words Start="135" End="148" Block="2" Page="149" />
  </Paragraph>
  <Paragraph>
    <Words Start="149" End="156" Block="2" Page="149" />
    <Words Start="0" End="14" Block="0" Page="150" />
  </Paragraph>
  <Paragraph>
    <Words Start="15" End="24" Block="0" Page="150" />
  </Paragraph>
  <Paragraph>
    <Words Start="25" End="34" Block="0" Page="150" />
  </Paragraph>
  <Paragraph>
    <Words Start="35" End="66" Block="0" Page="150" />
  </Paragraph>
  <Paragraph>
    <Words Start="67" End="127" Block="0" Page="150" />
  </Paragraph>
  <Paragraph>
    <Words Start="128" End="188" Block="0" Page="150" />
  </Paragraph>
  <Paragraph>
    <Words Start="189" End="192" Block="0" Page="150" />
  </Paragraph>
  <Paragraph>
    <Words Start="193" End="210" Block="0" Page="150" />
  </Paragraph>
  <Paragraph>
    <Words Start="211" End="247" Block="0" Page="150" />
    <Words Start="0" End="37" Block="0" Page="151" />
  </Paragraph>
  <Paragraph>
    <Words Start="38" End="56" Block="0" Page="151" />
  </Paragraph>
  <Paragraph>
    <Words Start="57" End="59" Block="0" Page="151" />
  </Paragraph>
  <Paragraph>
    <Words Start="60" End="90" Block="0" Page="151" />
  </Paragraph>
  <Paragraph>
    <Words Start="91" End="109" Block="0" Page="151" />
  </Paragraph>
  <Paragraph>
    <Words Start="110" End="114" Block="0" Page="151" />
  </Paragraph>
  <Paragraph>
    <Words Start="115" End="117" Block="0" Page="151" />
  </Paragraph>
  <Paragraph>
    <Words Start="118" End="144" Block="0" Page="151" />
  </Paragraph>
  <Paragraph>
    <Words Start="145" End="163" Block="0" Page="151" />
  </Paragraph>
  <Paragraph>
    <Words Start="164" End="179" Block="0" Page="151" />
  </Paragraph>
  <Paragraph>
    <Words Start="180" End="193" Block="0" Page="151" />
  </Paragraph>
  <Paragraph>
    <Words Start="194" End="206" Block="0" Page="151" />
  </Paragraph>
  <Paragraph>
    <Words Start="0" End="9" Block="0" Page="152" />
  </Paragraph>
  <Paragraph>
    <Words Start="10" End="28" Block="0" Page="152" />
  </Paragraph>
  <Paragraph>
    <Words Start="29" End="43" Block="0" Page="152" />
  </Paragraph>
  <Paragraph>
    <Words Start="44" End="48" Block="0" Page="152" />
  </Paragraph>
  <Paragraph>
    <Words Start="49" End="56" Block="0" Page="152" />
  </Paragraph>
  <Paragraph>
    <Words Start="57" End="62" Block="0" Page="152" />
  </Paragraph>
  <Paragraph>
    <Words Start="63" End="72" Block="0" Page="152" />
  </Paragraph>
  <Paragraph>
    <Words Start="73" End="76" Block="0" Page="152" />
  </Paragraph>
  <Paragraph>
    <Words Start="77" End="109" Block="0" Page="152" />
  </Paragraph>
  <Paragraph>
    <Words Start="110" End="112" Block="0" Page="152" />
  </Paragraph>
  <Paragraph>
    <Words Start="113" End="121" Block="0" Page="152" />
  </Paragraph>
  <Paragraph>
    <Words Start="122" End="122" Block="0" Page="152" />
  </Paragraph>
  <Paragraph>
    <Words Start="123" End="138" Block="0" Page="152" />
  </Paragraph>
  <Paragraph>
    <Words Start="139" End="189" Block="0" Page="152" />
  </Paragraph>
  <Paragraph>
    <Words Start="190" End="199" Block="0" Page="152" />
    <Words Start="0" End="19" Block="0" Page="153" />
  </Paragraph>
  <Paragraph>
    <Words Start="20" End="27" Block="0" Page="153" />
  </Paragraph>
  <Paragraph>
    <Words Start="28" End="57" Block="0" Page="153" />
  </Paragraph>
  <Paragraph>
    <Words Start="58" End="83" Block="0" Page="153" />
  </Paragraph>
  <Paragraph>
    <Words Start="84" End="88" Block="0" Page="153" />
  </Paragraph>
  <Paragraph>
    <Words Start="89" End="102" Block="0" Page="153" />
  </Paragraph>
  <Paragraph>
    <Words Start="103" End="112" Block="0" Page="153" />
  </Paragraph>
  <Paragraph>
    <Words Start="113" End="126" Block="0" Page="153" />
  </Paragraph>
  <Paragraph>
    <Words Start="127" End="130" Block="0" Page="153" />
  </Paragraph>
  <Paragraph>
    <Words Start="131" End="143" Block="0" Page="153" />
  </Paragraph>
  <Paragraph>
    <Words Start="144" End="174" Block="0" Page="153" />
  </Paragraph>
  <Paragraph>
    <Words Start="175" End="187" Block="0" Page="153" />
  </Paragraph>
  <Paragraph>
    <Words Start="188" End="207" Block="0" Page="153" />
  </Paragraph>
  <Paragraph>
    <Words Start="0" End="16" Block="0" Page="154" />
  </Paragraph>
  <Paragraph>
    <Words Start="17" End="36" Block="0" Page="154" />
  </Paragraph>
  <Paragraph>
    <Words Start="37" End="49" Block="0" Page="154" />
  </Paragraph>
  <Paragraph>
    <Words Start="50" End="56" Block="0" Page="154" />
  </Paragraph>
  <Paragraph>
    <Words Start="57" End="99" Block="0" Page="154" />
  </Paragraph>
  <Paragraph>
    <Words Start="100" End="122" Block="0" Page="154" />
  </Paragraph>
  <Paragraph>
    <Words Start="123" End="133" Block="0" Page="154" />
  </Paragraph>
  <Paragraph>
    <Words Start="134" End="141" Block="0" Page="154" />
  </Paragraph>
  <Paragraph>
    <Words Start="142" End="149" Block="0" Page="154" />
  </Paragraph>
  <Paragraph>
    <Words Start="150" End="207" Block="0" Page="154" />
  </Paragraph>
  <Paragraph>
    <Words Start="208" End="215" Block="0" Page="154" />
  </Paragraph>
  <Paragraph>
    <Words Start="216" End="240" Block="0" Page="154" />
  </Paragraph>
  <Paragraph>
    <Words Start="0" End="24" Block="0" Page="155" />
  </Paragraph>
  <Paragraph>
    <Words Start="25" End="51" Block="0" Page="155" />
  </Paragraph>
  <Paragraph>
    <Words Start="52" End="76" Block="0" Page="155" />
  </Paragraph>
  <Paragraph>
    <Words Start="77" End="112" Block="0" Page="155" />
  </Paragraph>
  <Paragraph>
    <Words Start="113" End="117" Block="0" Page="155" />
  </Paragraph>
  <Paragraph>
    <Words Start="118" End="133" Block="0" Page="155" />
  </Paragraph>
  <Paragraph>
    <Words Start="134" End="166" Block="0" Page="155" />
  </Paragraph>
  <Paragraph>
    <Words Start="167" End="168" Block="0" Page="155" />
  </Paragraph>
  <Paragraph>
    <Words Start="169" End="180" Block="0" Page="155" />
  </Paragraph>
  <Paragraph>
    <Words Start="181" End="205" Block="0" Page="155" />
  </Paragraph>
  <Paragraph>
    <Words Start="206" End="231" Block="0" Page="155" />
  </Paragraph>
  <Paragraph>
    <Words Start="0" End="37" Block="0" Page="156" />
  </Paragraph>
  <Paragraph>
    <Words Start="38" End="54" Block="0" Page="156" />
  </Paragraph>
  <Paragraph>
    <Words Start="55" End="60" Block="0" Page="156" />
  </Paragraph>
  <Paragraph>
    <Words Start="61" End="90" Block="0" Page="156" />
  </Paragraph>
  <Paragraph>
    <Words Start="91" End="109" Block="0" Page="156" />
  </Paragraph>
  <Paragraph>
    <Words Start="110" End="126" Block="0" Page="156" />
  </Paragraph>
  <Paragraph>
    <Words Start="127" End="145" Block="0" Page="156" />
  </Paragraph>
  <Paragraph>
    <Words Start="146" End="170" Block="0" Page="156" />
  </Paragraph>
  <Paragraph>
    <Words Start="171" End="191" Block="0" Page="156" />
  </Paragraph>
  <Paragraph>
    <Words Start="192" End="212" Block="0" Page="156" />
  </Paragraph>
  <Paragraph>
    <Words Start="213" End="219" Block="0" Page="156" />
  </Paragraph>
  <Paragraph>
    <Words Start="220" End="243" Block="0" Page="156" />
  </Paragraph>
  <Paragraph>
    <Words Start="0" End="27" Block="0" Page="157" />
  </Paragraph>
  <Paragraph>
    <Words Start="28" End="56" Block="0" Page="157" />
  </Paragraph>
  <Paragraph>
    <Words Start="57" End="65" Block="0" Page="157" />
  </Paragraph>
  <Paragraph>
    <Words Start="66" End="73" Block="0" Page="157" />
  </Paragraph>
  <Paragraph>
    <Words Start="74" End="93" Block="0" Page="157" />
  </Paragraph>
  <Paragraph>
    <Words Start="94" End="111" Block="0" Page="157" />
  </Paragraph>
  <Paragraph>
    <Words Start="112" End="122" Block="0" Page="157" />
  </Paragraph>
  <Paragraph>
    <Words Start="123" End="125" Block="0" Page="157" />
  </Paragraph>
  <Paragraph>
    <Words Start="126" End="131" Block="0" Page="157" />
  </Paragraph>
  <Paragraph>
    <Words Start="132" End="163" Block="0" Page="157" />
  </Paragraph>
  <Paragraph>
    <Words Start="164" End="180" Block="0" Page="157" />
  </Paragraph>
</Flow>