﻿<?xml version="1.0" encoding="utf-8"?>
<Flow Name="f27">
  <Paragraph>
    <Words Block="0" Page="168" />
  </Paragraph>
  <Paragraph>
    <Words Block="1" Page="168" />
  </Paragraph>
  <Paragraph>
    <Words Start="0" End="11" Block="2" Page="168" />
  </Paragraph>
  <Paragraph>
    <Words Start="12" End="47" Block="2" Page="168" />
  </Paragraph>
  <Paragraph>
    <Words Start="48" End="52" Block="2" Page="168" />
  </Paragraph>
  <Paragraph>
    <Words Start="53" End="57" Block="2" Page="168" />
  </Paragraph>
  <Paragraph>
    <Words Start="58" End="60" Block="2" Page="168" />
  </Paragraph>
  <Paragraph>
    <Words Start="61" End="71" Block="2" Page="168" />
  </Paragraph>
  <Paragraph>
    <Words Start="72" End="98" Block="2" Page="168" />
  </Paragraph>
  <Paragraph>
    <Words Start="99" End="125" Block="2" Page="168" />
  </Paragraph>
  <Paragraph>
    <Words Start="126" End="143" Block="2" Page="168" />
  </Paragraph>
  <Paragraph>
    <Words Start="0" End="14" Block="0" Page="169" />
  </Paragraph>
  <Paragraph>
    <Words Start="15" End="19" Block="0" Page="169" />
  </Paragraph>
  <Paragraph>
    <Words Start="20" End="30" Block="0" Page="169" />
  </Paragraph>
  <Paragraph>
    <Words Start="31" End="40" Block="0" Page="169" />
  </Paragraph>
  <Paragraph>
    <Words Start="41" End="46" Block="0" Page="169" />
  </Paragraph>
  <Paragraph>
    <Words Start="47" End="49" Block="0" Page="169" />
  </Paragraph>
  <Paragraph>
    <Words Start="50" End="65" Block="0" Page="169" />
  </Paragraph>
  <Paragraph>
    <Words Start="66" End="79" Block="0" Page="169" />
  </Paragraph>
  <Paragraph>
    <Words Start="80" End="86" Block="0" Page="169" />
  </Paragraph>
  <Paragraph>
    <Words Start="87" End="89" Block="0" Page="169" />
  </Paragraph>
  <Paragraph>
    <Words Start="90" End="100" Block="0" Page="169" />
  </Paragraph>
  <Paragraph>
    <Words Start="101" End="134" Block="0" Page="169" />
  </Paragraph>
  <Paragraph>
    <Words Start="135" End="154" Block="0" Page="169" />
  </Paragraph>
  <Paragraph>
    <Words Start="155" End="184" Block="0" Page="169" />
  </Paragraph>
  <Paragraph>
    <Words Start="185" End="206" Block="0" Page="169" />
  </Paragraph>
  <Paragraph>
    <Words Start="207" End="216" Block="0" Page="169" />
  </Paragraph>
  <Paragraph>
    <Words Start="217" End="217" Block="0" Page="169" />
    <Words Start="0" End="18" Block="0" Page="170" />
  </Paragraph>
  <Paragraph>
    <Words Start="19" End="33" Block="0" Page="170" />
  </Paragraph>
  <Paragraph>
    <Words Start="34" End="49" Block="0" Page="170" />
  </Paragraph>
  <Paragraph>
    <Words Start="50" End="55" Block="0" Page="170" />
  </Paragraph>
  <Paragraph>
    <Words Start="56" End="75" Block="0" Page="170" />
  </Paragraph>
  <Paragraph>
    <Words Start="76" End="81" Block="0" Page="170" />
  </Paragraph>
  <Paragraph>
    <Words Start="82" End="89" Block="0" Page="170" />
  </Paragraph>
  <Paragraph>
    <Words Start="90" End="98" Block="0" Page="170" />
  </Paragraph>
  <Paragraph>
    <Words Start="99" End="135" Block="0" Page="170" />
  </Paragraph>
  <Paragraph>
    <Words Start="136" End="142" Block="0" Page="170" />
  </Paragraph>
  <Paragraph>
    <Words Start="143" End="149" Block="0" Page="170" />
  </Paragraph>
  <Paragraph>
    <Words Start="150" End="162" Block="0" Page="170" />
  </Paragraph>
  <Paragraph>
    <Words Start="163" End="181" Block="0" Page="170" />
  </Paragraph>
  <Paragraph>
    <Words Start="182" End="219" Block="0" Page="170" />
  </Paragraph>
  <Paragraph>
    <Words Start="220" End="229" Block="0" Page="170" />
  </Paragraph>
  <Paragraph>
    <Words Start="230" End="230" Block="0" Page="170" />
  </Paragraph>
  <Paragraph>
    <Words Start="0" End="67" Block="0" Page="171" />
  </Paragraph>
  <Paragraph>
    <Words Start="68" End="80" Block="0" Page="171" />
  </Paragraph>
  <Paragraph>
    <Words Start="81" End="110" Block="0" Page="171" />
  </Paragraph>
  <Paragraph>
    <Words Start="111" End="117" Block="0" Page="171" />
  </Paragraph>
  <Paragraph>
    <Words Start="118" End="125" Block="0" Page="171" />
  </Paragraph>
  <Paragraph>
    <Words Start="126" End="175" Block="0" Page="171" />
  </Paragraph>
  <Paragraph>
    <Words Start="176" End="198" Block="0" Page="171" />
  </Paragraph>
  <Paragraph>
    <Words Start="199" End="278" Block="0" Page="171" />
    <Words Start="0" End="14" Block="0" Page="172" />
  </Paragraph>
  <Paragraph>
    <Words Start="15" End="39" Block="0" Page="172" />
  </Paragraph>
  <Paragraph>
    <Words Start="40" End="56" Block="0" Page="172" />
  </Paragraph>
  <Paragraph>
    <Words Start="57" End="90" Block="0" Page="172" />
  </Paragraph>
  <Paragraph>
    <Words Start="91" End="154" Block="0" Page="172" />
  </Paragraph>
  <Paragraph>
    <Words Start="155" End="194" Block="0" Page="172" />
  </Paragraph>
  <Paragraph>
    <Words Start="195" End="202" Block="0" Page="172" />
  </Paragraph>
  <Paragraph>
    <Words Start="203" End="213" Block="0" Page="172" />
  </Paragraph>
  <Paragraph>
    <Words Start="214" End="236" Block="0" Page="172" />
  </Paragraph>
  <Paragraph>
    <Words Start="0" End="26" Block="0" Page="173" />
  </Paragraph>
  <Paragraph>
    <Words Start="27" End="57" Block="0" Page="173" />
  </Paragraph>
  <Paragraph>
    <Words Start="58" End="67" Block="0" Page="173" />
  </Paragraph>
  <Paragraph>
    <Words Start="0" End="22" Block="1" Page="173" />
  </Paragraph>
  <Paragraph>
    <Words Start="23" End="28" Block="1" Page="173" />
  </Paragraph>
  <Paragraph>
    <Words Start="29" End="41" Block="1" Page="173" />
  </Paragraph>
  <Paragraph>
    <Words Start="42" End="64" Block="1" Page="173" />
  </Paragraph>
  <Paragraph>
    <Words Start="65" End="76" Block="1" Page="173" />
  </Paragraph>
  <Paragraph>
    <Words Start="77" End="85" Block="1" Page="173" />
  </Paragraph>
  <Paragraph>
    <Words Start="86" End="97" Block="1" Page="173" />
  </Paragraph>
  <Paragraph>
    <Words Start="98" End="115" Block="1" Page="173" />
  </Paragraph>
  <Paragraph>
    <Words Start="116" End="125" Block="1" Page="173" />
  </Paragraph>
  <Paragraph>
    <Words Start="126" End="133" Block="1" Page="173" />
  </Paragraph>
  <Paragraph>
    <Words Start="134" End="169" Block="1" Page="173" />
  </Paragraph>
  <Paragraph>
    <Words Start="0" End="20" Block="0" Page="174" />
  </Paragraph>
  <Paragraph>
    <Words Start="21" End="34" Block="0" Page="174" />
  </Paragraph>
  <Paragraph>
    <Words Start="35" End="44" Block="0" Page="174" />
  </Paragraph>
  <Paragraph>
    <Words Start="45" End="51" Block="0" Page="174" />
  </Paragraph>
  <Paragraph>
    <Words Start="52" End="66" Block="0" Page="174" />
  </Paragraph>
  <Paragraph>
    <Words Start="67" End="68" Block="0" Page="174" />
  </Paragraph>
  <Paragraph>
    <Words Start="69" End="75" Block="0" Page="174" />
  </Paragraph>
  <Paragraph>
    <Words Start="76" End="90" Block="0" Page="174" />
  </Paragraph>
  <Paragraph>
    <Words Start="91" End="110" Block="0" Page="174" />
  </Paragraph>
  <Paragraph>
    <Words Start="111" End="116" Block="0" Page="174" />
  </Paragraph>
  <Paragraph>
    <Words Start="117" End="167" Block="0" Page="174" />
  </Paragraph>
  <Paragraph>
    <Words Start="168" End="172" Block="0" Page="174" />
  </Paragraph>
  <Paragraph>
    <Words Start="173" End="212" Block="0" Page="174" />
  </Paragraph>
  <Paragraph>
    <Words Start="0" End="47" Block="0" Page="175" />
  </Paragraph>
  <Paragraph>
    <Words Start="48" End="92" Block="0" Page="175" />
  </Paragraph>
  <Paragraph>
    <Words Start="93" End="114" Block="0" Page="175" />
  </Paragraph>
  <Paragraph>
    <Words Start="115" End="128" Block="0" Page="175" />
  </Paragraph>
  <Paragraph>
    <Words Start="129" End="192" Block="0" Page="175" />
  </Paragraph>
  <Paragraph>
    <Words Start="193" End="203" Block="0" Page="175" />
  </Paragraph>
  <Paragraph>
    <Words Start="204" End="221" Block="0" Page="175" />
  </Paragraph>
  <Paragraph>
    <Words Start="222" End="222" Block="0" Page="175" />
  </Paragraph>
  <Paragraph>
    <Words Start="223" End="228" Block="0" Page="175" />
  </Paragraph>
  <Paragraph>
    <Words Start="229" End="243" Block="0" Page="175" />
    <Words Start="0" End="35" Block="0" Page="176" />
  </Paragraph>
  <Paragraph>
    <Words Start="36" End="63" Block="0" Page="176" />
  </Paragraph>
  <Paragraph>
    <Words Start="64" End="129" Block="0" Page="176" />
  </Paragraph>
</Flow>