﻿<?xml version="1.0" encoding="utf-8"?>
<Flow Name="f30">
  <Paragraph>
    <Words Block="0" Page="195" />
  </Paragraph>
  <Paragraph>
    <Words Block="1" Page="195" />
  </Paragraph>
  <Paragraph>
    <Words Start="0" End="16" Block="2" Page="195" />
  </Paragraph>
  <Paragraph>
    <Words Start="17" End="36" Block="2" Page="195" />
  </Paragraph>
  <Paragraph>
    <Words Start="37" End="56" Block="2" Page="195" />
  </Paragraph>
  <Paragraph>
    <Words Start="57" End="88" Block="2" Page="195" />
  </Paragraph>
  <Paragraph>
    <Words Start="89" End="118" Block="2" Page="195" />
  </Paragraph>
  <Paragraph>
    <Words Start="119" End="147" Block="2" Page="195" />
  </Paragraph>
  <Paragraph>
    <Words Start="148" End="183" Block="2" Page="195" />
  </Paragraph>
  <Paragraph>
    <Words Start="0" End="11" Block="0" Page="196" />
  </Paragraph>
  <Paragraph>
    <Words Start="12" End="20" Block="0" Page="196" />
  </Paragraph>
  <Paragraph>
    <Words Start="21" End="46" Block="0" Page="196" />
  </Paragraph>
  <Paragraph>
    <Words Start="47" End="59" Block="0" Page="196" />
  </Paragraph>
  <Paragraph>
    <Words Start="60" End="74" Block="0" Page="196" />
  </Paragraph>
  <Paragraph>
    <Words Start="75" End="81" Block="0" Page="196" />
  </Paragraph>
  <Paragraph>
    <Words Start="82" End="89" Block="0" Page="196" />
  </Paragraph>
  <Paragraph>
    <Words Start="90" End="130" Block="0" Page="196" />
  </Paragraph>
  <Paragraph>
    <Words Start="131" End="145" Block="0" Page="196" />
  </Paragraph>
  <Paragraph>
    <Words Start="146" End="159" Block="0" Page="196" />
  </Paragraph>
  <Paragraph>
    <Words Start="160" End="174" Block="0" Page="196" />
  </Paragraph>
  <Paragraph>
    <Words Start="175" End="194" Block="0" Page="196" />
  </Paragraph>
  <Paragraph>
    <Words Start="195" End="204" Block="0" Page="196" />
    <Words Start="0" End="10" Block="0" Page="197" />
  </Paragraph>
  <Paragraph>
    <Words Start="11" End="43" Block="0" Page="197" />
  </Paragraph>
  <Paragraph>
    <Words Start="44" End="63" Block="0" Page="197" />
  </Paragraph>
  <Paragraph>
    <Words Start="64" End="92" Block="0" Page="197" />
  </Paragraph>
  <Paragraph>
    <Words Start="93" End="147" Block="0" Page="197" />
  </Paragraph>
  <Paragraph>
    <Words Start="148" End="176" Block="0" Page="197" />
  </Paragraph>
  <Paragraph>
    <Words Start="177" End="182" Block="0" Page="197" />
  </Paragraph>
  <Paragraph>
    <Words Start="183" End="197" Block="0" Page="197" />
  </Paragraph>
  <Paragraph>
    <Words Start="198" End="206" Block="0" Page="197" />
  </Paragraph>
  <Paragraph>
    <Words Start="207" End="215" Block="0" Page="197" />
  </Paragraph>
  <Paragraph>
    <Words Start="216" End="234" Block="0" Page="197" />
  </Paragraph>
  <Paragraph>
    <Words Start="0" End="63" Block="0" Page="198" />
  </Paragraph>
  <Paragraph>
    <Words Start="64" End="83" Block="0" Page="198" />
  </Paragraph>
  <Paragraph>
    <Words Start="84" End="105" Block="0" Page="198" />
  </Paragraph>
  <Paragraph>
    <Words Start="106" End="124" Block="0" Page="198" />
  </Paragraph>
  <Paragraph>
    <Words Start="125" End="135" Block="0" Page="198" />
  </Paragraph>
  <Paragraph>
    <Words Start="136" End="146" Block="0" Page="198" />
  </Paragraph>
  <Paragraph>
    <Words Start="147" End="182" Block="0" Page="198" />
  </Paragraph>
  <Paragraph>
    <Words Start="183" End="189" Block="0" Page="198" />
  </Paragraph>
  <Paragraph>
    <Words Start="190" End="196" Block="0" Page="198" />
  </Paragraph>
  <Paragraph>
    <Words Start="197" End="252" Block="0" Page="198" />
  </Paragraph>
  <Paragraph>
    <Words Start="253" End="265" Block="0" Page="198" />
  </Paragraph>
  <Paragraph>
    <Words Start="0" End="15" Block="0" Page="199" />
  </Paragraph>
  <Paragraph>
    <Words Start="16" End="45" Block="0" Page="199" />
  </Paragraph>
  <Paragraph>
    <Words Start="46" End="55" Block="0" Page="199" />
  </Paragraph>
  <Paragraph>
    <Words Start="56" End="75" Block="0" Page="199" />
  </Paragraph>
  <Paragraph>
    <Words Start="76" End="80" Block="0" Page="199" />
  </Paragraph>
  <Paragraph>
    <Words Start="81" End="97" Block="0" Page="199" />
  </Paragraph>
  <Paragraph>
    <Words Start="98" End="113" Block="0" Page="199" />
  </Paragraph>
  <Paragraph>
    <Words Start="114" End="137" Block="0" Page="199" />
  </Paragraph>
  <Paragraph>
    <Words Start="138" End="154" Block="0" Page="199" />
  </Paragraph>
  <Paragraph>
    <Words Start="155" End="175" Block="0" Page="199" />
  </Paragraph>
  <Paragraph>
    <Words Start="176" End="222" Block="0" Page="199" />
  </Paragraph>
  <Paragraph>
    <Words Start="0" End="33" Block="0" Page="200" />
  </Paragraph>
  <Paragraph>
    <Words Start="34" End="47" Block="0" Page="200" />
  </Paragraph>
</Flow>