﻿<?xml version="1.0" encoding="utf-8"?>
<Flow Name="f23">
  <Paragraph>
    <Words Block="0" Page="144" />
  </Paragraph>
  <Paragraph>
    <Words Block="1" Page="144" />
  </Paragraph>
  <Paragraph>
    <Words Start="0" End="44" Block="2" Page="144" />
  </Paragraph>
  <Paragraph>
    <Words Start="45" End="49" Block="2" Page="144" />
  </Paragraph>
  <Paragraph>
    <Words Start="50" End="64" Block="2" Page="144" />
  </Paragraph>
  <Paragraph>
    <Words Start="65" End="104" Block="2" Page="144" />
  </Paragraph>
  <Paragraph>
    <Words Start="105" End="124" Block="2" Page="144" />
  </Paragraph>
  <Paragraph>
    <Words Start="125" End="126" Block="2" Page="144" />
  </Paragraph>
  <Paragraph>
    <Words Start="127" End="163" Block="2" Page="144" />
    <Words Start="0" End="13" Block="0" Page="145" />
  </Paragraph>
  <Paragraph>
    <Words Start="14" End="22" Block="0" Page="145" />
  </Paragraph>
  <Paragraph>
    <Words Start="23" End="28" Block="0" Page="145" />
  </Paragraph>
  <Paragraph>
    <Words Start="29" End="39" Block="0" Page="145" />
  </Paragraph>
  <Paragraph>
    <Words Start="40" End="59" Block="0" Page="145" />
  </Paragraph>
  <Paragraph>
    <Words Start="60" End="64" Block="0" Page="145" />
  </Paragraph>
  <Paragraph>
    <Words Start="65" End="73" Block="0" Page="145" />
  </Paragraph>
  <Paragraph>
    <Words Start="74" End="113" Block="0" Page="145" />
  </Paragraph>
  <Paragraph>
    <Words Start="114" End="141" Block="0" Page="145" />
  </Paragraph>
  <Paragraph>
    <Words Start="142" End="148" Block="0" Page="145" />
  </Paragraph>
  <Paragraph>
    <Words Start="149" End="159" Block="0" Page="145" />
  </Paragraph>
  <Paragraph>
    <Words Start="160" End="179" Block="0" Page="145" />
  </Paragraph>
  <Paragraph>
    <Words Start="180" End="188" Block="0" Page="145" />
  </Paragraph>
  <Paragraph>
    <Words Start="189" End="213" Block="0" Page="145" />
  </Paragraph>
  <Paragraph>
    <Words Start="0" End="19" Block="0" Page="146" />
  </Paragraph>
  <Paragraph>
    <Words Start="20" End="30" Block="0" Page="146" />
  </Paragraph>
  <Paragraph>
    <Words Start="31" End="48" Block="0" Page="146" />
  </Paragraph>
  <Paragraph>
    <Words Start="49" End="68" Block="0" Page="146" />
  </Paragraph>
  <Paragraph>
    <Words Start="69" End="77" Block="0" Page="146" />
  </Paragraph>
  <Paragraph>
    <Words Start="78" End="85" Block="0" Page="146" />
  </Paragraph>
  <Paragraph>
    <Words Start="86" End="99" Block="0" Page="146" />
  </Paragraph>
  <Paragraph>
    <Words Start="100" End="107" Block="0" Page="146" />
  </Paragraph>
  <Paragraph>
    <Words Start="108" End="115" Block="0" Page="146" />
  </Paragraph>
  <Paragraph>
    <Words Start="116" End="134" Block="0" Page="146" />
  </Paragraph>
  <Paragraph>
    <Words Start="135" End="160" Block="0" Page="146" />
  </Paragraph>
  <Paragraph>
    <Words Start="161" End="167" Block="0" Page="146" />
  </Paragraph>
  <Paragraph>
    <Words Start="168" End="192" Block="0" Page="146" />
  </Paragraph>
  <Paragraph>
    <Words Start="193" End="198" Block="0" Page="146" />
  </Paragraph>
  <Paragraph>
    <Words Start="199" End="206" Block="0" Page="146" />
  </Paragraph>
  <Paragraph>
    <Words Start="207" End="207" Block="0" Page="146" />
  </Paragraph>
  <Paragraph>
    <Words Start="0" End="17" Block="0" Page="147" />
  </Paragraph>
  <Paragraph>
    <Words Start="18" End="56" Block="0" Page="147" />
  </Paragraph>
  <Paragraph>
    <Words Start="57" End="61" Block="0" Page="147" />
  </Paragraph>
  <Paragraph>
    <Words Start="62" End="115" Block="0" Page="147" />
  </Paragraph>
  <Paragraph>
    <Words Start="116" End="135" Block="0" Page="147" />
  </Paragraph>
  <Paragraph>
    <Words Start="136" End="174" Block="0" Page="147" />
  </Paragraph>
  <Paragraph>
    <Words Start="175" End="193" Block="0" Page="147" />
  </Paragraph>
  <Paragraph>
    <Words Start="194" End="207" Block="0" Page="147" />
  </Paragraph>
  <Paragraph>
    <Words Start="208" End="219" Block="0" Page="147" />
  </Paragraph>
  <Paragraph>
    <Words Start="220" End="230" Block="0" Page="147" />
  </Paragraph>
  <Paragraph>
    <Words Start="0" End="13" Block="0" Page="148" />
  </Paragraph>
  <Paragraph>
    <Words Start="14" End="32" Block="0" Page="148" />
  </Paragraph>
  <Paragraph>
    <Words Start="33" End="47" Block="0" Page="148" />
  </Paragraph>
  <Paragraph>
    <Words Start="48" End="64" Block="0" Page="148" />
  </Paragraph>
  <Paragraph>
    <Words Start="65" End="117" Block="0" Page="148" />
  </Paragraph>
</Flow>