﻿<?xml version="1.0" encoding="utf-8"?>
<Flow Name="f15">
  <Paragraph>
    <Words Block="0" Page="76" />
  </Paragraph>
  <Paragraph>
    <Words Block="1" Page="76" />
  </Paragraph>
  <Paragraph>
    <Words Start="0" End="62" Block="2" Page="76" />
  </Paragraph>
  <Paragraph>
    <Words Start="63" End="71" Block="2" Page="76" />
  </Paragraph>
  <Paragraph>
    <Words Start="72" End="99" Block="2" Page="76" />
  </Paragraph>
  <Paragraph>
    <Words Start="100" End="128" Block="2" Page="76" />
  </Paragraph>
  <Paragraph>
    <Words Start="129" End="142" Block="2" Page="76" />
  </Paragraph>
  <Paragraph>
    <Words Start="143" End="164" Block="2" Page="76" />
  </Paragraph>
  <Paragraph>
    <Words Start="165" End="165" Block="2" Page="76" />
    <Words Start="0" End="16" Block="0" Page="77" />
  </Paragraph>
  <Paragraph>
    <Words Start="17" End="23" Block="0" Page="77" />
  </Paragraph>
  <Paragraph>
    <Words Start="24" End="48" Block="0" Page="77" />
  </Paragraph>
  <Paragraph>
    <Words Start="49" End="83" Block="0" Page="77" />
  </Paragraph>
  <Paragraph>
    <Words Start="0" End="42" Block="1" Page="77" />
  </Paragraph>
  <Paragraph>
    <Words Start="43" End="79" Block="1" Page="77" />
  </Paragraph>
  <Paragraph>
    <Words Start="80" End="152" Block="1" Page="77" />
  </Paragraph>
  <Paragraph>
    <Words Start="153" End="176" Block="1" Page="77" />
  </Paragraph>
  <Paragraph>
    <Words Start="0" End="34" Block="0" Page="78" />
  </Paragraph>
  <Paragraph>
    <Words Start="35" End="58" Block="0" Page="78" />
  </Paragraph>
  <Paragraph>
    <Words Start="59" End="104" Block="0" Page="78" />
  </Paragraph>
  <Paragraph>
    <Words Start="105" End="115" Block="0" Page="78" />
  </Paragraph>
  <Paragraph>
    <Words Start="116" End="166" Block="0" Page="78" />
  </Paragraph>
  <Paragraph>
    <Words Start="167" End="226" Block="0" Page="78" />
  </Paragraph>
  <Paragraph>
    <Words Start="227" End="245" Block="0" Page="78" />
  </Paragraph>
  <Paragraph>
    <Words Start="246" End="246" Block="0" Page="78" />
    <Words Start="0" End="16" Block="0" Page="79" />
  </Paragraph>
  <Paragraph>
    <Words Start="17" End="33" Block="0" Page="79" />
  </Paragraph>
  <Paragraph>
    <Words Start="34" End="57" Block="0" Page="79" />
  </Paragraph>
  <Paragraph>
    <Words Start="58" End="101" Block="0" Page="79" />
  </Paragraph>
  <Paragraph>
    <Words Start="102" End="125" Block="0" Page="79" />
  </Paragraph>
  <Paragraph>
    <Words Start="126" End="132" Block="0" Page="79" />
  </Paragraph>
  <Paragraph>
    <Words Start="133" End="164" Block="0" Page="79" />
  </Paragraph>
  <Paragraph>
    <Words Start="165" End="180" Block="0" Page="79" />
  </Paragraph>
  <Paragraph>
    <Words Start="181" End="197" Block="0" Page="79" />
  </Paragraph>
  <Paragraph>
    <Words Start="198" End="205" Block="0" Page="79" />
  </Paragraph>
  <Paragraph>
    <Words Start="206" End="227" Block="0" Page="79" />
  </Paragraph>
  <Paragraph>
    <Words Start="228" End="238" Block="0" Page="79" />
    <Words Start="0" End="17" Block="0" Page="80" />
  </Paragraph>
  <Paragraph>
    <Words Start="18" End="33" Block="0" Page="80" />
  </Paragraph>
  <Paragraph>
    <Words Start="34" End="77" Block="0" Page="80" />
  </Paragraph>
  <Paragraph>
    <Words Start="78" End="85" Block="0" Page="80" />
  </Paragraph>
  <Paragraph>
    <Words Start="86" End="99" Block="0" Page="80" />
  </Paragraph>
  <Paragraph>
    <Words Start="100" End="132" Block="0" Page="80" />
  </Paragraph>
  <Paragraph>
    <Words Start="133" End="183" Block="0" Page="80" />
  </Paragraph>
  <Paragraph>
    <Words Start="184" End="244" Block="0" Page="80" />
  </Paragraph>
  <Paragraph>
    <Words Start="245" End="255" Block="0" Page="80" />
    <Words Start="0" End="30" Block="0" Page="81" />
  </Paragraph>
  <Paragraph>
    <Words Start="31" End="56" Block="0" Page="81" />
  </Paragraph>
  <Paragraph>
    <Words Start="57" End="67" Block="0" Page="81" />
  </Paragraph>
  <Paragraph>
    <Words Start="68" End="74" Block="0" Page="81" />
  </Paragraph>
  <Paragraph>
    <Words Start="75" End="83" Block="0" Page="81" />
  </Paragraph>
  <Paragraph>
    <Words Start="84" End="136" Block="0" Page="81" />
  </Paragraph>
  <Paragraph>
    <Words Start="137" End="137" Block="0" Page="81" />
  </Paragraph>
</Flow>