﻿<?xml version="1.0" encoding="utf-8"?>
<Flow Name="f1">
  <Paragraph>
    <Words Start="0" End="12" Block="0" Page="1" />
  </Paragraph>
  <Paragraph>
    <Words Start="13" End="13" Block="0" Page="1" />
  </Paragraph>
  <Paragraph>
    <Words Start="0" End="40" Block="1" Page="1" />
  </Paragraph>
  <Paragraph>
    <Words Start="41" End="41" Block="1" Page="1" />
  </Paragraph>
  <Paragraph>
    <Words Start="42" End="42" Block="1" Page="1" />
  </Paragraph>
  <Paragraph>
    <Words Start="0" End="3" Block="2" Page="1" />
  </Paragraph>
  <Paragraph>
    <Words Start="4" End="8" Block="2" Page="1" />
  </Paragraph>
  <Paragraph>
    <Words Start="9" End="9" Block="2" Page="1" />
  </Paragraph>
  <Paragraph>
    <Words Start="0" End="22" Block="3" Page="1" />
  </Paragraph>
  <Paragraph>
    <Words Start="23" End="23" Block="3" Page="1" />
  </Paragraph>
  <Paragraph>
    <Words Start="0" End="32" Block="4" Page="1" />
  </Paragraph>
  <Paragraph>
    <Words Start="33" End="38" Block="4" Page="1" />
  </Paragraph>
  <Paragraph>
    <Words Start="39" End="39" Block="4" Page="1" />
  </Paragraph>
  <Paragraph>
    <Words Start="0" End="12" Block="5" Page="1" />
  </Paragraph>
  <Paragraph>
    <Words Start="13" End="21" Block="5" Page="1" />
  </Paragraph>
  <Paragraph>
    <Words Start="22" End="22" Block="5" Page="1" />
  </Paragraph>
  <Paragraph>
    <Words Start="0" End="25" Block="6" Page="1" />
  </Paragraph>
  <Paragraph>
    <Words Start="26" End="33" Block="6" Page="1" />
  </Paragraph>
  <Paragraph>
    <Words Start="34" End="34" Block="6" Page="1" />
  </Paragraph>
</Flow>