﻿<?xml version="1.0" encoding="utf-8"?>
<BookContents>
  <PageLocations>
    <PageRange Start="0" End="52" Source="Pages_0_52.xml" />
    <PageRange Start="53" End="98" Source="Pages_53_98.xml" />
    <PageRange Start="99" End="143" Source="Pages_99_143.xml" />
    <PageRange Start="144" End="190" Source="Pages_144_190.xml" />
    <PageRange Start="191" End="204" Source="Pages_191_204.xml" />
  </PageLocations>
  <Sections>
    <Section PageIndex="1" Name="Praise for Dead Is the New Black and Dead Is a State of Mind">
      <FlowReference Source="Flow_1.xml" PageIndices="1" />
    </Section>
    <Section PageIndex="2" Name="Other Books by Marlene Perez">
      <FlowReference Source="Flow_2.xml" PageIndices="2" />
    </Section>
    <Section PageIndex="3" Name="Title">
      <FlowReference Source="Flow_3.xml" PageIndices="3" />
    </Section>
    <Section PageIndex="4" Name="Copyright">
      <FlowReference Source="Flow_4.xml" PageIndices="4" />
    </Section>
    <Section PageIndex="5" Name="Dedication">
      <FlowReference Source="Flow_5.xml" PageIndices="5" />
    </Section>
    <Section PageIndex="7" Name="Dead Is So Last Year">
      <FlowReference Source="Flow_6.xml" PageIndices="7" />
    </Section>
    <Section PageIndex="9" Name="Chapter One">
      <FlowReference Source="Flow_7.xml" PageIndices="9-18" />
    </Section>
    <Section PageIndex="19" Name="Chapter Two">
      <FlowReference Source="Flow_8.xml" PageIndices="19-26" />
    </Section>
    <Section PageIndex="27" Name="Chapter Three">
      <FlowReference Source="Flow_9.xml" PageIndices="27-38" />
    </Section>
    <Section PageIndex="39" Name="Chapter Four">
      <FlowReference Source="Flow_10.xml" PageIndices="39-49" />
    </Section>
    <Section PageIndex="50" Name="Chapter Five">
      <FlowReference Source="Flow_11.xml" PageIndices="50-55" />
    </Section>
    <Section PageIndex="56" Name="Chapter Six">
      <FlowReference Source="Flow_12.xml" PageIndices="56-62" />
    </Section>
    <Section PageIndex="63" Name="Chapter Seven">
      <FlowReference Source="Flow_13.xml" PageIndices="63-68" />
    </Section>
    <Section PageIndex="69" Name="Chapter Eight">
      <FlowReference Source="Flow_14.xml" PageIndices="69-75" />
    </Section>
    <Section PageIndex="76" Name="Chapter Nine">
      <FlowReference Source="Flow_15.xml" PageIndices="76-81" />
    </Section>
    <Section PageIndex="82" Name="Chapter Ten">
      <FlowReference Source="Flow_16.xml" PageIndices="82-86" />
    </Section>
    <Section PageIndex="87" Name="Chapter Eleven">
      <FlowReference Source="Flow_17.xml" PageIndices="87-93" />
    </Section>
    <Section PageIndex="94" Name="Chapter Twelve">
      <FlowReference Source="Flow_18.xml" PageIndices="94-105" />
    </Section>
    <Section PageIndex="106" Name="Chapter Thirteen">
      <FlowReference Source="Flow_19.xml" PageIndices="106-114" />
    </Section>
    <Section PageIndex="115" Name="Chapter Fourteen">
      <FlowReference Source="Flow_20.xml" PageIndices="115-129" />
    </Section>
    <Section PageIndex="130" Name="Chapter Fifteen">
      <FlowReference Source="Flow_21.xml" PageIndices="130-138" />
    </Section>
    <Section PageIndex="139" Name="Chapter Sixteen">
      <FlowReference Source="Flow_22.xml" PageIndices="139-143" />
    </Section>
    <Section PageIndex="144" Name="Chapter Seventeen">
      <FlowReference Source="Flow_23.xml" PageIndices="144-148" />
    </Section>
    <Section PageIndex="149" Name="Chapter Eighteen">
      <FlowReference Source="Flow_24.xml" PageIndices="149-157" />
    </Section>
    <Section PageIndex="158" Name="Chapter Nineteen">
      <FlowReference Source="Flow_25.xml" PageIndices="158-161" />
    </Section>
    <Section PageIndex="162" Name="Chapter Twenty">
      <FlowReference Source="Flow_26.xml" PageIndices="162-167" />
    </Section>
    <Section PageIndex="168" Name="Chapter Twenty-one">
      <FlowReference Source="Flow_27.xml" PageIndices="168-176" />
    </Section>
    <Section PageIndex="177" Name="Chapter Twenty-two">
      <FlowReference Source="Flow_28.xml" PageIndices="177-188" />
    </Section>
    <Section PageIndex="189" Name="Chapter Twenty-three">
      <FlowReference Source="Flow_29.xml" PageIndices="189-194" />
    </Section>
    <Section PageIndex="195" Name="Chapter Twenty-four">
      <FlowReference Source="Flow_30.xml" PageIndices="195-200" />
    </Section>
    <Section PageIndex="201" Name="Acknowledgments">
      <FlowReference Source="Flow_31.xml" PageIndices="201" />
    </Section>
    <Section PageIndex="203" Name="About the Author">
      <FlowReference Source="Flow_32.xml" PageIndices="203" />
    </Section>
  </Sections>
</BookContents>