﻿<?xml version="1.0" encoding="utf-8"?>
<Flow Name="f1">
  <Paragraph>
    <Words Block="0" Page="4" />
  </Paragraph>
  <Paragraph>
    <Words Start="0" End="0" Block="1" Page="4" />
  </Paragraph>
  <Paragraph>
    <Words Start="1" End="1" Block="1" Page="4" />
  </Paragraph>
  <Paragraph>
    <Words Block="2" Page="4" />
  </Paragraph>
  <Paragraph>
    <Words Block="3" Page="4" />
  </Paragraph>
  <Paragraph>
    <Words Start="0" End="1" Block="4" Page="4" />
  </Paragraph>
  <Paragraph>
    <Words Start="2" End="2" Block="4" Page="4" />
    <Words Block="0" Page="5" />
  </Paragraph>
  <Paragraph>
    <Words Block="0" Page="7" />
  </Paragraph>
  <Paragraph>
    <Words Block="0" Page="9" />
  </Paragraph>
  <Paragraph>
    <Words Block="0" Page="13" />
  </Paragraph>
  <Paragraph>
    <Words Block="0" Page="14" />
  </Paragraph>
  <Paragraph>
    <Words Block="0" Page="15" />
  </Paragraph>
  <Paragraph>
    <Words Block="0" Page="18" />
  </Paragraph>
  <Paragraph>
    <Words Block="0" Page="19" />
  </Paragraph>
  <Paragraph>
    <Words Block="0" Page="22" />
  </Paragraph>
  <Paragraph>
    <Words Start="0" End="6" Block="0" Page="23" />
  </Paragraph>
  <Paragraph>
    <Words Start="7" End="7" Block="0" Page="23" />
  </Paragraph>
  <Paragraph>
    <Words Block="0" Page="25" />
  </Paragraph>
  <Paragraph>
    <Words Block="0" Page="27" />
  </Paragraph>
  <Paragraph>
    <Words Block="0" Page="28" />
  </Paragraph>
  <Paragraph>
    <Words Block="0" Page="29" />
  </Paragraph>
  <Paragraph>
    <Words Block="0" Page="31" />
  </Paragraph>
  <Paragraph>
    <Words Block="1" Page="31" />
  </Paragraph>
  <Paragraph>
    <Words Start="0" End="6" Block="2" Page="31" />
  </Paragraph>
  <Paragraph>
    <Words Start="7" End="7" Block="2" Page="31" />
  </Paragraph>
  <Paragraph>
    <Words Start="0" End="0" Block="3" Page="31" />
  </Paragraph>
  <Paragraph>
    <Words Start="1" End="1" Block="3" Page="31" />
  </Paragraph>
  <Paragraph>
    <Words Start="0" End="1" Block="0" Page="32" />
  </Paragraph>
  <Paragraph>
    <Words Start="2" End="2" Block="0" Page="32" />
  </Paragraph>
  <Paragraph>
    <Words Block="1" Page="32" />
  </Paragraph>
  <Paragraph>
    <Words Block="2" Page="32" />
  </Paragraph>
  <Paragraph>
    <Words Block="3" Page="32" />
  </Paragraph>
  <Paragraph>
    <Words Block="4" Page="32" />
  </Paragraph>
  <Paragraph>
    <Words Block="5" Page="32" />
  </Paragraph>
</Flow>