﻿<?xml version="1.0" encoding="utf-8"?>
<Pages>
  <Page PageIndex="0" />
  <Page PageIndex="1" />
  <Page PageIndex="2" />
  <Page PageIndex="3" />
  <Page PageIndex="4">
    <Block ID="0">
      <Word Text="Contents" Rect="246,53,84,30" ID="0" />
    </Block>
    <Block ID="1">
      <Word Text="Begin" Rect="42,98,38,20" ID="0" />
      <Word Text="Reading" Rect="84,98,52,20" ID="1" />
    </Block>
    <Block ID="2">
      <Word Text="Cover" Rect="42,125,38,20" ID="0" />
    </Block>
    <Block ID="3">
      <Word Text="Copyright" Rect="42,153,64,20" ID="0" />
    </Block>
    <Block ID="4">
      <Word Text="About" Rect="42,180,39,20" ID="0" />
      <Word Text="the" Rect="86,180,19,20" ID="1" />
      <Word Text="Publisher" Rect="109,180,59,20" ID="2" />
    </Block>
    <Block ID="5" Folio="True">
      <Word Text="1" Rect="456,98,8,20" ID="0" />
    </Block>
  </Page>
  <Page PageIndex="5">
    <Block ID="0">
      <Word Text="ne" Rect="186,291,30,33" ID="0" />
      <Word Text="berry" Rect="225,291,67,33" ID="1" />
      <Word Text="Two" Rect="164,326,52,33" ID="2" />
      <Word Text="berry" Rect="224,326,67,33" ID="3" />
      <Word Text="Pick" Rect="164,361,52,33" ID="4" />
      <Word Text="me" Rect="224,361,39,33" ID="5" />
      <Word Text="a" Rect="272,361,15,33" ID="6" />
      <Word Text="blueberry" Rect="295,361,120,33" ID="7" />
    </Block>
  </Page>
  <Page PageIndex="6" />
  <Page PageIndex="7">
    <Block ID="0">
      <Word Text="Hatberry" Rect="186,183,109,33" ID="0" />
      <Word Text="Shoeberry" Rect="186,218,129,33" ID="1" />
      <Word Text="In" Rect="186,253,24,33" ID="2" />
      <Word Text="my" Rect="218,253,41,33" ID="3" />
      <Word Text="canoeberry" Rect="267,253,142,33" ID="4" />
    </Block>
  </Page>
  <Page PageIndex="8" />
  <Page PageIndex="9">
    <Block ID="0">
      <Word Text="Under" Rect="102,510,73,33" ID="0" />
      <Word Text="the" Rect="184,510,39,33" ID="1" />
      <Word Text="bridge" Rect="232,510,80,33" ID="2" />
      <Word Text="And" Rect="102,545,48,33" ID="3" />
      <Word Text="over" Rect="158,545,55,33" ID="4" />
      <Word Text="the" Rect="221,545,39,33" ID="5" />
      <Word Text="dam" Rect="269,545,55,33" ID="6" />
      <Word Text="Looking" Rect="102,580,101,33" ID="7" />
      <Word Text="for" Rect="211,580,35,33" ID="8" />
      <Word Text="berries" Rect="254,580,86,33" ID="9" />
      <Word Text="Berries" Rect="102,615,87,33" ID="10" />
      <Word Text="for" Rect="197,615,35,33" ID="11" />
      <Word Text="jam" Rect="241,615,47,33" ID="12" />
    </Block>
  </Page>
  <Page PageIndex="10" />
  <Page PageIndex="11" />
  <Page PageIndex="12" />
  <Page PageIndex="13">
    <Block ID="0">
      <Word Text="Three" Rect="105,84,68,33" ID="0" />
      <Word Text="berry" Rect="182,84,67,33" ID="1" />
      <Word Text="Four" Rect="105,119,55,33" ID="2" />
      <Word Text="berry" Rect="169,119,67,33" ID="3" />
      <Word Text="Hayberry" Rect="105,154,116,33" ID="4" />
      <Word Text="Strawberry" Rect="105,189,139,33" ID="5" />
    </Block>
  </Page>
  <Page PageIndex="14">
    <Block ID="0">
      <Word Text="Finger" Rect="169,611,79,33" ID="0" />
      <Word Text="and" Rect="256,611,46,33" ID="1" />
      <Word Text="pawberry" Rect="311,611,120,33" ID="2" />
      <Word Text="My" Rect="169,645,36,33" ID="3" />
      <Word Text="berry," Rect="214,645,73,33" ID="4" />
      <Word Text="your" Rect="296,645,58,33" ID="5" />
      <Word Text="berry" Rect="362,645,67,33" ID="6" />
    </Block>
  </Page>
  <Page PageIndex="15">
    <Block ID="0">
      <Word Text="Strawberry" Rect="167,149,139,33" ID="0" />
      <Word Text="ponies" Rect="315,149,83,33" ID="1" />
      <Word Text="Strawberry" Rect="167,184,139,33" ID="2" />
      <Word Text="lambs" Rect="315,184,75,33" ID="3" />
      <Word Text="Dancing" Rect="167,219,102,33" ID="4" />
      <Word Text="in" Rect="277,219,23,33" ID="5" />
      <Word Text="meadows" Rect="309,219,122,33" ID="6" />
      <Word Text="Of" Rect="167,254,29,33" ID="7" />
      <Word Text="strawberry" Rect="204,254,137,33" ID="8" />
      <Word Text="jam" Rect="349,254,47,33" ID="9" />
    </Block>
  </Page>
  <Page PageIndex="16" />
  <Page PageIndex="17" />
  <Page PageIndex="18">
    <Block ID="0">
      <Word Text="Quickberry!" Rect="155,235,147,33" ID="0" />
      <Word Text="Quackberry!" Rect="155,270,155,33" ID="1" />
      <Word Text="Pick" Rect="155,305,52,33" ID="2" />
      <Word Text="me" Rect="215,305,39,33" ID="3" />
      <Word Text="a" Rect="263,305,15,33" ID="4" />
      <Word Text="blackberry!" Rect="286,305,142,33" ID="5" />
    </Block>
  </Page>
  <Page PageIndex="19">
    <Block ID="0">
      <Word Text="Trainberry" Rect="177,183,127,33" ID="0" />
      <Word Text="Trackberry" Rect="177,218,133,33" ID="1" />
      <Word Text="Clickety-clackberry" Rect="177,253,242,33" ID="2" />
    </Block>
  </Page>
  <Page PageIndex="20" />
  <Page PageIndex="21" />
  <Page PageIndex="22">
    <Block ID="0">
      <Word Text="Rumble" Rect="229,111,95,33" ID="0" />
      <Word Text="and" Rect="333,111,46,33" ID="1" />
      <Word Text="ramble" Rect="388,111,87,33" ID="2" />
      <Word Text="In" Rect="229,146,24,33" ID="3" />
      <Word Text="blackberry" Rect="262,146,134,33" ID="4" />
      <Word Text="bramble" Rect="404,146,103,33" ID="5" />
      <Word Text="Billions" Rect="229,181,91,33" ID="6" />
      <Word Text="of" Rect="329,181,24,33" ID="7" />
      <Word Text="berries" Rect="362,181,86,33" ID="8" />
      <Word Text="For" Rect="229,215,39,33" ID="9" />
      <Word Text="blackberry" Rect="277,215,134,33" ID="10" />
      <Word Text="jamble" Rect="420,215,84,33" ID="11" />
    </Block>
  </Page>
  <Page PageIndex="23">
    <Block ID="0">
      <Word Text="Raspberry" Rect="151,209,127,33" ID="0" />
      <Word Text="Jazzberry" Rect="151,244,120,33" ID="1" />
      <Word Text="Razzamatazzberry" Rect="151,279,228,33" ID="2" />
      <Word Text="Berryband" Rect="151,314,131,33" ID="3" />
      <Word Text="Merryband" Rect="151,349,134,33" ID="4" />
      <Word Text="Jamming" Rect="151,384,116,33" ID="5" />
      <Word Text="in" Rect="276,384,23,33" ID="6" />
      <Word Text="Berryland" Rect="308,384,122,33" ID="7" />
    </Block>
  </Page>
  <Page PageIndex="24" />
  <Page PageIndex="25">
    <Block ID="0">
      <Word Text="Raspberry" Rect="188,127,127,33" ID="0" />
      <Word Text="rabbits" Rect="324,127,86,33" ID="1" />
      <Word Text="Brassberry" Rect="188,161,135,33" ID="2" />
      <Word Text="band" Rect="331,161,62,33" ID="3" />
      <Word Text="Elephants" Rect="188,196,122,33" ID="4" />
      <Word Text="skating" Rect="318,196,91,33" ID="5" />
      <Word Text="On" Rect="188,231,36,33" ID="6" />
      <Word Text="raspberry" Rect="233,231,120,33" ID="7" />
      <Word Text="jam" Rect="362,231,47,33" ID="8" />
    </Block>
  </Page>
  <Page PageIndex="26" />
  <Page PageIndex="27">
    <Block ID="0">
      <Word Text="Moonberry" Rect="112,141,136,33" ID="0" />
      <Word Text="Starberry" Rect="112,176,116,33" ID="1" />
      <Word Text="Cloudberry" Rect="112,211,139,33" ID="2" />
      <Word Text="sky" Rect="260,211,44,33" ID="3" />
    </Block>
  </Page>
  <Page PageIndex="28">
    <Block ID="0">
      <Word Text="Boomberry" Rect="237,584,141,33" ID="0" />
      <Word Text="Zoomberry" Rect="237,618,138,33" ID="1" />
      <Word Text="Rockets" Rect="237,653,98,33" ID="2" />
      <Word Text="shoot" Rect="343,653,70,33" ID="3" />
      <Word Text="by" Rect="422,653,32,33" ID="4" />
    </Block>
  </Page>
  <Page PageIndex="29">
    <Block ID="0">
      <Word Text="Mountains" Rect="153,254,128,33" ID="0" />
      <Word Text="and" Rect="289,254,46,33" ID="1" />
      <Word Text="fountains" Rect="344,254,116,33" ID="2" />
      <Word Text="Rain" Rect="153,289,55,33" ID="3" />
      <Word Text="down" Rect="216,289,71,33" ID="4" />
      <Word Text="on" Rect="296,289,32,33" ID="5" />
      <Word Text="me" Rect="336,289,39,33" ID="6" />
      <Word Text="Buried" Rect="153,324,81,33" ID="7" />
      <Word Text="in" Rect="243,324,23,33" ID="8" />
      <Word Text="berries" Rect="274,324,86,33" ID="9" />
      <Word Text="What" Rect="153,359,61,33" ID="10" />
      <Word Text="a" Rect="222,359,15,33" ID="11" />
      <Word Text="jam" Rect="245,359,47,33" ID="12" />
      <Word Text="jamboree!" Rect="301,359,125,33" ID="13" />
    </Block>
  </Page>
  <Page PageIndex="30" />
  <Page PageIndex="31">
    <Block ID="0">
      <Word Text="Copyright" Rect="225,52,127,36" ID="0" />
    </Block>
    <Block ID="1">
      <Word Text="JAMBERRY." Rect="42,119,70,20" ID="0" />
      <Word Text="Copyright" Rect="120,119,64,20" ID="1" />
      <Word Text="©" Rect="191,119,12,20" ID="2" />
      <Word Text="1983," Rect="210,119,35,20" ID="3" />
      <Word Text="2000" Rect="252,119,31,20" ID="4" />
      <Word Text="by" Rect="291,119,16,20" ID="5" />
      <Word Text="Bruce" Rect="313,119,38,20" ID="6" />
      <Word Text="Degen." Rect="358,119,45,20" ID="7" />
      <Word Text="All" Rect="410,119,20,20" ID="8" />
      <Word Text="rights" Rect="437,119,36,20" ID="9" />
      <Word Text="reserved" Rect="480,119,53,20" ID="10" />
      <Word Text="under" Rect="42,137,36,20" ID="11" />
      <Word Text="International" Rect="84,137,81,20" ID="12" />
      <Word Text="and" Rect="171,137,23,20" ID="13" />
      <Word Text="Pan-American" Rect="199,137,91,20" ID="14" />
      <Word Text="Copyright" Rect="296,137,64,20" ID="15" />
      <Word Text="Conventions." Rect="366,137,83,20" ID="16" />
      <Word Text="By" Rect="455,137,18,20" ID="17" />
      <Word Text="payment" Rect="479,137,54,20" ID="18" />
      <Word Text="of" Rect="42,156,13,20" ID="19" />
      <Word Text="the" Rect="66,156,19,20" ID="20" />
      <Word Text="required" Rect="96,156,53,20" ID="21" />
      <Word Text="fees," Rect="159,156,29,20" ID="22" />
      <Word Text="you" Rect="199,156,24,20" ID="23" />
      <Word Text="have" Rect="233,156,30,20" ID="24" />
      <Word Text="been" Rect="274,156,30,20" ID="25" />
      <Word Text="granted" Rect="314,156,47,20" ID="26" />
      <Word Text="the" Rect="372,156,19,20" ID="27" />
      <Word Text="non-exclusive," Rect="402,156,92,20" ID="28" />
      <Word Text="non-" Rect="505,156,29,20" ID="29" />
      <Word Text="transferable" Rect="42,174,74,20" ID="30" />
      <Word Text="right" Rect="121,174,30,20" ID="31" />
      <Word Text="to" Rect="155,174,12,20" ID="32" />
      <Word Text="access" Rect="171,174,40,20" ID="33" />
      <Word Text="and" Rect="215,174,23,20" ID="34" />
      <Word Text="read" Rect="242,174,27,20" ID="35" />
      <Word Text="the" Rect="273,174,19,20" ID="36" />
      <Word Text="text" Rect="297,174,24,20" ID="37" />
      <Word Text="of" Rect="324,174,13,20" ID="38" />
      <Word Text="this" Rect="342,174,23,20" ID="39" />
      <Word Text="e-book" Rect="369,174,44,20" ID="40" />
      <Word Text="on-screen." Rect="416,174,65,20" ID="41" />
      <Word Text="No" Rect="486,174,19,20" ID="42" />
      <Word Text="part" Rect="509,174,25,20" ID="43" />
      <Word Text="of" Rect="42,192,13,20" ID="44" />
      <Word Text="this" Rect="65,192,23,20" ID="45" />
      <Word Text="text" Rect="98,192,24,20" ID="46" />
      <Word Text="may" Rect="131,192,27,20" ID="47" />
      <Word Text="be" Rect="167,192,15,20" ID="48" />
      <Word Text="reproduced," Rect="192,192,75,20" ID="49" />
      <Word Text="transmitted," Rect="276,192,75,20" ID="50" />
      <Word Text="down-loaded," Rect="361,192,86,20" ID="51" />
      <Word Text="decompiled," Rect="456,192,77,20" ID="52" />
      <Word Text="reverse" Rect="42,210,46,20" ID="53" />
      <Word Text="engineered," Rect="94,210,73,20" ID="54" />
      <Word Text="or" Rect="173,210,13,20" ID="55" />
      <Word Text="stored" Rect="192,210,38,20" ID="56" />
      <Word Text="in" Rect="237,210,12,20" ID="57" />
      <Word Text="or" Rect="255,210,13,20" ID="58" />
      <Word Text="introduced" Rect="275,210,67,20" ID="59" />
      <Word Text="into" Rect="348,210,24,20" ID="60" />
      <Word Text="any" Rect="379,210,23,20" ID="61" />
      <Word Text="information" Rect="408,210,74,20" ID="62" />
      <Word Text="storage" Rect="488,210,45,20" ID="63" />
      <Word Text="and" Rect="42,228,23,20" ID="64" />
      <Word Text="retrieval" Rect="72,228,52,20" ID="65" />
      <Word Text="system," Rect="131,228,47,20" ID="66" />
      <Word Text="in" Rect="186,228,12,20" ID="67" />
      <Word Text="any" Rect="205,228,23,20" ID="68" />
      <Word Text="form" Rect="234,228,31,20" ID="69" />
      <Word Text="or" Rect="271,228,13,20" ID="70" />
      <Word Text="by" Rect="291,228,16,20" ID="71" />
      <Word Text="any" Rect="314,228,23,20" ID="72" />
      <Word Text="means," Rect="343,228,44,20" ID="73" />
      <Word Text="whether" Rect="394,228,51,20" ID="74" />
      <Word Text="electronic" Rect="452,228,62,20" ID="75" />
      <Word Text="or" Rect="520,228,13,20" ID="76" />
      <Word Text="mechanical," Rect="42,246,75,20" ID="77" />
      <Word Text="now" Rect="123,246,27,20" ID="78" />
      <Word Text="known" Rect="155,246,43,20" ID="79" />
      <Word Text="or" Rect="204,246,13,20" ID="80" />
      <Word Text="hereinafter" Rect="222,246,68,20" ID="81" />
      <Word Text="invented," Rect="295,246,58,20" ID="82" />
      <Word Text="without" Rect="358,246,48,20" ID="83" />
      <Word Text="the" Rect="412,246,19,20" ID="84" />
      <Word Text="express" Rect="436,246,47,20" ID="85" />
      <Word Text="written" Rect="489,246,45,20" ID="86" />
      <Word Text="permission" Rect="42,264,69,20" ID="87" />
      <Word Text="of" Rect="115,264,13,20" ID="88" />
      <Word Text="HarperCollins" Rect="132,264,89,20" ID="89" />
      <Word Text="e-books." Rect="226,264,54,20" ID="90" />
    </Block>
    <Block ID="2">
      <Word Text="Adobe" Rect="42,300,42,20" ID="0" />
      <Word Text="Acrobat" Rect="88,300,51,20" ID="1" />
      <Word Text="eBook" Rect="143,300,41,20" ID="2" />
      <Word Text="Reader" Rect="188,300,44,20" ID="3" />
      <Word Text="June" Rect="237,300,29,20" ID="4" />
      <Word Text="2009" Rect="269,300,31,20" ID="5" />
      <Word Text="ISBN" Rect="42,318,36,20" ID="6" />
      <Word Text="978-0-06-196037-6" Rect="82,318,123,20" ID="7" />
    </Block>
    <Block ID="3">
      <Word Text="10" Rect="42,355,16,20" ID="0" />
      <Word Text="987654321" Rect="62,355,102,20" ID="1" />
    </Block>
  </Page>
  <Page PageIndex="32">
    <Block ID="0">
      <Word Text="About" Rect="105,194,40,18" ID="0" />
      <Word Text="the" Rect="148,194,21,18" ID="1" />
      <Word Text="Publisher" Rect="173,194,61,18" ID="2" />
    </Block>
    <Block ID="1">
      <Word Text="Australia" Rect="105,232,50,15" ID="0" />
      <Word Text="HarperCollins" Rect="105,250,75,15" ID="1" />
      <Word Text="Publishers" Rect="183,250,53,15" ID="2" />
      <Word Text="(Australia)" Rect="239,250,55,15" ID="3" />
      <Word Text="Pty." Rect="297,250,20,15" ID="4" />
      <Word Text="Ltd." Rect="320,250,22,15" ID="5" />
      <Word Text="25" Rect="105,268,12,15" ID="6" />
      <Word Text="Ryde" Rect="120,268,27,15" ID="7" />
      <Word Text="Road" Rect="150,268,27,15" ID="8" />
      <Word Text="(PO" Rect="181,268,22,15" ID="9" />
      <Word Text="Box" Rect="206,268,21,15" ID="10" />
      <Word Text="321)" Rect="230,268,22,15" ID="11" />
      <Word Text="Pymble," Rect="105,286,42,15" ID="12" />
      <Word Text="NSW" Rect="151,286,29,15" ID="13" />
      <Word Text="2073," Rect="182,286,27,15" ID="14" />
      <Word Text="Australia" Rect="213,286,47,15" ID="15" />
      <Word Text="http://www.harpercollinsebooks.com.au" Rect="105,304,207,15" ID="16" />
    </Block>
    <Block ID="2">
      <Word Text="Canada" Rect="105,340,41,15" ID="0" />
      <Word Text="HarperCollins" Rect="105,358,75,15" ID="1" />
      <Word Text="Publishers" Rect="183,358,53,15" ID="2" />
      <Word Text="Ltd." Rect="239,358,22,15" ID="3" />
      <Word Text="55" Rect="105,376,12,15" ID="4" />
      <Word Text="Avenue" Rect="120,376,38,15" ID="5" />
      <Word Text="Road," Rect="162,376,30,15" ID="6" />
      <Word Text="Suite" Rect="195,376,25,15" ID="7" />
      <Word Text="2900" Rect="224,376,24,15" ID="8" />
      <Word Text="Toronto," Rect="105,394,45,15" ID="9" />
      <Word Text="ON," Rect="153,394,24,15" ID="10" />
      <Word Text="M5R," Rect="181,394,29,15" ID="11" />
      <Word Text="3L2," Rect="213,394,23,15" ID="12" />
      <Word Text="Canada" Rect="239,394,39,15" ID="13" />
      <Word Text="http://www.harpercollinsebooks.ca" Rect="105,412,180,15" ID="14" />
    </Block>
    <Block ID="3">
      <Word Text="New" Rect="105,447,25,15" ID="0" />
      <Word Text="Zealand" Rect="134,447,43,15" ID="1" />
      <Word Text="HarperCollinsPublishers" Rect="105,465,128,15" ID="2" />
      <Word Text="(New" Rect="236,465,29,15" ID="3" />
      <Word Text="Zealand)" Rect="269,465,45,15" ID="4" />
      <Word Text="Limited" Rect="316,465,41,15" ID="5" />
      <Word Text="P.O." Rect="105,483,22,15" ID="6" />
      <Word Text="Box" Rect="131,483,21,15" ID="7" />
      <Word Text="1" Rect="155,483,6,15" ID="8" />
      <Word Text="Auckland," Rect="105,501,53,15" ID="9" />
      <Word Text="New" Rect="161,501,25,15" ID="10" />
      <Word Text="Zealand" Rect="190,501,41,15" ID="11" />
      <Word Text="http://www.harpercollins.co.nz" Rect="105,519,161,15" ID="12" />
    </Block>
    <Block ID="4">
      <Word Text="United" Rect="105,555,37,15" ID="0" />
      <Word Text="Kingdom" Rect="146,555,51,15" ID="1" />
      <Word Text="HarperCollins" Rect="105,573,75,15" ID="2" />
      <Word Text="Publishers" Rect="183,573,53,15" ID="3" />
      <Word Text="Ltd." Rect="239,573,22,15" ID="4" />
      <Word Text="77-85" Rect="105,591,29,15" ID="5" />
      <Word Text="Fulham" Rect="137,591,39,15" ID="6" />
      <Word Text="Palace" Rect="179,591,32,15" ID="7" />
      <Word Text="Road" Rect="215,591,27,15" ID="8" />
      <Word Text="London," Rect="105,609,44,15" ID="9" />
      <Word Text="W6" Rect="153,609,18,15" ID="10" />
      <Word Text="8JB," Rect="174,609,21,15" ID="11" />
      <Word Text="UK" Rect="198,609,19,15" ID="12" />
      <Word Text="http://www.harpercollinsebooks.co.uk" Rect="105,627,198,15" ID="13" />
    </Block>
    <Block ID="5">
      <Word Text="United" Rect="105,663,37,15" ID="0" />
      <Word Text="States" Rect="146,663,32,15" ID="1" />
      <Word Text="HarperCollins" Rect="105,681,75,15" ID="2" />
      <Word Text="Publishers" Rect="183,681,53,15" ID="3" />
      <Word Text="Inc." Rect="239,681,20,15" ID="4" />
      <Word Text="10" Rect="105,699,12,15" ID="5" />
      <Word Text="East" Rect="120,699,22,15" ID="6" />
      <Word Text="53rd" Rect="145,699,23,15" ID="7" />
      <Word Text="Street" Rect="172,699,29,15" ID="8" />
      <Word Text="New" Rect="105,717,25,15" ID="9" />
      <Word Text="York," Rect="134,717,29,15" ID="10" />
      <Word Text="NY" Rect="166,717,19,15" ID="11" />
      <Word Text="10022" Rect="188,717,30,15" ID="12" />
      <Word Text="http://www.harpercollinsebooks.com" Rect="105,735,192,15" ID="13" />
    </Block>
  </Page>
</Pages>