﻿<?xml version="1.0" encoding="utf-8"?>
<Flow Name="f0">
  <Paragraph>
    <Words Start="0" End="3" Block="0" Page="2" />
  </Paragraph>
  <Paragraph>
    <Words Start="4" End="4" Block="0" Page="2" />
    <Words Start="0" End="1" Block="1" Page="2" />
  </Paragraph>
  <Paragraph>
    <Words Start="2" End="2" Block="1" Page="2" />
  </Paragraph>
  <Paragraph>
    <Words Start="0" End="3" Block="0" Page="3" />
  </Paragraph>
  <Paragraph>
    <Words Start="4" End="4" Block="0" Page="3" />
  </Paragraph>
  <Paragraph>
    <Words Start="0" End="63" Block="1" Page="3" />
  </Paragraph>
  <Paragraph>
    <Words Start="64" End="126" Block="1" Page="3" />
  </Paragraph>
  <Paragraph>
    <Words Block="0" Page="4" />
  </Paragraph>
  <Paragraph>
    <Words Block="0" Page="5" />
  </Paragraph>
  <Paragraph>
    <Words Block="0" Page="6" />
  </Paragraph>
  <Paragraph>
    <Words Block="0" Page="7" />
  </Paragraph>
  <Paragraph>
    <Words Start="0" End="6" Block="0" Page="8" />
  </Paragraph>
  <Paragraph>
    <Words Start="7" End="7" Block="0" Page="8" />
  </Paragraph>
  <Paragraph>
    <Words Start="8" End="38" Block="0" Page="8" />
  </Paragraph>
  <Paragraph>
    <Words Block="1" Page="8" />
  </Paragraph>
  <Paragraph>
    <Words Block="0" Page="9" />
  </Paragraph>
  <Paragraph>
    <Words Block="0" Page="10" />
  </Paragraph>
  <Paragraph>
    <Words Block="0" Page="11" />
    <Words Block="0" Page="12" />
  </Paragraph>
  <Paragraph>
    <Words Block="0" Page="13" />
  </Paragraph>
  <Paragraph>
    <Words Block="0" Page="14" />
  </Paragraph>
  <Paragraph>
    <Words Block="0" Page="15" />
  </Paragraph>
  <Paragraph>
    <Words Block="0" Page="16" />
  </Paragraph>
  <Paragraph>
    <Words Block="0" Page="17" />
    <Words Start="0" End="26" Block="0" Page="18" />
  </Paragraph>
  <Paragraph>
    <Words Start="27" End="27" Block="0" Page="18" />
  </Paragraph>
  <Paragraph>
    <Words Block="0" Page="19" />
  </Paragraph>
  <Paragraph>
    <Words Block="0" Page="20" />
  </Paragraph>
  <Paragraph>
    <Words Block="0" Page="21" />
  </Paragraph>
  <Paragraph>
    <Words Block="0" Page="22" />
  </Paragraph>
  <Paragraph>
    <Words Block="0" Page="23" />
  </Paragraph>
  <Paragraph>
    <Words Block="0" Page="24" />
  </Paragraph>
  <Paragraph>
    <Words Block="0" Page="25" />
  </Paragraph>
  <Paragraph>
    <Words Start="0" End="43" Block="0" Page="27" />
  </Paragraph>
  <Paragraph>
    <Words Start="44" End="44" Block="0" Page="27" />
  </Paragraph>
  <Paragraph>
    <Words Block="0" Page="28" />
  </Paragraph>
  <Paragraph>
    <Words Block="0" Page="29" />
  </Paragraph>
  <Paragraph>
    <Words Block="0" Page="30" />
  </Paragraph>
  <Paragraph>
    <Words Block="0" Page="31" />
  </Paragraph>
  <Paragraph>
    <Words Block="0" Page="32" />
  </Paragraph>
  <Paragraph>
    <Words Block="0" Page="33" />
  </Paragraph>
  <Paragraph>
    <Words Start="0" End="0" Block="1" Page="33" />
  </Paragraph>
  <Paragraph>
    <Words Start="1" End="1" Block="1" Page="33" />
  </Paragraph>
  <Paragraph>
    <Words Start="0" End="4" Block="0" Page="34" />
  </Paragraph>
  <Paragraph>
    <Words Start="5" End="5" Block="0" Page="34" />
  </Paragraph>
  <Paragraph>
    <Words Start="0" End="96" Block="1" Page="34" />
  </Paragraph>
  <Paragraph>
    <Words Start="97" End="161" Block="1" Page="34" />
  </Paragraph>
  <Paragraph>
    <Words Start="162" End="169" Block="1" Page="34" />
  </Paragraph>
  <Paragraph>
    <Words Start="170" End="184" Block="1" Page="34" />
  </Paragraph>
  <Paragraph>
    <Words Start="185" End="186" Block="1" Page="34" />
  </Paragraph>
  <Paragraph>
    <Words Start="187" End="193" Block="1" Page="34" />
  </Paragraph>
  <Paragraph>
    <Words Start="194" End="286" Block="1" Page="34" />
  </Paragraph>
  <Paragraph>
    <Words Start="287" End="311" Block="1" Page="34" />
    <Words Start="0" End="34" Block="0" Page="35" />
  </Paragraph>
  <Paragraph>
    <Words Start="35" End="122" Block="0" Page="35" />
  </Paragraph>
  <Paragraph>
    <Words Start="123" End="197" Block="0" Page="35" />
  </Paragraph>
  <Paragraph>
    <Words Start="198" End="270" Block="0" Page="35" />
  </Paragraph>
  <Paragraph>
    <Words Start="271" End="326" Block="0" Page="35" />
  </Paragraph>
  <Paragraph>
    <Words Start="0" End="40" Block="1" Page="35" />
  </Paragraph>
  <Paragraph>
    <Words Start="41" End="41" Block="1" Page="35" />
  </Paragraph>
</Flow>